{
    "_system_object_id": 112731,
    "_tags": [
        {
            "_id": 19,
            "_name": {
                "de-DE": "Select Isler Project",
                "en-US": "Select Isler Project"
            }
        },
        {
            "_id": 91,
            "_name": {
                "de-DE": "Œuvres",
                "en-US": "Œuvres"
            }
        },
        {
            "_id": 53,
            "_name": {
                "de-DE": "Hierarchy ok!",
                "en-US": "Hierarchy ok!"
            }
        }
    ],
    "_exported_at": "2022-09-09T13:51:36+02:00",
    "oeu": {
        "oeu_import_missing_term_place": false,
        ":inner": [],
        "_id": 18087,
        "_nested:oeu__oeu_archive_exist_construct_places": [
            {
                "oeu_archive_exist_construct_place_v2": {
                    "_mask": "pl_display_short",
                    "_tags": [
                        {
                            "_id": 7
                        },
                        {
                            "_id": 176
                        }
                    ],
                    "_path": [
                        {
                            "_mask": "pl_display_short",
                            "_objecttype": "pl",
                            "_tags": [
                                {
                                    "_id": 136
                                },
                                {
                                    "_id": 176
                                }
                            ],
                            "_system_object_id": 95963,
                            "_format": "standard",
                            "_uuid": "6fcb97c3-7e11-4d53-a0ad-9e208766a986",
                            "pl": {
                                "_id": 29843,
                                "_id_parent": null,
                                "_version": 17
                            },
                            "_standard": {
                                "1": {
                                    "html": {
                                        "it-IT": "<span class=\"ez-output-1\"><span class=\"ez-format-space\">World</span><span class=\"ez-format-round-parentheses\">Facetten (kontrolliertes Vokabular)</span></span>",
                                        "de-DE": "<span class=\"ez-output-1\"><span class=\"ez-format-space\">World</span><span class=\"ez-format-round-parentheses\">Facetten (kontrolliertes Vokabular)</span></span>",
                                        "en-US": "<span class=\"ez-output-1\"><span class=\"ez-format-space\">World</span><span class=\"ez-format-round-parentheses\">facets (controlled vocabulary)</span></span>",
                                        "fr-FR": "<span class=\"ez-output-1\"><span class=\"ez-format-space\">World</span><span class=\"ez-format-round-parentheses\">Facetten (kontrolliertes Vokabular)</span></span>"
                                    },
                                    "text": {
                                        "it-IT": "World (Facetten (kontrolliertes Vokabular))",
                                        "de-DE": "World (Facetten (kontrolliertes Vokabular))",
                                        "en-US": "World (facets (controlled vocabulary))",
                                        "fr-FR": "World (Facetten (kontrolliertes Vokabular))"
                                    }
                                }
                            },
                            "_global_object_id": "95963@8ef36ec7-a3a5-4d62-acd5-1ee839f35aa5",
                            "_has_children": true
                        },
                        {
                            "_mask": "pl_display_short",
                            "_objecttype": "pl",
                            "_tags": [
                                {
                                    "_id": 23
                                },
                                {
                                    "_id": 136
                                },
                                {
                                    "_id": 143
                                },
                                {
                                    "_id": 148
                                },
                                {
                                    "_id": 176
                                }
                            ],
                            "_system_object_id": 97704,
                            "_format": "standard",
                            "_uuid": "f2419b9d-172f-4ffc-97ea-020272da7988",
                            "pl": {
                                "_id": 31584,
                                "_id_parent": 29843,
                                "_version": 26
                            },
                            "_standard": {
                                "1": {
                                    "html": {
                                        "it-IT": "<span class=\"ez-output-1\"><span class=\"ez-format-space\">Europe</span><span class=\"ez-format-round-parentheses\">Kontinent</span></span>",
                                        "de-DE": "<span class=\"ez-output-1\"><span class=\"ez-format-space\">Europe</span><span class=\"ez-format-round-parentheses\">Kontinent</span></span>",
                                        "en-US": "<span class=\"ez-output-1\"><span class=\"ez-format-space\">Europe</span><span class=\"ez-format-round-parentheses\">continents</span></span>",
                                        "fr-FR": "<span class=\"ez-output-1\"><span class=\"ez-format-space\">Europe</span><span class=\"ez-format-round-parentheses\">Kontinent</span></span>"
                                    },
                                    "text": {
                                        "it-IT": "Europe (Kontinent)",
                                        "de-DE": "Europe (Kontinent)",
                                        "en-US": "Europe (continents)",
                                        "fr-FR": "Europe (Kontinent)"
                                    }
                                }
                            },
                            "_global_object_id": "97704@8ef36ec7-a3a5-4d62-acd5-1ee839f35aa5",
                            "_has_children": true
                        },
                        {
                            "_mask": "pl_display_short",
                            "_objecttype": "pl",
                            "_tags": [
                                {
                                    "_id": 24
                                },
                                {
                                    "_id": 176
                                }
                            ],
                            "_system_object_id": 297859,
                            "_format": "standard",
                            "_uuid": "5d2dcfe8-033d-4e47-b014-cf8db88eacde",
                            "pl": {
                                "_id": 44788,
                                "_id_parent": 31584,
                                "_version": 13
                            },
                            "_standard": {
                                "1": {
                                    "html": {
                                        "it-IT": "<span class=\"ez-output-1\"><span class=\"ez-format-space\">Schweiz</span><span class=\"ez-format-round-parentheses\">Land</span></span>",
                                        "de-DE": "<span class=\"ez-output-1\"><span class=\"ez-format-space\">Schweiz</span><span class=\"ez-format-round-parentheses\">Land</span></span>",
                                        "en-US": "<span class=\"ez-output-1\"><span class=\"ez-format-space\">Schweiz</span><span class=\"ez-format-round-parentheses\">Country</span></span>",
                                        "fr-FR": "<span class=\"ez-output-1\"><span class=\"ez-format-space\">Schweiz</span><span class=\"ez-format-round-parentheses\">Land</span></span>"
                                    },
                                    "text": {
                                        "it-IT": "Schweiz (Land)",
                                        "de-DE": "Schweiz (Land)",
                                        "en-US": "Schweiz (Country)",
                                        "fr-FR": "Schweiz (Land)"
                                    }
                                }
                            },
                            "_global_object_id": "297859@8ef36ec7-a3a5-4d62-acd5-1ee839f35aa5",
                            "_has_children": true
                        },
                        {
                            "_mask": "pl_display_short",
                            "_objecttype": "pl",
                            "_tags": [
                                {
                                    "_id": 24
                                },
                                {
                                    "_id": 176
                                }
                            ],
                            "_system_object_id": 300259,
                            "_format": "standard",
                            "_uuid": "0d02f46a-a257-44aa-855f-b56c665b3e92",
                            "pl": {
                                "_id": 47188,
                                "_id_parent": 44788,
                                "_version": 12
                            },
                            "_standard": {
                                "1": {
                                    "html": {
                                        "it-IT": "<span class=\"ez-output-1\"><span class=\"ez-format-space\">Thurgau</span><span class=\"ez-format-round-parentheses\">Kanton</span></span>",
                                        "de-DE": "<span class=\"ez-output-1\"><span class=\"ez-format-space\">Thurgau</span><span class=\"ez-format-round-parentheses\">Kanton</span></span>",
                                        "en-US": "<span class=\"ez-output-1\"><span class=\"ez-format-space\">Thurgau</span><span class=\"ez-format-round-parentheses\">Canton</span></span>",
                                        "fr-FR": "<span class=\"ez-output-1\"><span class=\"ez-format-space\">Thurgau</span><span class=\"ez-format-round-parentheses\">Kanton</span></span>"
                                    },
                                    "text": {
                                        "it-IT": "Thurgau (Kanton)",
                                        "de-DE": "Thurgau (Kanton)",
                                        "en-US": "Thurgau (Canton)",
                                        "fr-FR": "Thurgau (Kanton)"
                                    }
                                }
                            },
                            "_global_object_id": "300259@8ef36ec7-a3a5-4d62-acd5-1ee839f35aa5",
                            "_has_children": true
                        },
                        {
                            "_mask": "pl_display_short",
                            "_objecttype": "pl",
                            "_tags": [
                                {
                                    "_id": 24
                                },
                                {
                                    "_id": 176
                                }
                            ],
                            "_system_object_id": 300266,
                            "_format": "standard",
                            "_uuid": "1442c813-03c3-41d0-91b3-fb29b290843a",
                            "pl": {
                                "_id": 47195,
                                "_id_parent": 47188,
                                "_version": 11
                            },
                            "_global_object_id": "300266@8ef36ec7-a3a5-4d62-acd5-1ee839f35aa5",
                            "_standard": {
                                "1": {
                                    "html": {
                                        "it-IT": "<span class=\"ez-output-1\"><span class=\"ez-format-space\">Frauenfeld</span><span class=\"ez-format-round-parentheses\">Bezirk</span></span>",
                                        "de-DE": "<span class=\"ez-output-1\"><span class=\"ez-format-space\">Frauenfeld</span><span class=\"ez-format-round-parentheses\">Bezirk</span></span>",
                                        "en-US": "<span class=\"ez-output-1\"><span class=\"ez-format-space\">Frauenfeld</span><span class=\"ez-format-round-parentheses\">District</span></span>",
                                        "fr-FR": "<span class=\"ez-output-1\"><span class=\"ez-format-space\">Frauenfeld</span><span class=\"ez-format-round-parentheses\">Bezirk</span></span>"
                                    },
                                    "text": {
                                        "it-IT": "Frauenfeld (Bezirk)",
                                        "de-DE": "Frauenfeld (Bezirk)",
                                        "en-US": "Frauenfeld (District)",
                                        "fr-FR": "Frauenfeld (Bezirk)"
                                    }
                                }
                            },
                            "_has_children": true
                        },
                        {
                            "_mask": "pl_display_short",
                            "_objecttype": "pl",
                            "_tags": [
                                {
                                    "_id": 24
                                },
                                {
                                    "_id": 176
                                }
                            ],
                            "_system_object_id": 300367,
                            "_format": "standard",
                            "_uuid": "71b945b1-6437-42fa-996c-7a6ece6c1dfd",
                            "pl": {
                                "_id": 47296,
                                "_id_parent": 47195,
                                "_version": 16
                            },
                            "_standard": {
                                "1": {
                                    "html": {
                                        "it-IT": "<span class=\"ez-output-1\"><span class=\"ez-format-space\">M&#xFC;llheim</span><span class=\"ez-format-round-parentheses\">Politische Gemeinde</span></span>",
                                        "de-DE": "<span class=\"ez-output-1\"><span class=\"ez-format-space\">M&#xFC;llheim</span><span class=\"ez-format-round-parentheses\">Politische Gemeinde</span></span>",
                                        "en-US": "<span class=\"ez-output-1\"><span class=\"ez-format-space\">M&#xFC;llheim</span><span class=\"ez-format-round-parentheses\">Municipality</span></span>",
                                        "fr-FR": "<span class=\"ez-output-1\"><span class=\"ez-format-space\">M&#xFC;llheim</span><span class=\"ez-format-round-parentheses\">Politische Gemeinde</span></span>"
                                    },
                                    "text": {
                                        "it-IT": "Müllheim (Politische Gemeinde)",
                                        "de-DE": "Müllheim (Politische Gemeinde)",
                                        "en-US": "Müllheim (Municipality)",
                                        "fr-FR": "Müllheim (Politische Gemeinde)"
                                    }
                                }
                            },
                            "_global_object_id": "300367@8ef36ec7-a3a5-4d62-acd5-1ee839f35aa5",
                            "_has_children": true
                        },
                        {
                            "_mask": "pl_display_short",
                            "_objecttype": "pl",
                            "_tags": [
                                {
                                    "_id": 7
                                },
                                {
                                    "_id": 176
                                }
                            ],
                            "_system_object_id": 651561,
                            "_format": "standard",
                            "_uuid": "4cadcfe7-40a8-461e-a772-c273f1853e94",
                            "pl": {
                                "_id": 109897,
                                "_id_parent": 47296,
                                "_version": 5
                            },
                            "_global_object_id": "651561@8ef36ec7-a3a5-4d62-acd5-1ee839f35aa5",
                            "_standard": {
                                "1": {
                                    "html": {
                                        "it-IT": "<span class=\"ez-output-1\"><span class=\"ez-format-space\">M&#xFC;llheim, Bahnhofstrasse</span><span class=\"ez-format-round-parentheses\">Stra&#xDF;e</span></span>",
                                        "de-DE": "<span class=\"ez-output-1\"><span class=\"ez-format-space\">M&#xFC;llheim, Bahnhofstrasse</span><span class=\"ez-format-round-parentheses\">Stra&#xDF;e</span></span>",
                                        "en-US": "<span class=\"ez-output-1\"><span class=\"ez-format-space\">M&#xFC;llheim, Bahnhofstrasse</span><span class=\"ez-format-round-parentheses\">roads</span></span>",
                                        "fr-FR": "<span class=\"ez-output-1\"><span class=\"ez-format-space\">M&#xFC;llheim, Bahnhofstrasse</span><span class=\"ez-format-round-parentheses\">Stra&#xDF;e</span></span>"
                                    },
                                    "text": {
                                        "it-IT": "Müllheim, Bahnhofstrasse (Straße)",
                                        "de-DE": "Müllheim, Bahnhofstrasse (Straße)",
                                        "en-US": "Müllheim, Bahnhofstrasse (roads)",
                                        "fr-FR": "Müllheim, Bahnhofstrasse (Straße)"
                                    }
                                }
                            },
                            "_has_children": false
                        }
                    ],
                    "_sort": {
                        "it-IT": "Müllheim, Bahnhofstrasse (Straße)                             World (Facetten (kontrolliertes Vokabular)) {29843} Europe (Kontinent) {31584} Schweiz (Land) {44788} Thurgau (Kanton) {47188} Frauenfeld (Bezirk) {47195} Müllheim (Politische Gemeinde) {47296} Müllheim, Bahnhofstrasse (Straße) {109897} ",
                        "de-DE": "Müllheim, Bahnhofstrasse (Straße)                             World (Facetten (kontrolliertes Vokabular)) {29843} Europe (Kontinent) {31584} Schweiz (Land) {44788} Thurgau (Kanton) {47188} Frauenfeld (Bezirk) {47195} Müllheim (Politische Gemeinde) {47296} Müllheim, Bahnhofstrasse (Straße) {109897} ",
                        "en-US": "Müllheim, Bahnhofstrasse (roads)                               World (facets (controlled vocabulary)) {29843} Europe (continents) {31584} Schweiz (Country) {44788} Thurgau (Canton) {47188} Frauenfeld (District) {47195} Müllheim (Municipality) {47296} Müllheim, Bahnhofstrasse (roads) {109897} ",
                        "fr-FR": "Müllheim, Bahnhofstrasse (Straße)                             World (Facetten (kontrolliertes Vokabular)) {29843} Europe (Kontinent) {31584} Schweiz (Land) {44788} Thurgau (Kanton) {47188} Frauenfeld (Bezirk) {47195} Müllheim (Politische Gemeinde) {47296} Müllheim, Bahnhofstrasse (Straße) {109897} "
                    },
                    "pl": {
                        "_pool": {
                            "pool": {
                                "name": {
                                    "de-DE": "gta Digital",
                                    "en-US": "gta Digital"
                                },
                                "_id": 4,
                                "_id_parent": 3
                            },
                            "_level": 3,
                            "_path": [
                                {
                                    "pool": {
                                        "name": {
                                            "de-DE": "Alle Pools",
                                            "en-US": "All pools"
                                        },
                                        "_id": 1
                                    },
                                    "_basetype": "pool"
                                },
                                {
                                    "pool": {
                                        "name": {
                                            "de-DE": "Reference Data",
                                            "en-US": "Reference Data"
                                        },
                                        "_id": 3,
                                        "_id_parent": 1
                                    },
                                    "_basetype": "pool"
                                },
                                {
                                    "pool": {
                                        "name": {
                                            "de-DE": "gta Digital",
                                            "en-US": "gta Digital"
                                        },
                                        "_id": 4,
                                        "_id_parent": 3
                                    },
                                    "_basetype": "pool"
                                }
                            ],
                            "_basetype": "pool"
                        },
                        "_id": 109897,
                        "_id_parent": 47296,
                        "_version": 5
                    },
                    "_global_object_id": "651561@8ef36ec7-a3a5-4d62-acd5-1ee839f35aa5",
                    "_standard": {
                        "1": {
                            "html": {
                                "it-IT": "<span class=\"ez-output-1\"><span class=\"ez-format-space\">M&#xFC;llheim, Bahnhofstrasse</span><span class=\"ez-format-round-parentheses\">Stra&#xDF;e</span></span>",
                                "de-DE": "<span class=\"ez-output-1\"><span class=\"ez-format-space\">M&#xFC;llheim, Bahnhofstrasse</span><span class=\"ez-format-round-parentheses\">Stra&#xDF;e</span></span>",
                                "en-US": "<span class=\"ez-output-1\"><span class=\"ez-format-space\">M&#xFC;llheim, Bahnhofstrasse</span><span class=\"ez-format-round-parentheses\">roads</span></span>",
                                "fr-FR": "<span class=\"ez-output-1\"><span class=\"ez-format-space\">M&#xFC;llheim, Bahnhofstrasse</span><span class=\"ez-format-round-parentheses\">Stra&#xDF;e</span></span>"
                            },
                            "text": {
                                "it-IT": "Müllheim, Bahnhofstrasse (Straße)",
                                "de-DE": "Müllheim, Bahnhofstrasse (Straße)",
                                "en-US": "Müllheim, Bahnhofstrasse (roads)",
                                "fr-FR": "Müllheim, Bahnhofstrasse (Straße)"
                            }
                        }
                    },
                    "_uuid": "4cadcfe7-40a8-461e-a772-c273f1853e94",
                    "_level": 7,
                    "_has_children": false,
                    "_system_object_id": 651561,
                    "_format": "standard",
                    "_objecttype": "pl"
                },
                "_standard": {}
            }
        ],
        "oeu_descr_legacy_chronology": "Vorprojekt 1996; ausgeführt 1996/1997",
        "oeu_nc_name": {
            "de-DE": "Südwestdeutsche Verkehrs-AG SWEG : Busbetriebshof Müllheim"
        },
        "oeu_descr_notes": "Büronummern: SB 10352, neu SB 481; Ablagenummer: 10018:421",
        "_id_parent": null,
        "_pool": {
            "pool": {
                "name": {
                    "de-DE": "gta Aarchives",
                    "en-US": "gta Archives"
                },
                "_id": 92,
                "_id_parent": 91
            },
            "_level": 5,
            "_path": [
                {
                    "pool": {
                        "name": {
                            "de-DE": "Alle Pools",
                            "en-US": "All pools"
                        },
                        "_id": 1
                    },
                    "_basetype": "pool"
                },
                {
                    "pool": {
                        "name": {
                            "de-DE": "Reference Data",
                            "en-US": "Reference Data"
                        },
                        "_id": 3,
                        "_id_parent": 1
                    },
                    "_basetype": "pool"
                },
                {
                    "pool": {
                        "name": {
                            "de-DE": "Generic",
                            "en-US": "Generic"
                        },
                        "_id": 90,
                        "_id_parent": 3
                    },
                    "_basetype": "pool"
                },
                {
                    "pool": {
                        "name": {
                            "de-DE": "gta Institute",
                            "en-US": "gta Institute"
                        },
                        "_id": 91,
                        "_id_parent": 90
                    },
                    "_basetype": "pool"
                },
                {
                    "pool": {
                        "name": {
                            "de-DE": "gta Aarchives",
                            "en-US": "gta Archives"
                        },
                        "_id": 92,
                        "_id_parent": 91
                    },
                    "_basetype": "pool"
                }
            ],
            "_basetype": "pool"
        },
        "oeu_descr_scientificcomment": {
            "de-DE": "Neubau Busbetriebshof, 2 Industrie-Schalen 30.87 x 31.68 m, 1956 m2. - Literatur: John Chilton: Heinz Isler. London 2000. S. 61-62. - Mittelbadische Presse, 8.1.1988"
        },
        "oeu_nc_type": {
            "_has_children": false,
            "_level": 1,
            "_system_object_id": 63559,
            "_mask": "oeu_type__all_fields",
            "oeu_nc_type": {
                ":inner": [],
                "_id_parent": null,
                "_id": 1,
                ":inner:all": [],
                "_version": 4
            },
            "_uuid": "a321550f-d644-4ebc-9e41-93bac85aded7",
            "_format": "standard",
            "_path": [
                {
                    "oeu_nc_type": {
                        ":inner": [],
                        "_id_parent": null,
                        "_id": 1,
                        ":inner:all": [],
                        "_version": 4
                    },
                    "_mask": "oeu_type__all_fields",
                    "_objecttype": "oeu_nc_type",
                    "_system_object_id": 63559,
                    "_uuid": "a321550f-d644-4ebc-9e41-93bac85aded7",
                    "_format": "standard",
                    "_has_children": false,
                    "_standard": {
                        "1": {
                            "html": {
                                "it-IT": "<span class=\"ez-output-1\"><span class=\"ez-format-comma\">Oeuvre</span></span>",
                                "de-DE": "<span class=\"ez-output-1\"><span class=\"ez-format-comma\">Oeuvre</span></span>",
                                "en-US": "<span class=\"ez-output-1\"><span class=\"ez-format-comma\">Oeuvre</span></span>",
                                "fr-FR": "<span class=\"ez-output-1\"><span class=\"ez-format-comma\">Oeuvre</span></span>"
                            },
                            "text": {
                                "it-IT": "Oeuvre",
                                "de-DE": "Oeuvre",
                                "en-US": "Oeuvre",
                                "fr-FR": "Oeuvre"
                            }
                        }
                    },
                    "_global_object_id": "63559@8ef36ec7-a3a5-4d62-acd5-1ee839f35aa5"
                }
            ],
            "_objecttype": "oeu_nc_type",
            "_sort": {
                "it-IT": "Oeuvre                                                          Oeuvre {1} ",
                "de-DE": "Oeuvre                                                          Oeuvre {1} ",
                "en-US": "Oeuvre                                                          Oeuvre {1} ",
                "fr-FR": "Oeuvre                                                          Oeuvre {1} "
            },
            "_global_object_id": "63559@8ef36ec7-a3a5-4d62-acd5-1ee839f35aa5",
            "_standard": {
                "1": {
                    "html": {
                        "it-IT": "<span class=\"ez-output-1\"><span class=\"ez-format-comma\">Oeuvre</span></span>",
                        "de-DE": "<span class=\"ez-output-1\"><span class=\"ez-format-comma\">Oeuvre</span></span>",
                        "en-US": "<span class=\"ez-output-1\"><span class=\"ez-format-comma\">Oeuvre</span></span>",
                        "fr-FR": "<span class=\"ez-output-1\"><span class=\"ez-format-comma\">Oeuvre</span></span>"
                    },
                    "text": {
                        "it-IT": "Oeuvre",
                        "de-DE": "Oeuvre",
                        "en-US": "Oeuvre",
                        "fr-FR": "Oeuvre"
                    }
                }
            }
        },
        "oeu_archive_exist_construct_timespan": {
            "_middle": "1996-12-31T11:59:59Z",
            "_from": "1996-01-01T00:00:00Z",
            "from": "1996",
            "to": "1997",
            "_to": "1997-12-31T23:59:59Z"
        },
        "oeu_import_missing_term_person": false,
        "oeu_descr_legacy_person": "Ingenieure: Heinz Isler, Theo Erb; Bauherr(en): Südwestdeutsche Verkehrs-AG SWEG (Lahr); Architekt: Rolf + Hotz",
        "oeu_import_uuid": "33F33991-63AA-434B-A1FC-8EEF6F002655",
        "oeu_import_uuid_hierarchical": "33F33991-63AA-434B-A1FC-8EEF6F002655",
        "oeu_archive_exist_construct_timespan_uncert": {
            "_level": 1,
            "_has_children": false,
            "_mask": "generic_uncert__all_fields",
            "generic_uncertainty": {
                ":inner": [],
                "_id_parent": null,
                "_id": 5,
                ":inner:all": [],
                "_version": 3
            },
            "_system_object_id": 111523,
            "_format": "standard",
            "_uuid": "21f7fea3-a95e-42d5-ad96-c41c918bcd97",
            "_path": [
                {
                    "_mask": "generic_uncert__all_fields",
                    "_objecttype": "generic_uncertainty",
                    "_system_object_id": 111523,
                    "_format": "standard",
                    "_uuid": "21f7fea3-a95e-42d5-ad96-c41c918bcd97",
                    "generic_uncertainty": {
                        ":inner": [],
                        "_id_parent": null,
                        "_id": 5,
                        ":inner:all": [],
                        "_version": 3
                    },
                    "_has_children": false,
                    "_standard": {
                        "1": {
                            "html": {
                                "it-IT": "<span class=\"ez-output-1\"><span class=\"ez-format-comma\">ungenau</span></span>",
                                "de-DE": "<span class=\"ez-output-1\"><span class=\"ez-format-comma\">ungenau</span></span>",
                                "en-US": "<span class=\"ez-output-1\"><span class=\"ez-format-comma\">imprecise</span></span>",
                                "fr-FR": "<span class=\"ez-output-1\"><span class=\"ez-format-comma\">ungenau</span></span>"
                            },
                            "text": {
                                "it-IT": "ungenau",
                                "de-DE": "ungenau",
                                "en-US": "imprecise",
                                "fr-FR": "ungenau"
                            }
                        }
                    },
                    "_global_object_id": "111523@8ef36ec7-a3a5-4d62-acd5-1ee839f35aa5"
                }
            ],
            "_objecttype": "generic_uncertainty",
            "_sort": {
                "it-IT": "ungenau                                                         ungenau {5} ",
                "de-DE": "ungenau                                                         ungenau {5} ",
                "en-US": "imprecise                                                       imprecise {5} ",
                "fr-FR": "ungenau                                                         ungenau {5} "
            },
            "_global_object_id": "111523@8ef36ec7-a3a5-4d62-acd5-1ee839f35aa5",
            "_standard": {
                "1": {
                    "html": {
                        "it-IT": "<span class=\"ez-output-1\"><span class=\"ez-format-comma\">ungenau</span></span>",
                        "de-DE": "<span class=\"ez-output-1\"><span class=\"ez-format-comma\">ungenau</span></span>",
                        "en-US": "<span class=\"ez-output-1\"><span class=\"ez-format-comma\">imprecise</span></span>",
                        "fr-FR": "<span class=\"ez-output-1\"><span class=\"ez-format-comma\">ungenau</span></span>"
                    },
                    "text": {
                        "it-IT": "ungenau",
                        "de-DE": "ungenau",
                        "en-US": "imprecise",
                        "fr-FR": "ungenau"
                    }
                }
            }
        },
        ":inner:all": [],
        "_version": 15,
        "oeu_descr_legacy_places": "Objektort: Bahnhofstrasse, Müllheim (Baden)",
        "_nested:oeu__oeu_archive_ar_creation": [
            {
                "oeu_archive_ar_creation_actor": {
                    "_mask": "act__shortest",
                    "act": {
                        "_pool": {
                            "pool": {
                                "name": {
                                    "de-DE": "Dataset B",
                                    "en-US": "Dataset B"
                                },
                                "_id": 32,
                                "_id_parent": 4
                            },
                            "_level": 4,
                            "_path": [
                                {
                                    "pool": {
                                        "name": {
                                            "de-DE": "Alle Pools",
                                            "en-US": "All pools"
                                        },
                                        "_id": 1
                                    },
                                    "_basetype": "pool"
                                },
                                {
                                    "pool": {
                                        "name": {
                                            "de-DE": "Reference Data",
                                            "en-US": "Reference Data"
                                        },
                                        "_id": 3,
                                        "_id_parent": 1
                                    },
                                    "_basetype": "pool"
                                },
                                {
                                    "pool": {
                                        "name": {
                                            "de-DE": "gta Digital",
                                            "en-US": "gta Digital"
                                        },
                                        "_id": 4,
                                        "_id_parent": 3
                                    },
                                    "_basetype": "pool"
                                },
                                {
                                    "pool": {
                                        "name": {
                                            "de-DE": "Dataset B",
                                            "en-US": "Dataset B"
                                        },
                                        "_id": 32,
                                        "_id_parent": 4
                                    },
                                    "_basetype": "pool"
                                }
                            ],
                            "_basetype": "pool"
                        },
                        "_id": 28184,
                        "_id_parent": null,
                        "_version": 28
                    },
                    "_tags": [
                        {
                            "_id": 31
                        },
                        {
                            "_id": 77
                        },
                        {
                            "_id": 88
                        },
                        {
                            "_id": 176
                        }
                    ],
                    "_path": [
                        {
                            "_system_object_id": 54908,
                            "act": {
                                "_id": 28184,
                                "_id_parent": null,
                                "_version": 28
                            },
                            "_tags": [
                                {
                                    "_id": 31
                                },
                                {
                                    "_id": 77
                                },
                                {
                                    "_id": 88
                                },
                                {
                                    "_id": 176
                                }
                            ],
                            "_mask": "act__shortest",
                            "_format": "standard",
                            "_objecttype": "act",
                            "_uuid": "40c02a93-9a52-482a-9175-9b1a1eb7cbfd",
                            "_has_children": false,
                            "_standard": {
                                "1": {
                                    "html": {
                                        "it-IT": "<span class=\"ez-output-1\"><span class=\"ez-format-space\">Isler, Heinz</span><span class=\"ez-format-square-brackets\">Isler, Heinz</span><span class=\"ez-format-round-parentheses\">Schweizer Ingenieur, geboren 1926</span><span class=\"ez-format-round-parentheses\">Swiss engineer, born 1926</span></span>",
                                        "de-DE": "<span class=\"ez-output-1\"><span class=\"ez-format-space\">Isler, Heinz</span><span class=\"ez-format-round-parentheses\">Schweizer Bauingenieur, 1926-2009</span><span class=\"ez-format-square-brackets\">Isler, Heinz</span><span class=\"ez-format-round-parentheses\">Schweizer Ingenieur, geboren 1926</span><span class=\"ez-format-round-parentheses\">Swiss engineer, born 1926</span></span>",
                                        "en-US": "<span class=\"ez-output-1\"><span class=\"ez-format-space\">Isler, Heinz</span><span class=\"ez-format-square-brackets\">Isler, Heinz</span><span class=\"ez-format-round-parentheses\">Schweizer Ingenieur, geboren 1926</span><span class=\"ez-format-round-parentheses\">Swiss engineer, born 1926</span></span>",
                                        "fr-FR": "<span class=\"ez-output-1\"><span class=\"ez-format-space\">Isler, Heinz</span><span class=\"ez-format-square-brackets\">Isler, Heinz</span><span class=\"ez-format-round-parentheses\">Schweizer Ingenieur, geboren 1926</span><span class=\"ez-format-round-parentheses\">Swiss engineer, born 1926</span></span>"
                                    },
                                    "text": {
                                        "it-IT": "Isler, Heinz [Isler, Heinz] (Schweizer Ingenieur, geboren 1926) (Swiss engineer, born 1926)",
                                        "de-DE": "Isler, Heinz (Schweizer Bauingenieur, 1926-2009) [Isler, Heinz] (Schweizer Ingenieur, geboren 1926) (Swiss engineer, born 1926)",
                                        "en-US": "Isler, Heinz [Isler, Heinz] (Schweizer Ingenieur, geboren 1926) (Swiss engineer, born 1926)",
                                        "fr-FR": "Isler, Heinz [Isler, Heinz] (Schweizer Ingenieur, geboren 1926) (Swiss engineer, born 1926)"
                                    }
                                }
                            },
                            "_global_object_id": "54908@8ef36ec7-a3a5-4d62-acd5-1ee839f35aa5"
                        }
                    ],
                    "_sort": {
                        "it-IT": "Isler, Heinz [Isler, Heinz] (Schweizer Ingenieur, geboren 1926) (Swiss engineer, born 1926)Isler, Heinz [Isler, Heinz] (Schweizer Ingenieur, geboren 1926) (Swiss engineer, born 1926) {28184} ",
                        "de-DE": "Isler, Heinz (Schweizer Bauingenieur, 1926-2009) [Isler, Heinz] (Schweizer Ingenieur, geboren 1926) (Swiss engineer, born 1926)Isler, Heinz (Schweizer Bauingenieur, 1926-2009) [Isler, Heinz] (Schweizer Ingenieur, geboren 1926) (Swiss engineer, born 1926) {28184} ",
                        "en-US": "Isler, Heinz [Isler, Heinz] (Schweizer Ingenieur, geboren 1926) (Swiss engineer, born 1926)Isler, Heinz [Isler, Heinz] (Schweizer Ingenieur, geboren 1926) (Swiss engineer, born 1926) {28184} ",
                        "fr-FR": "Isler, Heinz [Isler, Heinz] (Schweizer Ingenieur, geboren 1926) (Swiss engineer, born 1926)Isler, Heinz [Isler, Heinz] (Schweizer Ingenieur, geboren 1926) (Swiss engineer, born 1926) {28184} "
                    },
                    "_standard": {
                        "1": {
                            "html": {
                                "it-IT": "<span class=\"ez-output-1\"><span class=\"ez-format-space\">Isler, Heinz</span><span class=\"ez-format-square-brackets\">Isler, Heinz</span><span class=\"ez-format-round-parentheses\">Schweizer Ingenieur, geboren 1926</span><span class=\"ez-format-round-parentheses\">Swiss engineer, born 1926</span></span>",
                                "de-DE": "<span class=\"ez-output-1\"><span class=\"ez-format-space\">Isler, Heinz</span><span class=\"ez-format-round-parentheses\">Schweizer Bauingenieur, 1926-2009</span><span class=\"ez-format-square-brackets\">Isler, Heinz</span><span class=\"ez-format-round-parentheses\">Schweizer Ingenieur, geboren 1926</span><span class=\"ez-format-round-parentheses\">Swiss engineer, born 1926</span></span>",
                                "en-US": "<span class=\"ez-output-1\"><span class=\"ez-format-space\">Isler, Heinz</span><span class=\"ez-format-square-brackets\">Isler, Heinz</span><span class=\"ez-format-round-parentheses\">Schweizer Ingenieur, geboren 1926</span><span class=\"ez-format-round-parentheses\">Swiss engineer, born 1926</span></span>",
                                "fr-FR": "<span class=\"ez-output-1\"><span class=\"ez-format-space\">Isler, Heinz</span><span class=\"ez-format-square-brackets\">Isler, Heinz</span><span class=\"ez-format-round-parentheses\">Schweizer Ingenieur, geboren 1926</span><span class=\"ez-format-round-parentheses\">Swiss engineer, born 1926</span></span>"
                            },
                            "text": {
                                "it-IT": "Isler, Heinz [Isler, Heinz] (Schweizer Ingenieur, geboren 1926) (Swiss engineer, born 1926)",
                                "de-DE": "Isler, Heinz (Schweizer Bauingenieur, 1926-2009) [Isler, Heinz] (Schweizer Ingenieur, geboren 1926) (Swiss engineer, born 1926)",
                                "en-US": "Isler, Heinz [Isler, Heinz] (Schweizer Ingenieur, geboren 1926) (Swiss engineer, born 1926)",
                                "fr-FR": "Isler, Heinz [Isler, Heinz] (Schweizer Ingenieur, geboren 1926) (Swiss engineer, born 1926)"
                            }
                        }
                    },
                    "_global_object_id": "54908@8ef36ec7-a3a5-4d62-acd5-1ee839f35aa5",
                    "_uuid": "40c02a93-9a52-482a-9175-9b1a1eb7cbfd",
                    "_level": 1,
                    "_has_children": false,
                    "_system_object_id": 54908,
                    "_format": "standard",
                    "_objecttype": "act"
                },
                "oeu_archive_ar_creation_actor_role": {
                    "_mask": "act_role__all_fields",
                    "_tags": [],
                    "_path": [
                        {
                            "_mask": "act_role__all_fields",
                            "_objecttype": "act_role",
                            "_tags": [],
                            "_system_object_id": 639073,
                            "_format": "standard",
                            "_uuid": "d37e37c0-c91b-4ada-a2c0-3698ad72e684",
                            "_has_children": true,
                            "act_role": {
                                ":inner": [],
                                "_id_parent": null,
                                "_id": 188,
                                ":inner:all": [],
                                "_version": 2
                            },
                            "_global_object_id": "639073@8ef36ec7-a3a5-4d62-acd5-1ee839f35aa5",
                            "_standard": {
                                "1": {
                                    "html": {
                                        "it-IT": "<span class=\"ez-output-1\"><span class=\"ez-format-comma\">[Oeuvres/Projects]</span></span>",
                                        "de-DE": "<span class=\"ez-output-1\"><span class=\"ez-format-comma\">[Oeuvres/Projects]</span></span>",
                                        "en-US": "<span class=\"ez-output-1\"><span class=\"ez-format-comma\">[Oeuvres/Projects]</span></span>",
                                        "fr-FR": "<span class=\"ez-output-1\"><span class=\"ez-format-comma\">[Oeuvres/Projects]</span></span>"
                                    },
                                    "text": {
                                        "it-IT": "[Oeuvres/Projects]",
                                        "de-DE": "[Oeuvres/Projects]",
                                        "en-US": "[Oeuvres/Projects]",
                                        "fr-FR": "[Oeuvres/Projects]"
                                    }
                                }
                            }
                        },
                        {
                            "_mask": "act_role__all_fields",
                            "_objecttype": "act_role",
                            "_tags": [],
                            "_system_object_id": 49949,
                            "_format": "standard",
                            "_uuid": "a1e1d619-d742-4f8f-930e-5d08c297bae6",
                            "_has_children": false,
                            "_global_object_id": "49949@8ef36ec7-a3a5-4d62-acd5-1ee839f35aa5",
                            "_standard": {
                                "1": {
                                    "html": {
                                        "it-IT": "<span class=\"ez-output-1\"><span class=\"ez-format-comma\">Ingenieur</span></span>",
                                        "de-DE": "<span class=\"ez-output-1\"><span class=\"ez-format-comma\">Ingenieur</span></span>",
                                        "en-US": "<span class=\"ez-output-1\"><span class=\"ez-format-comma\">Ingenieur</span></span>",
                                        "fr-FR": "<span class=\"ez-output-1\"><span class=\"ez-format-comma\">Ingenieur</span></span>"
                                    },
                                    "text": {
                                        "it-IT": "Ingenieur",
                                        "de-DE": "Ingenieur",
                                        "en-US": "Ingenieur",
                                        "fr-FR": "Ingenieur"
                                    }
                                }
                            },
                            "act_role": {
                                ":inner": [],
                                "_id_parent": 188,
                                "_id": 84,
                                ":inner:all": [],
                                "_version": 2
                            }
                        }
                    ],
                    "_sort": {
                        "it-IT": "Ingenieur                                                       [Oeuvres/Projects] {188} Ingenieur {84} ",
                        "de-DE": "Ingenieur                                                       [Oeuvres/Projects] {188} Ingenieur {84} ",
                        "en-US": "Ingenieur                                                       [Oeuvres/Projects] {188} Ingenieur {84} ",
                        "fr-FR": "Ingenieur                                                       [Oeuvres/Projects] {188} Ingenieur {84} "
                    },
                    "_global_object_id": "49949@8ef36ec7-a3a5-4d62-acd5-1ee839f35aa5",
                    "_standard": {
                        "1": {
                            "html": {
                                "it-IT": "<span class=\"ez-output-1\"><span class=\"ez-format-comma\">Ingenieur</span></span>",
                                "de-DE": "<span class=\"ez-output-1\"><span class=\"ez-format-comma\">Ingenieur</span></span>",
                                "en-US": "<span class=\"ez-output-1\"><span class=\"ez-format-comma\">Ingenieur</span></span>",
                                "fr-FR": "<span class=\"ez-output-1\"><span class=\"ez-format-comma\">Ingenieur</span></span>"
                            },
                            "text": {
                                "it-IT": "Ingenieur",
                                "de-DE": "Ingenieur",
                                "en-US": "Ingenieur",
                                "fr-FR": "Ingenieur"
                            }
                        }
                    },
                    "_uuid": "a1e1d619-d742-4f8f-930e-5d08c297bae6",
                    "_level": 2,
                    "_has_children": false,
                    "_system_object_id": 49949,
                    "_format": "standard",
                    "_objecttype": "act_role",
                    "act_role": {
                        ":inner": [],
                        "_id_parent": 188,
                        "_id": 84,
                        ":inner:all": [],
                        "_version": 2
                    }
                },
                "_standard": {}
            },
            {
                "oeu_archive_ar_creation_actor": {
                    "_mask": "act__shortest",
                    "act": {
                        "_pool": {
                            "pool": {
                                "name": {
                                    "de-DE": "Dataset C",
                                    "en-US": "Dataset C"
                                },
                                "_id": 51,
                                "_id_parent": 4
                            },
                            "_level": 4,
                            "_path": [
                                {
                                    "pool": {
                                        "name": {
                                            "de-DE": "Alle Pools",
                                            "en-US": "All pools"
                                        },
                                        "_id": 1
                                    },
                                    "_basetype": "pool"
                                },
                                {
                                    "pool": {
                                        "name": {
                                            "de-DE": "Reference Data",
                                            "en-US": "Reference Data"
                                        },
                                        "_id": 3,
                                        "_id_parent": 1
                                    },
                                    "_basetype": "pool"
                                },
                                {
                                    "pool": {
                                        "name": {
                                            "de-DE": "gta Digital",
                                            "en-US": "gta Digital"
                                        },
                                        "_id": 4,
                                        "_id_parent": 3
                                    },
                                    "_basetype": "pool"
                                },
                                {
                                    "pool": {
                                        "name": {
                                            "de-DE": "Dataset C",
                                            "en-US": "Dataset C"
                                        },
                                        "_id": 51,
                                        "_id_parent": 4
                                    },
                                    "_basetype": "pool"
                                }
                            ],
                            "_basetype": "pool"
                        },
                        "_id": 38087,
                        "_id_parent": null,
                        "_version": 9
                    },
                    "_tags": [
                        {
                            "_id": 38
                        },
                        {
                            "_id": 90
                        },
                        {
                            "_id": 176
                        }
                    ],
                    "_path": [
                        {
                            "_system_object_id": 188695,
                            "act": {
                                "_id": 38087,
                                "_id_parent": null,
                                "_version": 9
                            },
                            "_tags": [
                                {
                                    "_id": 38
                                },
                                {
                                    "_id": 90
                                },
                                {
                                    "_id": 176
                                }
                            ],
                            "_mask": "act__shortest",
                            "_format": "standard",
                            "_objecttype": "act",
                            "_uuid": "02701372-db51-4c93-b766-20b50800725c",
                            "_has_children": false,
                            "_standard": {
                                "1": {
                                    "html": {
                                        "it-IT": "<span class=\"ez-output-1\"><span class=\"ez-format-space\">Rolf + Hotz</span><span class=\"ez-format-square-brackets\">Rolf + Hotz</span></span>",
                                        "de-DE": "<span class=\"ez-output-1\"><span class=\"ez-format-space\">Rolf + Hotz</span><span class=\"ez-format-square-brackets\">Rolf + Hotz</span></span>",
                                        "en-US": "<span class=\"ez-output-1\"><span class=\"ez-format-space\">Rolf + Hotz</span><span class=\"ez-format-square-brackets\">Rolf + Hotz</span></span>",
                                        "fr-FR": "<span class=\"ez-output-1\"><span class=\"ez-format-space\">Rolf + Hotz</span><span class=\"ez-format-square-brackets\">Rolf + Hotz</span></span>"
                                    },
                                    "text": {
                                        "it-IT": "Rolf + Hotz [Rolf + Hotz]",
                                        "de-DE": "Rolf + Hotz [Rolf + Hotz]",
                                        "en-US": "Rolf + Hotz [Rolf + Hotz]",
                                        "fr-FR": "Rolf + Hotz [Rolf + Hotz]"
                                    }
                                }
                            },
                            "_global_object_id": "188695@8ef36ec7-a3a5-4d62-acd5-1ee839f35aa5"
                        }
                    ],
                    "_sort": {
                        "it-IT": "Rolf + Hotz [Rolf + Hotz]                                       Rolf + Hotz [Rolf + Hotz] {38087} ",
                        "de-DE": "Rolf + Hotz [Rolf + Hotz]                                       Rolf + Hotz [Rolf + Hotz] {38087} ",
                        "en-US": "Rolf + Hotz [Rolf + Hotz]                                       Rolf + Hotz [Rolf + Hotz] {38087} ",
                        "fr-FR": "Rolf + Hotz [Rolf + Hotz]                                       Rolf + Hotz [Rolf + Hotz] {38087} "
                    },
                    "_standard": {
                        "1": {
                            "html": {
                                "it-IT": "<span class=\"ez-output-1\"><span class=\"ez-format-space\">Rolf + Hotz</span><span class=\"ez-format-square-brackets\">Rolf + Hotz</span></span>",
                                "de-DE": "<span class=\"ez-output-1\"><span class=\"ez-format-space\">Rolf + Hotz</span><span class=\"ez-format-square-brackets\">Rolf + Hotz</span></span>",
                                "en-US": "<span class=\"ez-output-1\"><span class=\"ez-format-space\">Rolf + Hotz</span><span class=\"ez-format-square-brackets\">Rolf + Hotz</span></span>",
                                "fr-FR": "<span class=\"ez-output-1\"><span class=\"ez-format-space\">Rolf + Hotz</span><span class=\"ez-format-square-brackets\">Rolf + Hotz</span></span>"
                            },
                            "text": {
                                "it-IT": "Rolf + Hotz [Rolf + Hotz]",
                                "de-DE": "Rolf + Hotz [Rolf + Hotz]",
                                "en-US": "Rolf + Hotz [Rolf + Hotz]",
                                "fr-FR": "Rolf + Hotz [Rolf + Hotz]"
                            }
                        }
                    },
                    "_global_object_id": "188695@8ef36ec7-a3a5-4d62-acd5-1ee839f35aa5",
                    "_uuid": "02701372-db51-4c93-b766-20b50800725c",
                    "_level": 1,
                    "_has_children": false,
                    "_system_object_id": 188695,
                    "_format": "standard",
                    "_objecttype": "act"
                },
                "oeu_archive_ar_creation_actor_role": {
                    "_mask": "act_role__all_fields",
                    "_tags": [],
                    "_path": [
                        {
                            "_mask": "act_role__all_fields",
                            "_objecttype": "act_role",
                            "_tags": [],
                            "_system_object_id": 639073,
                            "_format": "standard",
                            "_uuid": "d37e37c0-c91b-4ada-a2c0-3698ad72e684",
                            "_has_children": true,
                            "act_role": {
                                ":inner": [],
                                "_id_parent": null,
                                "_id": 188,
                                ":inner:all": [],
                                "_version": 2
                            },
                            "_global_object_id": "639073@8ef36ec7-a3a5-4d62-acd5-1ee839f35aa5",
                            "_standard": {
                                "1": {
                                    "html": {
                                        "it-IT": "<span class=\"ez-output-1\"><span class=\"ez-format-comma\">[Oeuvres/Projects]</span></span>",
                                        "de-DE": "<span class=\"ez-output-1\"><span class=\"ez-format-comma\">[Oeuvres/Projects]</span></span>",
                                        "en-US": "<span class=\"ez-output-1\"><span class=\"ez-format-comma\">[Oeuvres/Projects]</span></span>",
                                        "fr-FR": "<span class=\"ez-output-1\"><span class=\"ez-format-comma\">[Oeuvres/Projects]</span></span>"
                                    },
                                    "text": {
                                        "it-IT": "[Oeuvres/Projects]",
                                        "de-DE": "[Oeuvres/Projects]",
                                        "en-US": "[Oeuvres/Projects]",
                                        "fr-FR": "[Oeuvres/Projects]"
                                    }
                                }
                            }
                        },
                        {
                            "_mask": "act_role__all_fields",
                            "_objecttype": "act_role",
                            "_tags": [],
                            "_system_object_id": 49909,
                            "_format": "standard",
                            "_uuid": "0a12db32-849a-48db-a354-0fa4977d0f11",
                            "_has_children": false,
                            "_global_object_id": "49909@8ef36ec7-a3a5-4d62-acd5-1ee839f35aa5",
                            "_standard": {
                                "1": {
                                    "html": {
                                        "it-IT": "<span class=\"ez-output-1\"><span class=\"ez-format-comma\">Architekt</span></span>",
                                        "de-DE": "<span class=\"ez-output-1\"><span class=\"ez-format-comma\">Architekt</span></span>",
                                        "en-US": "<span class=\"ez-output-1\"><span class=\"ez-format-comma\">Architekt</span></span>",
                                        "fr-FR": "<span class=\"ez-output-1\"><span class=\"ez-format-comma\">Architekt</span></span>"
                                    },
                                    "text": {
                                        "it-IT": "Architekt",
                                        "de-DE": "Architekt",
                                        "en-US": "Architekt",
                                        "fr-FR": "Architekt"
                                    }
                                }
                            },
                            "act_role": {
                                ":inner": [],
                                "_id_parent": 188,
                                "_id": 44,
                                ":inner:all": [],
                                "_version": 2
                            }
                        }
                    ],
                    "_sort": {
                        "it-IT": "Architekt                                                       [Oeuvres/Projects] {188} Architekt {44} ",
                        "de-DE": "Architekt                                                       [Oeuvres/Projects] {188} Architekt {44} ",
                        "en-US": "Architekt                                                       [Oeuvres/Projects] {188} Architekt {44} ",
                        "fr-FR": "Architekt                                                       [Oeuvres/Projects] {188} Architekt {44} "
                    },
                    "_global_object_id": "49909@8ef36ec7-a3a5-4d62-acd5-1ee839f35aa5",
                    "_standard": {
                        "1": {
                            "html": {
                                "it-IT": "<span class=\"ez-output-1\"><span class=\"ez-format-comma\">Architekt</span></span>",
                                "de-DE": "<span class=\"ez-output-1\"><span class=\"ez-format-comma\">Architekt</span></span>",
                                "en-US": "<span class=\"ez-output-1\"><span class=\"ez-format-comma\">Architekt</span></span>",
                                "fr-FR": "<span class=\"ez-output-1\"><span class=\"ez-format-comma\">Architekt</span></span>"
                            },
                            "text": {
                                "it-IT": "Architekt",
                                "de-DE": "Architekt",
                                "en-US": "Architekt",
                                "fr-FR": "Architekt"
                            }
                        }
                    },
                    "_uuid": "0a12db32-849a-48db-a354-0fa4977d0f11",
                    "_level": 2,
                    "_has_children": false,
                    "_system_object_id": 49909,
                    "_format": "standard",
                    "_objecttype": "act_role",
                    "act_role": {
                        ":inner": [],
                        "_id_parent": 188,
                        "_id": 44,
                        ":inner:all": [],
                        "_version": 2
                    }
                },
                "_standard": {}
            }
        ]
    },
    "_published": [],
    "_path": [
        {
            "_system_object_id": 112731,
            "oeu": {
                ":inner": [],
                "_id_parent": null,
                "_id": 18087,
                ":inner:all": [],
                "_version": 15
            },
            "_mask": "oeu__all_fields",
            "_objecttype": "oeu",
            "_tags": [
                {
                    "_id": 19
                },
                {
                    "_id": 91
                },
                {
                    "_id": 53
                }
            ],
            "_format": "standard",
            "_uuid": "f4be85af-e5a4-41b7-b284-5652ca6904d7",
            "_has_children": true,
            "_global_object_id": "112731@8ef36ec7-a3a5-4d62-acd5-1ee839f35aa5",
            "_standard": {
                "1": {
                    "html": {
                        "it-IT": "<span class=\"ez-output-1\"><span class=\"ez-format-space\">M&#xFC;llheim, Bahnhofstrasse (Stra&#xDF;e)</span></span>",
                        "de-DE": "<span class=\"ez-output-1\"><span class=\"ez-format-space\">S&#xFC;dwestdeutsche Verkehrs-AG SWEG : Busbetriebshof M&#xFC;llheim</span><span class=\"ez-format-space\">M&#xFC;llheim, Bahnhofstrasse (Stra&#xDF;e)</span></span>",
                        "en-US": "<span class=\"ez-output-1\"><span class=\"ez-format-space\">M&#xFC;llheim, Bahnhofstrasse (roads)</span></span>",
                        "fr-FR": "<span class=\"ez-output-1\"><span class=\"ez-format-space\">M&#xFC;llheim, Bahnhofstrasse (Stra&#xDF;e)</span></span>"
                    },
                    "text": {
                        "it-IT": "Müllheim, Bahnhofstrasse (Straße)",
                        "de-DE": "Südwestdeutsche Verkehrs-AG SWEG : Busbetriebshof Müllheim Müllheim, Bahnhofstrasse (Straße)",
                        "en-US": "Müllheim, Bahnhofstrasse (roads)",
                        "fr-FR": "Müllheim, Bahnhofstrasse (Straße)"
                    }
                },
                "2": {
                    "html": {
                        "it-IT": "<span class=\"ez-format-space\">Isler, Heinz [Isler, Heinz] (Schweizer Ingenieur, geboren 1926) (Swiss engineer, born 1926)</span><span class=\"ez-format-brackets\">Ingenieur</span><span class=\"ez-format-space\">Rolf + Hotz [Rolf + Hotz]</span><span class=\"ez-format-brackets\">Architekt</span>",
                        "de-DE": "<span class=\"ez-format-space\">Isler, Heinz (Schweizer Bauingenieur, 1926-2009) [Isler, Heinz] (Schweizer Ingenieur, geboren 1926) (Swiss engineer, born 1926)</span><span class=\"ez-format-brackets\">Ingenieur</span><span class=\"ez-format-space\">Rolf + Hotz [Rolf + Hotz]</span><span class=\"ez-format-brackets\">Architekt</span>",
                        "en-US": "<span class=\"ez-format-space\">Isler, Heinz [Isler, Heinz] (Schweizer Ingenieur, geboren 1926) (Swiss engineer, born 1926)</span><span class=\"ez-format-brackets\">Ingenieur</span><span class=\"ez-format-space\">Rolf + Hotz [Rolf + Hotz]</span><span class=\"ez-format-brackets\">Architekt</span>",
                        "fr-FR": "<span class=\"ez-format-space\">Isler, Heinz [Isler, Heinz] (Schweizer Ingenieur, geboren 1926) (Swiss engineer, born 1926)</span><span class=\"ez-format-brackets\">Ingenieur</span><span class=\"ez-format-space\">Rolf + Hotz [Rolf + Hotz]</span><span class=\"ez-format-brackets\">Architekt</span>"
                    },
                    "text": {
                        "it-IT": "Isler, Heinz [Isler, Heinz] (Schweizer Ingenieur, geboren 1926) (Swiss engineer, born 1926) <Ingenieur> Rolf + Hotz [Rolf + Hotz] <Architekt>",
                        "de-DE": "Isler, Heinz (Schweizer Bauingenieur, 1926-2009) [Isler, Heinz] (Schweizer Ingenieur, geboren 1926) (Swiss engineer, born 1926) <Ingenieur> Rolf + Hotz [Rolf + Hotz] <Architekt>",
                        "en-US": "Isler, Heinz [Isler, Heinz] (Schweizer Ingenieur, geboren 1926) (Swiss engineer, born 1926) <Ingenieur> Rolf + Hotz [Rolf + Hotz] <Architekt>",
                        "fr-FR": "Isler, Heinz [Isler, Heinz] (Schweizer Ingenieur, geboren 1926) (Swiss engineer, born 1926) <Ingenieur> Rolf + Hotz [Rolf + Hotz] <Architekt>"
                    }
                },
                "3": {
                    "html": {
                        "it-IT": "<span class=\"ez-format-space\">1996 - 1997</span><span class=\"ez-format-round-parentheses\">ungenau</span>",
                        "de-DE": "<span class=\"ez-format-space\">1996 - 1997</span><span class=\"ez-format-round-parentheses\">ungenau</span>",
                        "en-US": "<span class=\"ez-format-space\">1996 - 1997</span><span class=\"ez-format-round-parentheses\">imprecise</span>",
                        "fr-FR": "<span class=\"ez-format-space\">1996 - 1997</span><span class=\"ez-format-round-parentheses\">ungenau</span>"
                    },
                    "text": {
                        "it-IT": "1996 - 1997 (ungenau)",
                        "de-DE": "1996 - 1997 (ungenau)",
                        "en-US": "1996 - 1997 (imprecise)",
                        "fr-FR": "1996 - 1997 (ungenau)"
                    }
                }
            }
        }
    ],
    "_created": "2020-01-16T20:52:49Z",
    "_published_count": 0,
    "_mask": "oeu__all_fields",
    "_uuid": "f4be85af-e5a4-41b7-b284-5652ca6904d7",
    "_last_modified": "2021-07-23T12:00:55Z",
    "_objecttype": "oeu",
    "_has_children": true,
    "_global_object_id": "112731@8ef36ec7-a3a5-4d62-acd5-1ee839f35aa5",
    "_standard": {
        "1": {
            "html": {
                "de-DE": "<span class=\"ez-output-1\"><span class=\"ez-format-space\">S&#xFC;dwestdeutsche Verkehrs-AG SWEG : Busbetriebshof M&#xFC;llheim</span><span class=\"ez-format-space\">M&#xFC;llheim, Bahnhofstrasse (Stra&#xDF;e)</span></span>",
                "en-US": "<span class=\"ez-output-1\"><span class=\"ez-format-space\">M&#xFC;llheim, Bahnhofstrasse (roads)</span></span>"
            },
            "text": {
                "de-DE": "Südwestdeutsche Verkehrs-AG SWEG : Busbetriebshof Müllheim Müllheim, Bahnhofstrasse (Straße)",
                "en-US": "Müllheim, Bahnhofstrasse (roads)"
            }
        },
        "2": {
            "html": {
                "de-DE": "<span class=\"ez-format-space\">Isler, Heinz (Schweizer Bauingenieur, 1926-2009) [Isler, Heinz] (Schweizer Ingenieur, geboren 1926) (Swiss engineer, born 1926)</span><span class=\"ez-format-brackets\">Ingenieur</span><span class=\"ez-format-space\">Rolf + Hotz [Rolf + Hotz]</span><span class=\"ez-format-brackets\">Architekt</span>",
                "en-US": "<span class=\"ez-format-space\">Isler, Heinz [Isler, Heinz] (Schweizer Ingenieur, geboren 1926) (Swiss engineer, born 1926)</span><span class=\"ez-format-brackets\">Ingenieur</span><span class=\"ez-format-space\">Rolf + Hotz [Rolf + Hotz]</span><span class=\"ez-format-brackets\">Architekt</span>"
            },
            "text": {
                "de-DE": "Isler, Heinz (Schweizer Bauingenieur, 1926-2009) [Isler, Heinz] (Schweizer Ingenieur, geboren 1926) (Swiss engineer, born 1926) <Ingenieur> Rolf + Hotz [Rolf + Hotz] <Architekt>",
                "en-US": "Isler, Heinz [Isler, Heinz] (Schweizer Ingenieur, geboren 1926) (Swiss engineer, born 1926) <Ingenieur> Rolf + Hotz [Rolf + Hotz] <Architekt>"
            }
        },
        "3": {
            "html": {
                "de-DE": "<span class=\"ez-format-space\">1996 - 1997</span><span class=\"ez-format-round-parentheses\">ungenau</span>",
                "en-US": "<span class=\"ez-format-space\">1996 - 1997</span><span class=\"ez-format-round-parentheses\">imprecise</span>"
            },
            "text": {
                "de-DE": "1996 - 1997 (ungenau)",
                "en-US": "1996 - 1997 (imprecise)"
            }
        }
    },
    "_format": "long",
    "_level": 1,
    "_sort": [
        112731
    ]
}