{
    "_system_object_id": 113041,
    "_tags": [
        {
            "_id": 19,
            "_name": {
                "de-DE": "Select Isler Project",
                "en-US": "Select Isler Project"
            }
        },
        {
            "_id": 91,
            "_name": {
                "de-DE": "Œuvres",
                "en-US": "Œuvres"
            }
        },
        {
            "_id": 53,
            "_name": {
                "de-DE": "Hierarchy ok!",
                "en-US": "Hierarchy ok!"
            }
        }
    ],
    "_exported_at": "2022-09-09T13:51:36+02:00",
    "oeu": {
        "oeu_import_missing_term_place": false,
        ":inner": [],
        "_id": 18397,
        "_nested:oeu__oeu_archive_exist_construct_places": [
            {
                "oeu_archive_exist_construct_place_v2": {
                    "_mask": "pl_display_short",
                    "_tags": [
                        {
                            "_id": 7
                        },
                        {
                            "_id": 176
                        }
                    ],
                    "_path": [
                        {
                            "_mask": "pl_display_short",
                            "_objecttype": "pl",
                            "_tags": [
                                {
                                    "_id": 136
                                },
                                {
                                    "_id": 176
                                }
                            ],
                            "_system_object_id": 95963,
                            "_format": "standard",
                            "_uuid": "6fcb97c3-7e11-4d53-a0ad-9e208766a986",
                            "pl": {
                                "_id": 29843,
                                "_id_parent": null,
                                "_version": 17
                            },
                            "_standard": {
                                "1": {
                                    "html": {
                                        "it-IT": "<span class=\"ez-output-1\"><span class=\"ez-format-space\">World</span><span class=\"ez-format-round-parentheses\">Facetten (kontrolliertes Vokabular)</span></span>",
                                        "de-DE": "<span class=\"ez-output-1\"><span class=\"ez-format-space\">World</span><span class=\"ez-format-round-parentheses\">Facetten (kontrolliertes Vokabular)</span></span>",
                                        "en-US": "<span class=\"ez-output-1\"><span class=\"ez-format-space\">World</span><span class=\"ez-format-round-parentheses\">facets (controlled vocabulary)</span></span>",
                                        "fr-FR": "<span class=\"ez-output-1\"><span class=\"ez-format-space\">World</span><span class=\"ez-format-round-parentheses\">Facetten (kontrolliertes Vokabular)</span></span>"
                                    },
                                    "text": {
                                        "it-IT": "World (Facetten (kontrolliertes Vokabular))",
                                        "de-DE": "World (Facetten (kontrolliertes Vokabular))",
                                        "en-US": "World (facets (controlled vocabulary))",
                                        "fr-FR": "World (Facetten (kontrolliertes Vokabular))"
                                    }
                                }
                            },
                            "_global_object_id": "95963@8ef36ec7-a3a5-4d62-acd5-1ee839f35aa5",
                            "_has_children": true
                        },
                        {
                            "_mask": "pl_display_short",
                            "_objecttype": "pl",
                            "_tags": [
                                {
                                    "_id": 23
                                },
                                {
                                    "_id": 136
                                },
                                {
                                    "_id": 143
                                },
                                {
                                    "_id": 148
                                },
                                {
                                    "_id": 176
                                }
                            ],
                            "_system_object_id": 97704,
                            "_format": "standard",
                            "_uuid": "f2419b9d-172f-4ffc-97ea-020272da7988",
                            "pl": {
                                "_id": 31584,
                                "_id_parent": 29843,
                                "_version": 26
                            },
                            "_standard": {
                                "1": {
                                    "html": {
                                        "it-IT": "<span class=\"ez-output-1\"><span class=\"ez-format-space\">Europe</span><span class=\"ez-format-round-parentheses\">Kontinent</span></span>",
                                        "de-DE": "<span class=\"ez-output-1\"><span class=\"ez-format-space\">Europe</span><span class=\"ez-format-round-parentheses\">Kontinent</span></span>",
                                        "en-US": "<span class=\"ez-output-1\"><span class=\"ez-format-space\">Europe</span><span class=\"ez-format-round-parentheses\">continents</span></span>",
                                        "fr-FR": "<span class=\"ez-output-1\"><span class=\"ez-format-space\">Europe</span><span class=\"ez-format-round-parentheses\">Kontinent</span></span>"
                                    },
                                    "text": {
                                        "it-IT": "Europe (Kontinent)",
                                        "de-DE": "Europe (Kontinent)",
                                        "en-US": "Europe (continents)",
                                        "fr-FR": "Europe (Kontinent)"
                                    }
                                }
                            },
                            "_global_object_id": "97704@8ef36ec7-a3a5-4d62-acd5-1ee839f35aa5",
                            "_has_children": true
                        },
                        {
                            "_mask": "pl_display_short",
                            "_objecttype": "pl",
                            "_tags": [
                                {
                                    "_id": 24
                                },
                                {
                                    "_id": 176
                                }
                            ],
                            "_system_object_id": 297859,
                            "_format": "standard",
                            "_uuid": "5d2dcfe8-033d-4e47-b014-cf8db88eacde",
                            "pl": {
                                "_id": 44788,
                                "_id_parent": 31584,
                                "_version": 13
                            },
                            "_standard": {
                                "1": {
                                    "html": {
                                        "it-IT": "<span class=\"ez-output-1\"><span class=\"ez-format-space\">Schweiz</span><span class=\"ez-format-round-parentheses\">Land</span></span>",
                                        "de-DE": "<span class=\"ez-output-1\"><span class=\"ez-format-space\">Schweiz</span><span class=\"ez-format-round-parentheses\">Land</span></span>",
                                        "en-US": "<span class=\"ez-output-1\"><span class=\"ez-format-space\">Schweiz</span><span class=\"ez-format-round-parentheses\">Country</span></span>",
                                        "fr-FR": "<span class=\"ez-output-1\"><span class=\"ez-format-space\">Schweiz</span><span class=\"ez-format-round-parentheses\">Land</span></span>"
                                    },
                                    "text": {
                                        "it-IT": "Schweiz (Land)",
                                        "de-DE": "Schweiz (Land)",
                                        "en-US": "Schweiz (Country)",
                                        "fr-FR": "Schweiz (Land)"
                                    }
                                }
                            },
                            "_global_object_id": "297859@8ef36ec7-a3a5-4d62-acd5-1ee839f35aa5",
                            "_has_children": true
                        },
                        {
                            "_mask": "pl_display_short",
                            "_objecttype": "pl",
                            "_tags": [
                                {
                                    "_id": 24
                                },
                                {
                                    "_id": 176
                                }
                            ],
                            "_system_object_id": 299161,
                            "_format": "standard",
                            "_uuid": "75f9ff74-3e46-4ab3-bf26-a413f20e42eb",
                            "pl": {
                                "_id": 46090,
                                "_id_parent": 44788,
                                "_version": 13
                            },
                            "_standard": {
                                "1": {
                                    "html": {
                                        "it-IT": "<span class=\"ez-output-1\"><span class=\"ez-format-space\">St. Gallen</span><span class=\"ez-format-round-parentheses\">Kanton</span></span>",
                                        "de-DE": "<span class=\"ez-output-1\"><span class=\"ez-format-space\">St. Gallen</span><span class=\"ez-format-round-parentheses\">Kanton</span></span>",
                                        "en-US": "<span class=\"ez-output-1\"><span class=\"ez-format-space\">St. Gallen</span><span class=\"ez-format-round-parentheses\">Canton</span></span>",
                                        "fr-FR": "<span class=\"ez-output-1\"><span class=\"ez-format-space\">St. Gallen</span><span class=\"ez-format-round-parentheses\">Kanton</span></span>"
                                    },
                                    "text": {
                                        "it-IT": "St. Gallen (Kanton)",
                                        "de-DE": "St. Gallen (Kanton)",
                                        "en-US": "St. Gallen (Canton)",
                                        "fr-FR": "St. Gallen (Kanton)"
                                    }
                                }
                            },
                            "_global_object_id": "299161@8ef36ec7-a3a5-4d62-acd5-1ee839f35aa5",
                            "_has_children": true
                        },
                        {
                            "_mask": "pl_display_short",
                            "_objecttype": "pl",
                            "_tags": [
                                {
                                    "_id": 24
                                },
                                {
                                    "_id": 176
                                }
                            ],
                            "_system_object_id": 299261,
                            "_format": "standard",
                            "_uuid": "4cbd5042-f19d-4b8e-ab83-913b837d8580",
                            "pl": {
                                "_id": 46190,
                                "_id_parent": 46090,
                                "_version": 15
                            },
                            "_standard": {
                                "1": {
                                    "html": {
                                        "it-IT": "<span class=\"ez-output-1\"><span class=\"ez-format-space\">Toggenburg</span><span class=\"ez-format-round-parentheses\">Bezirk</span></span>",
                                        "de-DE": "<span class=\"ez-output-1\"><span class=\"ez-format-space\">Toggenburg</span><span class=\"ez-format-round-parentheses\">Bezirk</span></span>",
                                        "en-US": "<span class=\"ez-output-1\"><span class=\"ez-format-space\">Toggenburg</span><span class=\"ez-format-round-parentheses\">District</span></span>",
                                        "fr-FR": "<span class=\"ez-output-1\"><span class=\"ez-format-space\">Toggenburg</span><span class=\"ez-format-round-parentheses\">Bezirk</span></span>"
                                    },
                                    "text": {
                                        "it-IT": "Toggenburg (Bezirk)",
                                        "de-DE": "Toggenburg (Bezirk)",
                                        "en-US": "Toggenburg (District)",
                                        "fr-FR": "Toggenburg (Bezirk)"
                                    }
                                }
                            },
                            "_global_object_id": "299261@8ef36ec7-a3a5-4d62-acd5-1ee839f35aa5",
                            "_has_children": true
                        },
                        {
                            "_mask": "pl_display_short",
                            "_objecttype": "pl",
                            "_tags": [
                                {
                                    "_id": 24
                                },
                                {
                                    "_id": 176
                                }
                            ],
                            "_system_object_id": 299281,
                            "_format": "standard",
                            "_uuid": "099603c0-d054-4d6b-b5ba-e60b5547e2e9",
                            "pl": {
                                "_id": 46210,
                                "_id_parent": 46190,
                                "_version": 19
                            },
                            "_standard": {
                                "1": {
                                    "html": {
                                        "it-IT": "<span class=\"ez-output-1\"><span class=\"ez-format-space\">Nesslau</span><span class=\"ez-format-round-parentheses\">Politische Gemeinde</span></span>",
                                        "de-DE": "<span class=\"ez-output-1\"><span class=\"ez-format-space\">Nesslau</span><span class=\"ez-format-round-parentheses\">Politische Gemeinde</span></span>",
                                        "en-US": "<span class=\"ez-output-1\"><span class=\"ez-format-space\">Nesslau</span><span class=\"ez-format-round-parentheses\">Municipality</span></span>",
                                        "fr-FR": "<span class=\"ez-output-1\"><span class=\"ez-format-space\">Nesslau</span><span class=\"ez-format-round-parentheses\">Politische Gemeinde</span></span>"
                                    },
                                    "text": {
                                        "it-IT": "Nesslau (Politische Gemeinde)",
                                        "de-DE": "Nesslau (Politische Gemeinde)",
                                        "en-US": "Nesslau (Municipality)",
                                        "fr-FR": "Nesslau (Politische Gemeinde)"
                                    }
                                }
                            },
                            "_global_object_id": "299281@8ef36ec7-a3a5-4d62-acd5-1ee839f35aa5",
                            "_has_children": true
                        },
                        {
                            "_mask": "pl_display_short",
                            "_objecttype": "pl",
                            "_tags": [
                                {
                                    "_id": 25
                                },
                                {
                                    "_id": 176
                                }
                            ],
                            "_system_object_id": 299323,
                            "_format": "standard",
                            "_uuid": "fbf8db8b-3027-47fb-ab0d-7c82172679a7",
                            "pl": {
                                "_id": 46252,
                                "_id_parent": 46210,
                                "_version": 13
                            },
                            "_standard": {
                                "1": {
                                    "html": {
                                        "it-IT": "<span class=\"ez-output-1\"><span class=\"ez-format-space\">Krummenau</span></span>",
                                        "de-DE": "<span class=\"ez-output-1\"><span class=\"ez-format-space\">Krummenau</span></span>",
                                        "en-US": "<span class=\"ez-output-1\"><span class=\"ez-format-space\">Krummenau</span></span>",
                                        "fr-FR": "<span class=\"ez-output-1\"><span class=\"ez-format-space\">Krummenau</span></span>"
                                    },
                                    "text": {
                                        "it-IT": "Krummenau",
                                        "de-DE": "Krummenau",
                                        "en-US": "Krummenau",
                                        "fr-FR": "Krummenau"
                                    }
                                }
                            },
                            "_global_object_id": "299323@8ef36ec7-a3a5-4d62-acd5-1ee839f35aa5",
                            "_has_children": true
                        },
                        {
                            "_mask": "pl_display_short",
                            "_objecttype": "pl",
                            "_tags": [
                                {
                                    "_id": 7
                                },
                                {
                                    "_id": 176
                                }
                            ],
                            "_system_object_id": 651599,
                            "_format": "standard",
                            "_uuid": "095c3460-5d89-427c-9cb1-0e69203ec517",
                            "pl": {
                                "_id": 109917,
                                "_id_parent": 46252,
                                "_version": 6
                            },
                            "_global_object_id": "651599@8ef36ec7-a3a5-4d62-acd5-1ee839f35aa5",
                            "_standard": {
                                "1": {
                                    "html": {
                                        "it-IT": "<span class=\"ez-output-1\"><span class=\"ez-format-space\">Nesslau-Krummenau, Untersteig</span><span class=\"ez-format-round-parentheses\">Stra&#xDF;e</span></span>",
                                        "de-DE": "<span class=\"ez-output-1\"><span class=\"ez-format-space\">Nesslau-Krummenau, Untersteig</span><span class=\"ez-format-round-parentheses\">Stra&#xDF;e</span></span>",
                                        "en-US": "<span class=\"ez-output-1\"><span class=\"ez-format-space\">Nesslau-Krummenau, Untersteig</span><span class=\"ez-format-round-parentheses\">roads</span></span>",
                                        "fr-FR": "<span class=\"ez-output-1\"><span class=\"ez-format-space\">Nesslau-Krummenau, Untersteig</span><span class=\"ez-format-round-parentheses\">Stra&#xDF;e</span></span>"
                                    },
                                    "text": {
                                        "it-IT": "Nesslau-Krummenau, Untersteig (Straße)",
                                        "de-DE": "Nesslau-Krummenau, Untersteig (Straße)",
                                        "en-US": "Nesslau-Krummenau, Untersteig (roads)",
                                        "fr-FR": "Nesslau-Krummenau, Untersteig (Straße)"
                                    }
                                }
                            },
                            "_has_children": false
                        }
                    ],
                    "_sort": {
                        "it-IT": "Nesslau-Krummenau, Untersteig (Straße)                         World (Facetten (kontrolliertes Vokabular)) {29843} Europe (Kontinent) {31584} Schweiz (Land) {44788} St. Gallen (Kanton) {46090} Toggenburg (Bezirk) {46190} Nesslau (Politische Gemeinde) {46210} Krummenau {46252} Nesslau-Krummenau, Untersteig (Straße) {109917} ",
                        "de-DE": "Nesslau-Krummenau, Untersteig (Straße)                         World (Facetten (kontrolliertes Vokabular)) {29843} Europe (Kontinent) {31584} Schweiz (Land) {44788} St. Gallen (Kanton) {46090} Toggenburg (Bezirk) {46190} Nesslau (Politische Gemeinde) {46210} Krummenau {46252} Nesslau-Krummenau, Untersteig (Straße) {109917} ",
                        "en-US": "Nesslau-Krummenau, Untersteig (roads)                           World (facets (controlled vocabulary)) {29843} Europe (continents) {31584} Schweiz (Country) {44788} St. Gallen (Canton) {46090} Toggenburg (District) {46190} Nesslau (Municipality) {46210} Krummenau {46252} Nesslau-Krummenau, Untersteig (roads) {109917} ",
                        "fr-FR": "Nesslau-Krummenau, Untersteig (Straße)                         World (Facetten (kontrolliertes Vokabular)) {29843} Europe (Kontinent) {31584} Schweiz (Land) {44788} St. Gallen (Kanton) {46090} Toggenburg (Bezirk) {46190} Nesslau (Politische Gemeinde) {46210} Krummenau {46252} Nesslau-Krummenau, Untersteig (Straße) {109917} "
                    },
                    "pl": {
                        "_pool": {
                            "pool": {
                                "name": {
                                    "de-DE": "gta Digital",
                                    "en-US": "gta Digital"
                                },
                                "_id": 4,
                                "_id_parent": 3
                            },
                            "_level": 3,
                            "_path": [
                                {
                                    "pool": {
                                        "name": {
                                            "de-DE": "Alle Pools",
                                            "en-US": "All pools"
                                        },
                                        "_id": 1
                                    },
                                    "_basetype": "pool"
                                },
                                {
                                    "pool": {
                                        "name": {
                                            "de-DE": "Reference Data",
                                            "en-US": "Reference Data"
                                        },
                                        "_id": 3,
                                        "_id_parent": 1
                                    },
                                    "_basetype": "pool"
                                },
                                {
                                    "pool": {
                                        "name": {
                                            "de-DE": "gta Digital",
                                            "en-US": "gta Digital"
                                        },
                                        "_id": 4,
                                        "_id_parent": 3
                                    },
                                    "_basetype": "pool"
                                }
                            ],
                            "_basetype": "pool"
                        },
                        "_id": 109917,
                        "_id_parent": 46252,
                        "_version": 6
                    },
                    "_global_object_id": "651599@8ef36ec7-a3a5-4d62-acd5-1ee839f35aa5",
                    "_standard": {
                        "1": {
                            "html": {
                                "it-IT": "<span class=\"ez-output-1\"><span class=\"ez-format-space\">Nesslau-Krummenau, Untersteig</span><span class=\"ez-format-round-parentheses\">Stra&#xDF;e</span></span>",
                                "de-DE": "<span class=\"ez-output-1\"><span class=\"ez-format-space\">Nesslau-Krummenau, Untersteig</span><span class=\"ez-format-round-parentheses\">Stra&#xDF;e</span></span>",
                                "en-US": "<span class=\"ez-output-1\"><span class=\"ez-format-space\">Nesslau-Krummenau, Untersteig</span><span class=\"ez-format-round-parentheses\">roads</span></span>",
                                "fr-FR": "<span class=\"ez-output-1\"><span class=\"ez-format-space\">Nesslau-Krummenau, Untersteig</span><span class=\"ez-format-round-parentheses\">Stra&#xDF;e</span></span>"
                            },
                            "text": {
                                "it-IT": "Nesslau-Krummenau, Untersteig (Straße)",
                                "de-DE": "Nesslau-Krummenau, Untersteig (Straße)",
                                "en-US": "Nesslau-Krummenau, Untersteig (roads)",
                                "fr-FR": "Nesslau-Krummenau, Untersteig (Straße)"
                            }
                        }
                    },
                    "_uuid": "095c3460-5d89-427c-9cb1-0e69203ec517",
                    "_level": 8,
                    "_has_children": false,
                    "_system_object_id": 651599,
                    "_format": "standard",
                    "_objecttype": "pl"
                },
                "_standard": {}
            }
        ],
        "oeu_descr_legacy_chronology": "ausgeführt 1970/1971",
        "oeu_nc_name": {
            "de-DE": "Garage Altherr (heute Altherr Nutzfahrzeuge AG)"
        },
        "oeu_descr_notes": "alte Büronummer: neu SB 154, 10009:267. - Vgl. auch die weiteren 3 Schalen von 1978, 1987 und 1988 (SB 323, SB 439, SB 444) sowie Vorprojekt 10011:302.",
        "_id_parent": null,
        "_pool": {
            "pool": {
                "name": {
                    "de-DE": "gta Aarchives",
                    "en-US": "gta Archives"
                },
                "_id": 92,
                "_id_parent": 91
            },
            "_level": 5,
            "_path": [
                {
                    "pool": {
                        "name": {
                            "de-DE": "Alle Pools",
                            "en-US": "All pools"
                        },
                        "_id": 1
                    },
                    "_basetype": "pool"
                },
                {
                    "pool": {
                        "name": {
                            "de-DE": "Reference Data",
                            "en-US": "Reference Data"
                        },
                        "_id": 3,
                        "_id_parent": 1
                    },
                    "_basetype": "pool"
                },
                {
                    "pool": {
                        "name": {
                            "de-DE": "Generic",
                            "en-US": "Generic"
                        },
                        "_id": 90,
                        "_id_parent": 3
                    },
                    "_basetype": "pool"
                },
                {
                    "pool": {
                        "name": {
                            "de-DE": "gta Institute",
                            "en-US": "gta Institute"
                        },
                        "_id": 91,
                        "_id_parent": 90
                    },
                    "_basetype": "pool"
                },
                {
                    "pool": {
                        "name": {
                            "de-DE": "gta Aarchives",
                            "en-US": "gta Archives"
                        },
                        "_id": 92,
                        "_id_parent": 91
                    },
                    "_basetype": "pool"
                }
            ],
            "_basetype": "pool"
        },
        "oeu_descr_scientificcomment": {
            "de-DE": "Neubau Lastfahrzeug-Garage, 1 Industrie-Schale 22 x 23 m, 506 m2. - „Tagblatt“-Beilage, 26.5.1979. -Toggenburger Nachrichten, Nr. 78, 29.9.1989, S. 1-7. - Die Schweizer Industrie, IV/1990, S. 67, 95. -transNews, 11/2011, S. 50."
        },
        "oeu_nc_type": {
            "_has_children": false,
            "_level": 1,
            "_system_object_id": 63559,
            "_mask": "oeu_type__all_fields",
            "oeu_nc_type": {
                ":inner": [],
                "_id_parent": null,
                "_id": 1,
                ":inner:all": [],
                "_version": 4
            },
            "_uuid": "a321550f-d644-4ebc-9e41-93bac85aded7",
            "_format": "standard",
            "_path": [
                {
                    "oeu_nc_type": {
                        ":inner": [],
                        "_id_parent": null,
                        "_id": 1,
                        ":inner:all": [],
                        "_version": 4
                    },
                    "_mask": "oeu_type__all_fields",
                    "_objecttype": "oeu_nc_type",
                    "_system_object_id": 63559,
                    "_uuid": "a321550f-d644-4ebc-9e41-93bac85aded7",
                    "_format": "standard",
                    "_has_children": false,
                    "_standard": {
                        "1": {
                            "html": {
                                "it-IT": "<span class=\"ez-output-1\"><span class=\"ez-format-comma\">Oeuvre</span></span>",
                                "de-DE": "<span class=\"ez-output-1\"><span class=\"ez-format-comma\">Oeuvre</span></span>",
                                "en-US": "<span class=\"ez-output-1\"><span class=\"ez-format-comma\">Oeuvre</span></span>",
                                "fr-FR": "<span class=\"ez-output-1\"><span class=\"ez-format-comma\">Oeuvre</span></span>"
                            },
                            "text": {
                                "it-IT": "Oeuvre",
                                "de-DE": "Oeuvre",
                                "en-US": "Oeuvre",
                                "fr-FR": "Oeuvre"
                            }
                        }
                    },
                    "_global_object_id": "63559@8ef36ec7-a3a5-4d62-acd5-1ee839f35aa5"
                }
            ],
            "_objecttype": "oeu_nc_type",
            "_sort": {
                "it-IT": "Oeuvre                                                          Oeuvre {1} ",
                "de-DE": "Oeuvre                                                          Oeuvre {1} ",
                "en-US": "Oeuvre                                                          Oeuvre {1} ",
                "fr-FR": "Oeuvre                                                          Oeuvre {1} "
            },
            "_global_object_id": "63559@8ef36ec7-a3a5-4d62-acd5-1ee839f35aa5",
            "_standard": {
                "1": {
                    "html": {
                        "it-IT": "<span class=\"ez-output-1\"><span class=\"ez-format-comma\">Oeuvre</span></span>",
                        "de-DE": "<span class=\"ez-output-1\"><span class=\"ez-format-comma\">Oeuvre</span></span>",
                        "en-US": "<span class=\"ez-output-1\"><span class=\"ez-format-comma\">Oeuvre</span></span>",
                        "fr-FR": "<span class=\"ez-output-1\"><span class=\"ez-format-comma\">Oeuvre</span></span>"
                    },
                    "text": {
                        "it-IT": "Oeuvre",
                        "de-DE": "Oeuvre",
                        "en-US": "Oeuvre",
                        "fr-FR": "Oeuvre"
                    }
                }
            }
        },
        "oeu_archive_exist_construct_timespan": {
            "_middle": "1970-12-31T23:59:59Z",
            "_from": "1970-01-01T00:00:00Z",
            "from": "1970",
            "to": "1971",
            "_to": "1971-12-31T23:59:59Z"
        },
        "oeu_import_missing_term_person": false,
        "oeu_descr_legacy_person": "Ingenieur: Heinz Isler, Hansueli Schällibaum (Ebnat-Kappel); Architekt: Ernest Grob (Sargans); Bauherr(en): Garage Erwin Altherr",
        "oeu_import_uuid": "43AFE471-8C94-49D1-8A15-C6F3873DBB34",
        "oeu_import_uuid_hierarchical": "43AFE471-8C94-49D1-8A15-C6F3873DBB34",
        "oeu_archive_exist_construct_timespan_uncert": {
            "_level": 1,
            "_has_children": false,
            "_mask": "generic_uncert__all_fields",
            "generic_uncertainty": {
                ":inner": [],
                "_id_parent": null,
                "_id": 5,
                ":inner:all": [],
                "_version": 3
            },
            "_system_object_id": 111523,
            "_format": "standard",
            "_uuid": "21f7fea3-a95e-42d5-ad96-c41c918bcd97",
            "_path": [
                {
                    "_mask": "generic_uncert__all_fields",
                    "_objecttype": "generic_uncertainty",
                    "_system_object_id": 111523,
                    "_format": "standard",
                    "_uuid": "21f7fea3-a95e-42d5-ad96-c41c918bcd97",
                    "generic_uncertainty": {
                        ":inner": [],
                        "_id_parent": null,
                        "_id": 5,
                        ":inner:all": [],
                        "_version": 3
                    },
                    "_has_children": false,
                    "_standard": {
                        "1": {
                            "html": {
                                "it-IT": "<span class=\"ez-output-1\"><span class=\"ez-format-comma\">ungenau</span></span>",
                                "de-DE": "<span class=\"ez-output-1\"><span class=\"ez-format-comma\">ungenau</span></span>",
                                "en-US": "<span class=\"ez-output-1\"><span class=\"ez-format-comma\">imprecise</span></span>",
                                "fr-FR": "<span class=\"ez-output-1\"><span class=\"ez-format-comma\">ungenau</span></span>"
                            },
                            "text": {
                                "it-IT": "ungenau",
                                "de-DE": "ungenau",
                                "en-US": "imprecise",
                                "fr-FR": "ungenau"
                            }
                        }
                    },
                    "_global_object_id": "111523@8ef36ec7-a3a5-4d62-acd5-1ee839f35aa5"
                }
            ],
            "_objecttype": "generic_uncertainty",
            "_sort": {
                "it-IT": "ungenau                                                         ungenau {5} ",
                "de-DE": "ungenau                                                         ungenau {5} ",
                "en-US": "imprecise                                                       imprecise {5} ",
                "fr-FR": "ungenau                                                         ungenau {5} "
            },
            "_global_object_id": "111523@8ef36ec7-a3a5-4d62-acd5-1ee839f35aa5",
            "_standard": {
                "1": {
                    "html": {
                        "it-IT": "<span class=\"ez-output-1\"><span class=\"ez-format-comma\">ungenau</span></span>",
                        "de-DE": "<span class=\"ez-output-1\"><span class=\"ez-format-comma\">ungenau</span></span>",
                        "en-US": "<span class=\"ez-output-1\"><span class=\"ez-format-comma\">imprecise</span></span>",
                        "fr-FR": "<span class=\"ez-output-1\"><span class=\"ez-format-comma\">ungenau</span></span>"
                    },
                    "text": {
                        "it-IT": "ungenau",
                        "de-DE": "ungenau",
                        "en-US": "imprecise",
                        "fr-FR": "ungenau"
                    }
                }
            }
        },
        ":inner:all": [],
        "_version": 16,
        "oeu_descr_legacy_places": "Objektort: Untersteig 2359, Nesslau/SG",
        "_nested:oeu__oeu_archive_ar_creation": [
            {
                "oeu_archive_ar_creation_actor": {
                    "_mask": "act__shortest",
                    "act": {
                        "_pool": {
                            "pool": {
                                "name": {
                                    "de-DE": "Dataset B",
                                    "en-US": "Dataset B"
                                },
                                "_id": 32,
                                "_id_parent": 4
                            },
                            "_level": 4,
                            "_path": [
                                {
                                    "pool": {
                                        "name": {
                                            "de-DE": "Alle Pools",
                                            "en-US": "All pools"
                                        },
                                        "_id": 1
                                    },
                                    "_basetype": "pool"
                                },
                                {
                                    "pool": {
                                        "name": {
                                            "de-DE": "Reference Data",
                                            "en-US": "Reference Data"
                                        },
                                        "_id": 3,
                                        "_id_parent": 1
                                    },
                                    "_basetype": "pool"
                                },
                                {
                                    "pool": {
                                        "name": {
                                            "de-DE": "gta Digital",
                                            "en-US": "gta Digital"
                                        },
                                        "_id": 4,
                                        "_id_parent": 3
                                    },
                                    "_basetype": "pool"
                                },
                                {
                                    "pool": {
                                        "name": {
                                            "de-DE": "Dataset B",
                                            "en-US": "Dataset B"
                                        },
                                        "_id": 32,
                                        "_id_parent": 4
                                    },
                                    "_basetype": "pool"
                                }
                            ],
                            "_basetype": "pool"
                        },
                        "_id": 28184,
                        "_id_parent": null,
                        "_version": 28
                    },
                    "_tags": [
                        {
                            "_id": 31
                        },
                        {
                            "_id": 77
                        },
                        {
                            "_id": 88
                        },
                        {
                            "_id": 176
                        }
                    ],
                    "_path": [
                        {
                            "_system_object_id": 54908,
                            "act": {
                                "_id": 28184,
                                "_id_parent": null,
                                "_version": 28
                            },
                            "_tags": [
                                {
                                    "_id": 31
                                },
                                {
                                    "_id": 77
                                },
                                {
                                    "_id": 88
                                },
                                {
                                    "_id": 176
                                }
                            ],
                            "_mask": "act__shortest",
                            "_format": "standard",
                            "_objecttype": "act",
                            "_uuid": "40c02a93-9a52-482a-9175-9b1a1eb7cbfd",
                            "_has_children": false,
                            "_standard": {
                                "1": {
                                    "html": {
                                        "it-IT": "<span class=\"ez-output-1\"><span class=\"ez-format-space\">Isler, Heinz</span><span class=\"ez-format-square-brackets\">Isler, Heinz</span><span class=\"ez-format-round-parentheses\">Schweizer Ingenieur, geboren 1926</span><span class=\"ez-format-round-parentheses\">Swiss engineer, born 1926</span></span>",
                                        "de-DE": "<span class=\"ez-output-1\"><span class=\"ez-format-space\">Isler, Heinz</span><span class=\"ez-format-round-parentheses\">Schweizer Bauingenieur, 1926-2009</span><span class=\"ez-format-square-brackets\">Isler, Heinz</span><span class=\"ez-format-round-parentheses\">Schweizer Ingenieur, geboren 1926</span><span class=\"ez-format-round-parentheses\">Swiss engineer, born 1926</span></span>",
                                        "en-US": "<span class=\"ez-output-1\"><span class=\"ez-format-space\">Isler, Heinz</span><span class=\"ez-format-square-brackets\">Isler, Heinz</span><span class=\"ez-format-round-parentheses\">Schweizer Ingenieur, geboren 1926</span><span class=\"ez-format-round-parentheses\">Swiss engineer, born 1926</span></span>",
                                        "fr-FR": "<span class=\"ez-output-1\"><span class=\"ez-format-space\">Isler, Heinz</span><span class=\"ez-format-square-brackets\">Isler, Heinz</span><span class=\"ez-format-round-parentheses\">Schweizer Ingenieur, geboren 1926</span><span class=\"ez-format-round-parentheses\">Swiss engineer, born 1926</span></span>"
                                    },
                                    "text": {
                                        "it-IT": "Isler, Heinz [Isler, Heinz] (Schweizer Ingenieur, geboren 1926) (Swiss engineer, born 1926)",
                                        "de-DE": "Isler, Heinz (Schweizer Bauingenieur, 1926-2009) [Isler, Heinz] (Schweizer Ingenieur, geboren 1926) (Swiss engineer, born 1926)",
                                        "en-US": "Isler, Heinz [Isler, Heinz] (Schweizer Ingenieur, geboren 1926) (Swiss engineer, born 1926)",
                                        "fr-FR": "Isler, Heinz [Isler, Heinz] (Schweizer Ingenieur, geboren 1926) (Swiss engineer, born 1926)"
                                    }
                                }
                            },
                            "_global_object_id": "54908@8ef36ec7-a3a5-4d62-acd5-1ee839f35aa5"
                        }
                    ],
                    "_sort": {
                        "it-IT": "Isler, Heinz [Isler, Heinz] (Schweizer Ingenieur, geboren 1926) (Swiss engineer, born 1926)Isler, Heinz [Isler, Heinz] (Schweizer Ingenieur, geboren 1926) (Swiss engineer, born 1926) {28184} ",
                        "de-DE": "Isler, Heinz (Schweizer Bauingenieur, 1926-2009) [Isler, Heinz] (Schweizer Ingenieur, geboren 1926) (Swiss engineer, born 1926)Isler, Heinz (Schweizer Bauingenieur, 1926-2009) [Isler, Heinz] (Schweizer Ingenieur, geboren 1926) (Swiss engineer, born 1926) {28184} ",
                        "en-US": "Isler, Heinz [Isler, Heinz] (Schweizer Ingenieur, geboren 1926) (Swiss engineer, born 1926)Isler, Heinz [Isler, Heinz] (Schweizer Ingenieur, geboren 1926) (Swiss engineer, born 1926) {28184} ",
                        "fr-FR": "Isler, Heinz [Isler, Heinz] (Schweizer Ingenieur, geboren 1926) (Swiss engineer, born 1926)Isler, Heinz [Isler, Heinz] (Schweizer Ingenieur, geboren 1926) (Swiss engineer, born 1926) {28184} "
                    },
                    "_standard": {
                        "1": {
                            "html": {
                                "it-IT": "<span class=\"ez-output-1\"><span class=\"ez-format-space\">Isler, Heinz</span><span class=\"ez-format-square-brackets\">Isler, Heinz</span><span class=\"ez-format-round-parentheses\">Schweizer Ingenieur, geboren 1926</span><span class=\"ez-format-round-parentheses\">Swiss engineer, born 1926</span></span>",
                                "de-DE": "<span class=\"ez-output-1\"><span class=\"ez-format-space\">Isler, Heinz</span><span class=\"ez-format-round-parentheses\">Schweizer Bauingenieur, 1926-2009</span><span class=\"ez-format-square-brackets\">Isler, Heinz</span><span class=\"ez-format-round-parentheses\">Schweizer Ingenieur, geboren 1926</span><span class=\"ez-format-round-parentheses\">Swiss engineer, born 1926</span></span>",
                                "en-US": "<span class=\"ez-output-1\"><span class=\"ez-format-space\">Isler, Heinz</span><span class=\"ez-format-square-brackets\">Isler, Heinz</span><span class=\"ez-format-round-parentheses\">Schweizer Ingenieur, geboren 1926</span><span class=\"ez-format-round-parentheses\">Swiss engineer, born 1926</span></span>",
                                "fr-FR": "<span class=\"ez-output-1\"><span class=\"ez-format-space\">Isler, Heinz</span><span class=\"ez-format-square-brackets\">Isler, Heinz</span><span class=\"ez-format-round-parentheses\">Schweizer Ingenieur, geboren 1926</span><span class=\"ez-format-round-parentheses\">Swiss engineer, born 1926</span></span>"
                            },
                            "text": {
                                "it-IT": "Isler, Heinz [Isler, Heinz] (Schweizer Ingenieur, geboren 1926) (Swiss engineer, born 1926)",
                                "de-DE": "Isler, Heinz (Schweizer Bauingenieur, 1926-2009) [Isler, Heinz] (Schweizer Ingenieur, geboren 1926) (Swiss engineer, born 1926)",
                                "en-US": "Isler, Heinz [Isler, Heinz] (Schweizer Ingenieur, geboren 1926) (Swiss engineer, born 1926)",
                                "fr-FR": "Isler, Heinz [Isler, Heinz] (Schweizer Ingenieur, geboren 1926) (Swiss engineer, born 1926)"
                            }
                        }
                    },
                    "_global_object_id": "54908@8ef36ec7-a3a5-4d62-acd5-1ee839f35aa5",
                    "_uuid": "40c02a93-9a52-482a-9175-9b1a1eb7cbfd",
                    "_level": 1,
                    "_has_children": false,
                    "_system_object_id": 54908,
                    "_format": "standard",
                    "_objecttype": "act"
                },
                "oeu_archive_ar_creation_actor_role": {
                    "_mask": "act_role__all_fields",
                    "_tags": [],
                    "_path": [
                        {
                            "_mask": "act_role__all_fields",
                            "_objecttype": "act_role",
                            "_tags": [],
                            "_system_object_id": 639073,
                            "_format": "standard",
                            "_uuid": "d37e37c0-c91b-4ada-a2c0-3698ad72e684",
                            "_has_children": true,
                            "act_role": {
                                ":inner": [],
                                "_id_parent": null,
                                "_id": 188,
                                ":inner:all": [],
                                "_version": 2
                            },
                            "_global_object_id": "639073@8ef36ec7-a3a5-4d62-acd5-1ee839f35aa5",
                            "_standard": {
                                "1": {
                                    "html": {
                                        "it-IT": "<span class=\"ez-output-1\"><span class=\"ez-format-comma\">[Oeuvres/Projects]</span></span>",
                                        "de-DE": "<span class=\"ez-output-1\"><span class=\"ez-format-comma\">[Oeuvres/Projects]</span></span>",
                                        "en-US": "<span class=\"ez-output-1\"><span class=\"ez-format-comma\">[Oeuvres/Projects]</span></span>",
                                        "fr-FR": "<span class=\"ez-output-1\"><span class=\"ez-format-comma\">[Oeuvres/Projects]</span></span>"
                                    },
                                    "text": {
                                        "it-IT": "[Oeuvres/Projects]",
                                        "de-DE": "[Oeuvres/Projects]",
                                        "en-US": "[Oeuvres/Projects]",
                                        "fr-FR": "[Oeuvres/Projects]"
                                    }
                                }
                            }
                        },
                        {
                            "_mask": "act_role__all_fields",
                            "_objecttype": "act_role",
                            "_tags": [],
                            "_system_object_id": 49949,
                            "_format": "standard",
                            "_uuid": "a1e1d619-d742-4f8f-930e-5d08c297bae6",
                            "_has_children": false,
                            "_global_object_id": "49949@8ef36ec7-a3a5-4d62-acd5-1ee839f35aa5",
                            "_standard": {
                                "1": {
                                    "html": {
                                        "it-IT": "<span class=\"ez-output-1\"><span class=\"ez-format-comma\">Ingenieur</span></span>",
                                        "de-DE": "<span class=\"ez-output-1\"><span class=\"ez-format-comma\">Ingenieur</span></span>",
                                        "en-US": "<span class=\"ez-output-1\"><span class=\"ez-format-comma\">Ingenieur</span></span>",
                                        "fr-FR": "<span class=\"ez-output-1\"><span class=\"ez-format-comma\">Ingenieur</span></span>"
                                    },
                                    "text": {
                                        "it-IT": "Ingenieur",
                                        "de-DE": "Ingenieur",
                                        "en-US": "Ingenieur",
                                        "fr-FR": "Ingenieur"
                                    }
                                }
                            },
                            "act_role": {
                                ":inner": [],
                                "_id_parent": 188,
                                "_id": 84,
                                ":inner:all": [],
                                "_version": 2
                            }
                        }
                    ],
                    "_sort": {
                        "it-IT": "Ingenieur                                                       [Oeuvres/Projects] {188} Ingenieur {84} ",
                        "de-DE": "Ingenieur                                                       [Oeuvres/Projects] {188} Ingenieur {84} ",
                        "en-US": "Ingenieur                                                       [Oeuvres/Projects] {188} Ingenieur {84} ",
                        "fr-FR": "Ingenieur                                                       [Oeuvres/Projects] {188} Ingenieur {84} "
                    },
                    "_global_object_id": "49949@8ef36ec7-a3a5-4d62-acd5-1ee839f35aa5",
                    "_standard": {
                        "1": {
                            "html": {
                                "it-IT": "<span class=\"ez-output-1\"><span class=\"ez-format-comma\">Ingenieur</span></span>",
                                "de-DE": "<span class=\"ez-output-1\"><span class=\"ez-format-comma\">Ingenieur</span></span>",
                                "en-US": "<span class=\"ez-output-1\"><span class=\"ez-format-comma\">Ingenieur</span></span>",
                                "fr-FR": "<span class=\"ez-output-1\"><span class=\"ez-format-comma\">Ingenieur</span></span>"
                            },
                            "text": {
                                "it-IT": "Ingenieur",
                                "de-DE": "Ingenieur",
                                "en-US": "Ingenieur",
                                "fr-FR": "Ingenieur"
                            }
                        }
                    },
                    "_uuid": "a1e1d619-d742-4f8f-930e-5d08c297bae6",
                    "_level": 2,
                    "_has_children": false,
                    "_system_object_id": 49949,
                    "_format": "standard",
                    "_objecttype": "act_role",
                    "act_role": {
                        ":inner": [],
                        "_id_parent": 188,
                        "_id": 84,
                        ":inner:all": [],
                        "_version": 2
                    }
                },
                "_standard": {}
            },
            {
                "oeu_archive_ar_creation_actor": {
                    "_mask": "act__shortest",
                    "act": {
                        "_pool": {
                            "pool": {
                                "name": {
                                    "de-DE": "Dataset C",
                                    "en-US": "Dataset C"
                                },
                                "_id": 51,
                                "_id_parent": 4
                            },
                            "_level": 4,
                            "_path": [
                                {
                                    "pool": {
                                        "name": {
                                            "de-DE": "Alle Pools",
                                            "en-US": "All pools"
                                        },
                                        "_id": 1
                                    },
                                    "_basetype": "pool"
                                },
                                {
                                    "pool": {
                                        "name": {
                                            "de-DE": "Reference Data",
                                            "en-US": "Reference Data"
                                        },
                                        "_id": 3,
                                        "_id_parent": 1
                                    },
                                    "_basetype": "pool"
                                },
                                {
                                    "pool": {
                                        "name": {
                                            "de-DE": "gta Digital",
                                            "en-US": "gta Digital"
                                        },
                                        "_id": 4,
                                        "_id_parent": 3
                                    },
                                    "_basetype": "pool"
                                },
                                {
                                    "pool": {
                                        "name": {
                                            "de-DE": "Dataset C",
                                            "en-US": "Dataset C"
                                        },
                                        "_id": 51,
                                        "_id_parent": 4
                                    },
                                    "_basetype": "pool"
                                }
                            ],
                            "_basetype": "pool"
                        },
                        "_id": 36353,
                        "_id_parent": null,
                        "_version": 10
                    },
                    "_tags": [
                        {
                            "_id": 38
                        },
                        {
                            "_id": 88
                        },
                        {
                            "_id": 176
                        }
                    ],
                    "_path": [
                        {
                            "_system_object_id": 186961,
                            "act": {
                                "_id": 36353,
                                "_id_parent": null,
                                "_version": 10
                            },
                            "_tags": [
                                {
                                    "_id": 38
                                },
                                {
                                    "_id": 88
                                },
                                {
                                    "_id": 176
                                }
                            ],
                            "_mask": "act__shortest",
                            "_format": "standard",
                            "_objecttype": "act",
                            "_uuid": "d28f42f7-df75-444b-8a03-d1ed8c29c7cd",
                            "_has_children": false,
                            "_standard": {
                                "1": {
                                    "html": {
                                        "it-IT": "<span class=\"ez-output-1\"><span class=\"ez-format-space\">Sch&#xE4;llibaum, Hansueli</span><span class=\"ez-format-square-brackets\">Sch&#xE4;llibaum, Hansueli</span></span>",
                                        "de-DE": "<span class=\"ez-output-1\"><span class=\"ez-format-space\">Sch&#xE4;llibaum, Hansueli</span><span class=\"ez-format-round-parentheses\">Schweizer Bauingenieur, 20. Jahrhundert</span><span class=\"ez-format-square-brackets\">Sch&#xE4;llibaum, Hansueli</span></span>",
                                        "en-US": "<span class=\"ez-output-1\"><span class=\"ez-format-space\">Sch&#xE4;llibaum, Hansueli</span><span class=\"ez-format-square-brackets\">Sch&#xE4;llibaum, Hansueli</span></span>",
                                        "fr-FR": "<span class=\"ez-output-1\"><span class=\"ez-format-space\">Sch&#xE4;llibaum, Hansueli</span><span class=\"ez-format-square-brackets\">Sch&#xE4;llibaum, Hansueli</span></span>"
                                    },
                                    "text": {
                                        "it-IT": "Schällibaum, Hansueli [Schällibaum, Hansueli]",
                                        "de-DE": "Schällibaum, Hansueli (Schweizer Bauingenieur, 20. Jahrhundert) [Schällibaum, Hansueli]",
                                        "en-US": "Schällibaum, Hansueli [Schällibaum, Hansueli]",
                                        "fr-FR": "Schällibaum, Hansueli [Schällibaum, Hansueli]"
                                    }
                                }
                            },
                            "_global_object_id": "186961@8ef36ec7-a3a5-4d62-acd5-1ee839f35aa5"
                        }
                    ],
                    "_sort": {
                        "it-IT": "Schällibaum, Hansueli [Schällibaum, Hansueli]                 Schällibaum, Hansueli [Schällibaum, Hansueli] {36353} ",
                        "de-DE": "Schällibaum, Hansueli (Schweizer Bauingenieur, 20. Jahrhundert) [Schällibaum, Hansueli]Schällibaum, Hansueli (Schweizer Bauingenieur, 20. Jahrhundert) [Schällibaum, Hansueli] {36353} ",
                        "en-US": "Schällibaum, Hansueli [Schällibaum, Hansueli]                 Schällibaum, Hansueli [Schällibaum, Hansueli] {36353} ",
                        "fr-FR": "Schällibaum, Hansueli [Schällibaum, Hansueli]                 Schällibaum, Hansueli [Schällibaum, Hansueli] {36353} "
                    },
                    "_standard": {
                        "1": {
                            "html": {
                                "it-IT": "<span class=\"ez-output-1\"><span class=\"ez-format-space\">Sch&#xE4;llibaum, Hansueli</span><span class=\"ez-format-square-brackets\">Sch&#xE4;llibaum, Hansueli</span></span>",
                                "de-DE": "<span class=\"ez-output-1\"><span class=\"ez-format-space\">Sch&#xE4;llibaum, Hansueli</span><span class=\"ez-format-round-parentheses\">Schweizer Bauingenieur, 20. Jahrhundert</span><span class=\"ez-format-square-brackets\">Sch&#xE4;llibaum, Hansueli</span></span>",
                                "en-US": "<span class=\"ez-output-1\"><span class=\"ez-format-space\">Sch&#xE4;llibaum, Hansueli</span><span class=\"ez-format-square-brackets\">Sch&#xE4;llibaum, Hansueli</span></span>",
                                "fr-FR": "<span class=\"ez-output-1\"><span class=\"ez-format-space\">Sch&#xE4;llibaum, Hansueli</span><span class=\"ez-format-square-brackets\">Sch&#xE4;llibaum, Hansueli</span></span>"
                            },
                            "text": {
                                "it-IT": "Schällibaum, Hansueli [Schällibaum, Hansueli]",
                                "de-DE": "Schällibaum, Hansueli (Schweizer Bauingenieur, 20. Jahrhundert) [Schällibaum, Hansueli]",
                                "en-US": "Schällibaum, Hansueli [Schällibaum, Hansueli]",
                                "fr-FR": "Schällibaum, Hansueli [Schällibaum, Hansueli]"
                            }
                        }
                    },
                    "_global_object_id": "186961@8ef36ec7-a3a5-4d62-acd5-1ee839f35aa5",
                    "_uuid": "d28f42f7-df75-444b-8a03-d1ed8c29c7cd",
                    "_level": 1,
                    "_has_children": false,
                    "_system_object_id": 186961,
                    "_format": "standard",
                    "_objecttype": "act"
                },
                "oeu_archive_ar_creation_actor_role": {
                    "_mask": "act_role__all_fields",
                    "_tags": [],
                    "_path": [
                        {
                            "_mask": "act_role__all_fields",
                            "_objecttype": "act_role",
                            "_tags": [],
                            "_system_object_id": 639073,
                            "_format": "standard",
                            "_uuid": "d37e37c0-c91b-4ada-a2c0-3698ad72e684",
                            "_has_children": true,
                            "act_role": {
                                ":inner": [],
                                "_id_parent": null,
                                "_id": 188,
                                ":inner:all": [],
                                "_version": 2
                            },
                            "_global_object_id": "639073@8ef36ec7-a3a5-4d62-acd5-1ee839f35aa5",
                            "_standard": {
                                "1": {
                                    "html": {
                                        "it-IT": "<span class=\"ez-output-1\"><span class=\"ez-format-comma\">[Oeuvres/Projects]</span></span>",
                                        "de-DE": "<span class=\"ez-output-1\"><span class=\"ez-format-comma\">[Oeuvres/Projects]</span></span>",
                                        "en-US": "<span class=\"ez-output-1\"><span class=\"ez-format-comma\">[Oeuvres/Projects]</span></span>",
                                        "fr-FR": "<span class=\"ez-output-1\"><span class=\"ez-format-comma\">[Oeuvres/Projects]</span></span>"
                                    },
                                    "text": {
                                        "it-IT": "[Oeuvres/Projects]",
                                        "de-DE": "[Oeuvres/Projects]",
                                        "en-US": "[Oeuvres/Projects]",
                                        "fr-FR": "[Oeuvres/Projects]"
                                    }
                                }
                            }
                        },
                        {
                            "_mask": "act_role__all_fields",
                            "_objecttype": "act_role",
                            "_tags": [],
                            "_system_object_id": 49949,
                            "_format": "standard",
                            "_uuid": "a1e1d619-d742-4f8f-930e-5d08c297bae6",
                            "_has_children": false,
                            "_global_object_id": "49949@8ef36ec7-a3a5-4d62-acd5-1ee839f35aa5",
                            "_standard": {
                                "1": {
                                    "html": {
                                        "it-IT": "<span class=\"ez-output-1\"><span class=\"ez-format-comma\">Ingenieur</span></span>",
                                        "de-DE": "<span class=\"ez-output-1\"><span class=\"ez-format-comma\">Ingenieur</span></span>",
                                        "en-US": "<span class=\"ez-output-1\"><span class=\"ez-format-comma\">Ingenieur</span></span>",
                                        "fr-FR": "<span class=\"ez-output-1\"><span class=\"ez-format-comma\">Ingenieur</span></span>"
                                    },
                                    "text": {
                                        "it-IT": "Ingenieur",
                                        "de-DE": "Ingenieur",
                                        "en-US": "Ingenieur",
                                        "fr-FR": "Ingenieur"
                                    }
                                }
                            },
                            "act_role": {
                                ":inner": [],
                                "_id_parent": 188,
                                "_id": 84,
                                ":inner:all": [],
                                "_version": 2
                            }
                        }
                    ],
                    "_sort": {
                        "it-IT": "Ingenieur                                                       [Oeuvres/Projects] {188} Ingenieur {84} ",
                        "de-DE": "Ingenieur                                                       [Oeuvres/Projects] {188} Ingenieur {84} ",
                        "en-US": "Ingenieur                                                       [Oeuvres/Projects] {188} Ingenieur {84} ",
                        "fr-FR": "Ingenieur                                                       [Oeuvres/Projects] {188} Ingenieur {84} "
                    },
                    "_global_object_id": "49949@8ef36ec7-a3a5-4d62-acd5-1ee839f35aa5",
                    "_standard": {
                        "1": {
                            "html": {
                                "it-IT": "<span class=\"ez-output-1\"><span class=\"ez-format-comma\">Ingenieur</span></span>",
                                "de-DE": "<span class=\"ez-output-1\"><span class=\"ez-format-comma\">Ingenieur</span></span>",
                                "en-US": "<span class=\"ez-output-1\"><span class=\"ez-format-comma\">Ingenieur</span></span>",
                                "fr-FR": "<span class=\"ez-output-1\"><span class=\"ez-format-comma\">Ingenieur</span></span>"
                            },
                            "text": {
                                "it-IT": "Ingenieur",
                                "de-DE": "Ingenieur",
                                "en-US": "Ingenieur",
                                "fr-FR": "Ingenieur"
                            }
                        }
                    },
                    "_uuid": "a1e1d619-d742-4f8f-930e-5d08c297bae6",
                    "_level": 2,
                    "_has_children": false,
                    "_system_object_id": 49949,
                    "_format": "standard",
                    "_objecttype": "act_role",
                    "act_role": {
                        ":inner": [],
                        "_id_parent": 188,
                        "_id": 84,
                        ":inner:all": [],
                        "_version": 2
                    }
                },
                "_standard": {}
            },
            {
                "oeu_archive_ar_creation_actor": {
                    "_mask": "act__shortest",
                    "act": {
                        "_pool": {
                            "pool": {
                                "name": {
                                    "de-DE": "Dataset A",
                                    "en-US": "Dataset A"
                                },
                                "_id": 33,
                                "_id_parent": 4
                            },
                            "_level": 4,
                            "_path": [
                                {
                                    "pool": {
                                        "name": {
                                            "de-DE": "Alle Pools",
                                            "en-US": "All pools"
                                        },
                                        "_id": 1
                                    },
                                    "_basetype": "pool"
                                },
                                {
                                    "pool": {
                                        "name": {
                                            "de-DE": "Reference Data",
                                            "en-US": "Reference Data"
                                        },
                                        "_id": 3,
                                        "_id_parent": 1
                                    },
                                    "_basetype": "pool"
                                },
                                {
                                    "pool": {
                                        "name": {
                                            "de-DE": "gta Digital",
                                            "en-US": "gta Digital"
                                        },
                                        "_id": 4,
                                        "_id_parent": 3
                                    },
                                    "_basetype": "pool"
                                },
                                {
                                    "pool": {
                                        "name": {
                                            "de-DE": "Dataset A",
                                            "en-US": "Dataset A"
                                        },
                                        "_id": 33,
                                        "_id_parent": 4
                                    },
                                    "_basetype": "pool"
                                }
                            ],
                            "_basetype": "pool"
                        },
                        "_id": 5715,
                        "_id_parent": null,
                        "_version": 23
                    },
                    "_tags": [
                        {
                            "_id": 88
                        },
                        {
                            "_id": 176
                        }
                    ],
                    "_path": [
                        {
                            "_system_object_id": 27551,
                            "act": {
                                "_id": 5715,
                                "_id_parent": null,
                                "_version": 23
                            },
                            "_tags": [
                                {
                                    "_id": 88
                                },
                                {
                                    "_id": 176
                                }
                            ],
                            "_mask": "act__shortest",
                            "_format": "standard",
                            "_objecttype": "act",
                            "_uuid": "063b9ed1-7c05-4f83-a986-2d8b26a1284e",
                            "_has_children": false,
                            "_standard": {
                                "1": {
                                    "html": {
                                        "it-IT": "<span class=\"ez-output-1\"><span class=\"ez-format-space\">Grob, Ernest</span><span class=\"ez-format-square-brackets\">Grob, Ernest</span><span class=\"ez-format-round-parentheses\">Schweizer Architekt, t&#xE4;tig nach 1966</span><span class=\"ez-format-round-parentheses\">Swiss architect, active after 1966</span></span>",
                                        "de-DE": "<span class=\"ez-output-1\"><span class=\"ez-format-space\">Grob, Ernest</span><span class=\"ez-format-round-parentheses\">Schweizer Architekt, 20. Jahrhundert</span><span class=\"ez-format-square-brackets\">Grob, Ernest</span><span class=\"ez-format-round-parentheses\">Schweizer Architekt, t&#xE4;tig nach 1966</span><span class=\"ez-format-round-parentheses\">Swiss architect, active after 1966</span></span>",
                                        "en-US": "<span class=\"ez-output-1\"><span class=\"ez-format-space\">Grob, Ernest</span><span class=\"ez-format-round-parentheses\">Swiss architect, 20th century</span><span class=\"ez-format-square-brackets\">Grob, Ernest</span><span class=\"ez-format-round-parentheses\">Schweizer Architekt, t&#xE4;tig nach 1966</span><span class=\"ez-format-round-parentheses\">Swiss architect, active after 1966</span></span>",
                                        "fr-FR": "<span class=\"ez-output-1\"><span class=\"ez-format-space\">Grob, Ernest</span><span class=\"ez-format-square-brackets\">Grob, Ernest</span><span class=\"ez-format-round-parentheses\">Schweizer Architekt, t&#xE4;tig nach 1966</span><span class=\"ez-format-round-parentheses\">Swiss architect, active after 1966</span></span>"
                                    },
                                    "text": {
                                        "it-IT": "Grob, Ernest [Grob, Ernest] (Schweizer Architekt, tätig nach 1966) (Swiss architect, active after 1966)",
                                        "de-DE": "Grob, Ernest (Schweizer Architekt, 20. Jahrhundert) [Grob, Ernest] (Schweizer Architekt, tätig nach 1966) (Swiss architect, active after 1966)",
                                        "en-US": "Grob, Ernest (Swiss architect, 20th century) [Grob, Ernest] (Schweizer Architekt, tätig nach 1966) (Swiss architect, active after 1966)",
                                        "fr-FR": "Grob, Ernest [Grob, Ernest] (Schweizer Architekt, tätig nach 1966) (Swiss architect, active after 1966)"
                                    }
                                }
                            },
                            "_global_object_id": "27551@8ef36ec7-a3a5-4d62-acd5-1ee839f35aa5"
                        }
                    ],
                    "_sort": {
                        "it-IT": "Grob, Ernest [Grob, Ernest] (Schweizer Architekt, tätig nach 1966) (Swiss architect, active after 1966)Grob, Ernest [Grob, Ernest] (Schweizer Architekt, tätig nach 1966) (Swiss architect, active after 1966) {5715} ",
                        "de-DE": "Grob, Ernest (Schweizer Architekt, 20. Jahrhundert) [Grob, Ernest] (Schweizer Architekt, tätig nach 1966) (Swiss architect, active after 1966)Grob, Ernest (Schweizer Architekt, 20. Jahrhundert) [Grob, Ernest] (Schweizer Architekt, tätig nach 1966) (Swiss architect, active after 1966) {5715} ",
                        "en-US": "Grob, Ernest (Swiss architect, 20th century) [Grob, Ernest] (Schweizer Architekt, tätig nach 1966) (Swiss architect, active after 1966)Grob, Ernest (Swiss architect, 20th century) [Grob, Ernest] (Schweizer Architekt, tätig nach 1966) (Swiss architect, active after 1966) {5715} ",
                        "fr-FR": "Grob, Ernest [Grob, Ernest] (Schweizer Architekt, tätig nach 1966) (Swiss architect, active after 1966)Grob, Ernest [Grob, Ernest] (Schweizer Architekt, tätig nach 1966) (Swiss architect, active after 1966) {5715} "
                    },
                    "_standard": {
                        "1": {
                            "html": {
                                "it-IT": "<span class=\"ez-output-1\"><span class=\"ez-format-space\">Grob, Ernest</span><span class=\"ez-format-square-brackets\">Grob, Ernest</span><span class=\"ez-format-round-parentheses\">Schweizer Architekt, t&#xE4;tig nach 1966</span><span class=\"ez-format-round-parentheses\">Swiss architect, active after 1966</span></span>",
                                "de-DE": "<span class=\"ez-output-1\"><span class=\"ez-format-space\">Grob, Ernest</span><span class=\"ez-format-round-parentheses\">Schweizer Architekt, 20. Jahrhundert</span><span class=\"ez-format-square-brackets\">Grob, Ernest</span><span class=\"ez-format-round-parentheses\">Schweizer Architekt, t&#xE4;tig nach 1966</span><span class=\"ez-format-round-parentheses\">Swiss architect, active after 1966</span></span>",
                                "en-US": "<span class=\"ez-output-1\"><span class=\"ez-format-space\">Grob, Ernest</span><span class=\"ez-format-round-parentheses\">Swiss architect, 20th century</span><span class=\"ez-format-square-brackets\">Grob, Ernest</span><span class=\"ez-format-round-parentheses\">Schweizer Architekt, t&#xE4;tig nach 1966</span><span class=\"ez-format-round-parentheses\">Swiss architect, active after 1966</span></span>",
                                "fr-FR": "<span class=\"ez-output-1\"><span class=\"ez-format-space\">Grob, Ernest</span><span class=\"ez-format-square-brackets\">Grob, Ernest</span><span class=\"ez-format-round-parentheses\">Schweizer Architekt, t&#xE4;tig nach 1966</span><span class=\"ez-format-round-parentheses\">Swiss architect, active after 1966</span></span>"
                            },
                            "text": {
                                "it-IT": "Grob, Ernest [Grob, Ernest] (Schweizer Architekt, tätig nach 1966) (Swiss architect, active after 1966)",
                                "de-DE": "Grob, Ernest (Schweizer Architekt, 20. Jahrhundert) [Grob, Ernest] (Schweizer Architekt, tätig nach 1966) (Swiss architect, active after 1966)",
                                "en-US": "Grob, Ernest (Swiss architect, 20th century) [Grob, Ernest] (Schweizer Architekt, tätig nach 1966) (Swiss architect, active after 1966)",
                                "fr-FR": "Grob, Ernest [Grob, Ernest] (Schweizer Architekt, tätig nach 1966) (Swiss architect, active after 1966)"
                            }
                        }
                    },
                    "_global_object_id": "27551@8ef36ec7-a3a5-4d62-acd5-1ee839f35aa5",
                    "_uuid": "063b9ed1-7c05-4f83-a986-2d8b26a1284e",
                    "_level": 1,
                    "_has_children": false,
                    "_system_object_id": 27551,
                    "_format": "standard",
                    "_objecttype": "act"
                },
                "oeu_archive_ar_creation_actor_role": {
                    "_mask": "act_role__all_fields",
                    "_tags": [],
                    "_path": [
                        {
                            "_mask": "act_role__all_fields",
                            "_objecttype": "act_role",
                            "_tags": [],
                            "_system_object_id": 639073,
                            "_format": "standard",
                            "_uuid": "d37e37c0-c91b-4ada-a2c0-3698ad72e684",
                            "_has_children": true,
                            "act_role": {
                                ":inner": [],
                                "_id_parent": null,
                                "_id": 188,
                                ":inner:all": [],
                                "_version": 2
                            },
                            "_global_object_id": "639073@8ef36ec7-a3a5-4d62-acd5-1ee839f35aa5",
                            "_standard": {
                                "1": {
                                    "html": {
                                        "it-IT": "<span class=\"ez-output-1\"><span class=\"ez-format-comma\">[Oeuvres/Projects]</span></span>",
                                        "de-DE": "<span class=\"ez-output-1\"><span class=\"ez-format-comma\">[Oeuvres/Projects]</span></span>",
                                        "en-US": "<span class=\"ez-output-1\"><span class=\"ez-format-comma\">[Oeuvres/Projects]</span></span>",
                                        "fr-FR": "<span class=\"ez-output-1\"><span class=\"ez-format-comma\">[Oeuvres/Projects]</span></span>"
                                    },
                                    "text": {
                                        "it-IT": "[Oeuvres/Projects]",
                                        "de-DE": "[Oeuvres/Projects]",
                                        "en-US": "[Oeuvres/Projects]",
                                        "fr-FR": "[Oeuvres/Projects]"
                                    }
                                }
                            }
                        },
                        {
                            "_mask": "act_role__all_fields",
                            "_objecttype": "act_role",
                            "_tags": [],
                            "_system_object_id": 49909,
                            "_format": "standard",
                            "_uuid": "0a12db32-849a-48db-a354-0fa4977d0f11",
                            "_has_children": false,
                            "_global_object_id": "49909@8ef36ec7-a3a5-4d62-acd5-1ee839f35aa5",
                            "_standard": {
                                "1": {
                                    "html": {
                                        "it-IT": "<span class=\"ez-output-1\"><span class=\"ez-format-comma\">Architekt</span></span>",
                                        "de-DE": "<span class=\"ez-output-1\"><span class=\"ez-format-comma\">Architekt</span></span>",
                                        "en-US": "<span class=\"ez-output-1\"><span class=\"ez-format-comma\">Architekt</span></span>",
                                        "fr-FR": "<span class=\"ez-output-1\"><span class=\"ez-format-comma\">Architekt</span></span>"
                                    },
                                    "text": {
                                        "it-IT": "Architekt",
                                        "de-DE": "Architekt",
                                        "en-US": "Architekt",
                                        "fr-FR": "Architekt"
                                    }
                                }
                            },
                            "act_role": {
                                ":inner": [],
                                "_id_parent": 188,
                                "_id": 44,
                                ":inner:all": [],
                                "_version": 2
                            }
                        }
                    ],
                    "_sort": {
                        "it-IT": "Architekt                                                       [Oeuvres/Projects] {188} Architekt {44} ",
                        "de-DE": "Architekt                                                       [Oeuvres/Projects] {188} Architekt {44} ",
                        "en-US": "Architekt                                                       [Oeuvres/Projects] {188} Architekt {44} ",
                        "fr-FR": "Architekt                                                       [Oeuvres/Projects] {188} Architekt {44} "
                    },
                    "_global_object_id": "49909@8ef36ec7-a3a5-4d62-acd5-1ee839f35aa5",
                    "_standard": {
                        "1": {
                            "html": {
                                "it-IT": "<span class=\"ez-output-1\"><span class=\"ez-format-comma\">Architekt</span></span>",
                                "de-DE": "<span class=\"ez-output-1\"><span class=\"ez-format-comma\">Architekt</span></span>",
                                "en-US": "<span class=\"ez-output-1\"><span class=\"ez-format-comma\">Architekt</span></span>",
                                "fr-FR": "<span class=\"ez-output-1\"><span class=\"ez-format-comma\">Architekt</span></span>"
                            },
                            "text": {
                                "it-IT": "Architekt",
                                "de-DE": "Architekt",
                                "en-US": "Architekt",
                                "fr-FR": "Architekt"
                            }
                        }
                    },
                    "_uuid": "0a12db32-849a-48db-a354-0fa4977d0f11",
                    "_level": 2,
                    "_has_children": false,
                    "_system_object_id": 49909,
                    "_format": "standard",
                    "_objecttype": "act_role",
                    "act_role": {
                        ":inner": [],
                        "_id_parent": 188,
                        "_id": 44,
                        ":inner:all": [],
                        "_version": 2
                    }
                },
                "_standard": {}
            }
        ]
    },
    "_published": [],
    "_path": [
        {
            "_system_object_id": 113041,
            "oeu": {
                ":inner": [],
                "_id_parent": null,
                "_id": 18397,
                ":inner:all": [],
                "_version": 16
            },
            "_mask": "oeu__all_fields",
            "_objecttype": "oeu",
            "_tags": [
                {
                    "_id": 19
                },
                {
                    "_id": 91
                },
                {
                    "_id": 53
                }
            ],
            "_format": "standard",
            "_uuid": "32d6feb8-fffd-4d7c-9266-b3425808d259",
            "_has_children": true,
            "_global_object_id": "113041@8ef36ec7-a3a5-4d62-acd5-1ee839f35aa5",
            "_standard": {
                "1": {
                    "html": {
                        "it-IT": "<span class=\"ez-output-1\"><span class=\"ez-format-space\">Nesslau-Krummenau, Untersteig (Stra&#xDF;e)</span></span>",
                        "de-DE": "<span class=\"ez-output-1\"><span class=\"ez-format-space\">Garage Altherr (heute Altherr Nutzfahrzeuge AG)</span><span class=\"ez-format-space\">Nesslau-Krummenau, Untersteig (Stra&#xDF;e)</span></span>",
                        "en-US": "<span class=\"ez-output-1\"><span class=\"ez-format-space\">Nesslau-Krummenau, Untersteig (roads)</span></span>",
                        "fr-FR": "<span class=\"ez-output-1\"><span class=\"ez-format-space\">Nesslau-Krummenau, Untersteig (Stra&#xDF;e)</span></span>"
                    },
                    "text": {
                        "it-IT": "Nesslau-Krummenau, Untersteig (Straße)",
                        "de-DE": "Garage Altherr (heute Altherr Nutzfahrzeuge AG) Nesslau-Krummenau, Untersteig (Straße)",
                        "en-US": "Nesslau-Krummenau, Untersteig (roads)",
                        "fr-FR": "Nesslau-Krummenau, Untersteig (Straße)"
                    }
                },
                "2": {
                    "html": {
                        "it-IT": "<span class=\"ez-format-space\">Isler, Heinz [Isler, Heinz] (Schweizer Ingenieur, geboren 1926) (Swiss engineer, born 1926)</span><span class=\"ez-format-brackets\">Ingenieur</span><span class=\"ez-format-space\">Sch&#xE4;llibaum, Hansueli [Sch&#xE4;llibaum, Hansueli]</span><span class=\"ez-format-brackets\">Ingenieur</span><span class=\"ez-format-space\">Grob, Ernest [Grob, Ernest] (Schweizer Architekt, t&#xE4;tig nach 1966) (Swiss architect, active after 1966)</span><span class=\"ez-format-brackets\">Architekt</span>",
                        "de-DE": "<span class=\"ez-format-space\">Isler, Heinz (Schweizer Bauingenieur, 1926-2009) [Isler, Heinz] (Schweizer Ingenieur, geboren 1926) (Swiss engineer, born 1926)</span><span class=\"ez-format-brackets\">Ingenieur</span><span class=\"ez-format-space\">Sch&#xE4;llibaum, Hansueli (Schweizer Bauingenieur, 20. Jahrhundert) [Sch&#xE4;llibaum, Hansueli]</span><span class=\"ez-format-brackets\">Ingenieur</span><span class=\"ez-format-space\">Grob, Ernest (Schweizer Architekt, 20. Jahrhundert) [Grob, Ernest] (Schweizer Architekt, t&#xE4;tig nach 1966) (Swiss architect, active after 1966)</span><span class=\"ez-format-brackets\">Architekt</span>",
                        "en-US": "<span class=\"ez-format-space\">Isler, Heinz [Isler, Heinz] (Schweizer Ingenieur, geboren 1926) (Swiss engineer, born 1926)</span><span class=\"ez-format-brackets\">Ingenieur</span><span class=\"ez-format-space\">Sch&#xE4;llibaum, Hansueli [Sch&#xE4;llibaum, Hansueli]</span><span class=\"ez-format-brackets\">Ingenieur</span><span class=\"ez-format-space\">Grob, Ernest (Swiss architect, 20th century) [Grob, Ernest] (Schweizer Architekt, t&#xE4;tig nach 1966) (Swiss architect, active after 1966)</span><span class=\"ez-format-brackets\">Architekt</span>",
                        "fr-FR": "<span class=\"ez-format-space\">Isler, Heinz [Isler, Heinz] (Schweizer Ingenieur, geboren 1926) (Swiss engineer, born 1926)</span><span class=\"ez-format-brackets\">Ingenieur</span><span class=\"ez-format-space\">Sch&#xE4;llibaum, Hansueli [Sch&#xE4;llibaum, Hansueli]</span><span class=\"ez-format-brackets\">Ingenieur</span><span class=\"ez-format-space\">Grob, Ernest [Grob, Ernest] (Schweizer Architekt, t&#xE4;tig nach 1966) (Swiss architect, active after 1966)</span><span class=\"ez-format-brackets\">Architekt</span>"
                    },
                    "text": {
                        "it-IT": "Isler, Heinz [Isler, Heinz] (Schweizer Ingenieur, geboren 1926) (Swiss engineer, born 1926) <Ingenieur> Schällibaum, Hansueli [Schällibaum, Hansueli] <Ingenieur> Grob, Ernest [Grob, Ernest] (Schweizer Architekt, tätig nach 1966) (Swiss architect, active after 1966) <Architekt>",
                        "de-DE": "Isler, Heinz (Schweizer Bauingenieur, 1926-2009) [Isler, Heinz] (Schweizer Ingenieur, geboren 1926) (Swiss engineer, born 1926) <Ingenieur> Schällibaum, Hansueli (Schweizer Bauingenieur, 20. Jahrhundert) [Schällibaum, Hansueli] <Ingenieur> Grob, Ernest (Schweizer Architekt, 20. Jahrhundert) [Grob, Ernest] (Schweizer Architekt, tätig nach 1966) (Swiss architect, active after 1966) <Architekt>",
                        "en-US": "Isler, Heinz [Isler, Heinz] (Schweizer Ingenieur, geboren 1926) (Swiss engineer, born 1926) <Ingenieur> Schällibaum, Hansueli [Schällibaum, Hansueli] <Ingenieur> Grob, Ernest (Swiss architect, 20th century) [Grob, Ernest] (Schweizer Architekt, tätig nach 1966) (Swiss architect, active after 1966) <Architekt>",
                        "fr-FR": "Isler, Heinz [Isler, Heinz] (Schweizer Ingenieur, geboren 1926) (Swiss engineer, born 1926) <Ingenieur> Schällibaum, Hansueli [Schällibaum, Hansueli] <Ingenieur> Grob, Ernest [Grob, Ernest] (Schweizer Architekt, tätig nach 1966) (Swiss architect, active after 1966) <Architekt>"
                    }
                },
                "3": {
                    "html": {
                        "it-IT": "<span class=\"ez-format-space\">1970 - 1971</span><span class=\"ez-format-round-parentheses\">ungenau</span>",
                        "de-DE": "<span class=\"ez-format-space\">1970 - 1971</span><span class=\"ez-format-round-parentheses\">ungenau</span>",
                        "en-US": "<span class=\"ez-format-space\">1970 - 1971</span><span class=\"ez-format-round-parentheses\">imprecise</span>",
                        "fr-FR": "<span class=\"ez-format-space\">1970 - 1971</span><span class=\"ez-format-round-parentheses\">ungenau</span>"
                    },
                    "text": {
                        "it-IT": "1970 - 1971 (ungenau)",
                        "de-DE": "1970 - 1971 (ungenau)",
                        "en-US": "1970 - 1971 (imprecise)",
                        "fr-FR": "1970 - 1971 (ungenau)"
                    }
                }
            }
        }
    ],
    "_created": "2020-01-16T20:52:58Z",
    "_published_count": 0,
    "_mask": "oeu__all_fields",
    "_uuid": "32d6feb8-fffd-4d7c-9266-b3425808d259",
    "_last_modified": "2021-07-23T12:00:55Z",
    "_objecttype": "oeu",
    "_has_children": true,
    "_global_object_id": "113041@8ef36ec7-a3a5-4d62-acd5-1ee839f35aa5",
    "_standard": {
        "1": {
            "html": {
                "de-DE": "<span class=\"ez-output-1\"><span class=\"ez-format-space\">Garage Altherr (heute Altherr Nutzfahrzeuge AG)</span><span class=\"ez-format-space\">Nesslau-Krummenau, Untersteig (Stra&#xDF;e)</span></span>",
                "en-US": "<span class=\"ez-output-1\"><span class=\"ez-format-space\">Nesslau-Krummenau, Untersteig (roads)</span></span>"
            },
            "text": {
                "de-DE": "Garage Altherr (heute Altherr Nutzfahrzeuge AG) Nesslau-Krummenau, Untersteig (Straße)",
                "en-US": "Nesslau-Krummenau, Untersteig (roads)"
            }
        },
        "2": {
            "html": {
                "de-DE": "<span class=\"ez-format-space\">Isler, Heinz (Schweizer Bauingenieur, 1926-2009) [Isler, Heinz] (Schweizer Ingenieur, geboren 1926) (Swiss engineer, born 1926)</span><span class=\"ez-format-brackets\">Ingenieur</span><span class=\"ez-format-space\">Sch&#xE4;llibaum, Hansueli (Schweizer Bauingenieur, 20. Jahrhundert) [Sch&#xE4;llibaum, Hansueli]</span><span class=\"ez-format-brackets\">Ingenieur</span><span class=\"ez-format-space\">Grob, Ernest (Schweizer Architekt, 20. Jahrhundert) [Grob, Ernest] (Schweizer Architekt, t&#xE4;tig nach 1966) (Swiss architect, active after 1966)</span><span class=\"ez-format-brackets\">Architekt</span>",
                "en-US": "<span class=\"ez-format-space\">Isler, Heinz [Isler, Heinz] (Schweizer Ingenieur, geboren 1926) (Swiss engineer, born 1926)</span><span class=\"ez-format-brackets\">Ingenieur</span><span class=\"ez-format-space\">Sch&#xE4;llibaum, Hansueli [Sch&#xE4;llibaum, Hansueli]</span><span class=\"ez-format-brackets\">Ingenieur</span><span class=\"ez-format-space\">Grob, Ernest (Swiss architect, 20th century) [Grob, Ernest] (Schweizer Architekt, t&#xE4;tig nach 1966) (Swiss architect, active after 1966)</span><span class=\"ez-format-brackets\">Architekt</span>"
            },
            "text": {
                "de-DE": "Isler, Heinz (Schweizer Bauingenieur, 1926-2009) [Isler, Heinz] (Schweizer Ingenieur, geboren 1926) (Swiss engineer, born 1926) <Ingenieur> Schällibaum, Hansueli (Schweizer Bauingenieur, 20. Jahrhundert) [Schällibaum, Hansueli] <Ingenieur> Grob, Ernest (Schweizer Architekt, 20. Jahrhundert) [Grob, Ernest] (Schweizer Architekt, tätig nach 1966) (Swiss architect, active after 1966) <Architekt>",
                "en-US": "Isler, Heinz [Isler, Heinz] (Schweizer Ingenieur, geboren 1926) (Swiss engineer, born 1926) <Ingenieur> Schällibaum, Hansueli [Schällibaum, Hansueli] <Ingenieur> Grob, Ernest (Swiss architect, 20th century) [Grob, Ernest] (Schweizer Architekt, tätig nach 1966) (Swiss architect, active after 1966) <Architekt>"
            }
        },
        "3": {
            "html": {
                "de-DE": "<span class=\"ez-format-space\">1970 - 1971</span><span class=\"ez-format-round-parentheses\">ungenau</span>",
                "en-US": "<span class=\"ez-format-space\">1970 - 1971</span><span class=\"ez-format-round-parentheses\">imprecise</span>"
            },
            "text": {
                "de-DE": "1970 - 1971 (ungenau)",
                "en-US": "1970 - 1971 (imprecise)"
            }
        }
    },
    "_format": "long",
    "_level": 1,
    "_sort": [
        113041
    ]
}