{
    "_system_object_id": 114912,
    "_tags": [
        {
            "_id": 19,
            "_name": {
                "de-DE": "Select Isler Project",
                "en-US": "Select Isler Project"
            }
        },
        {
            "_id": 91,
            "_name": {
                "de-DE": "Œuvres",
                "en-US": "Œuvres"
            }
        }
    ],
    "_exported_at": "2022-09-09T13:51:36+02:00",
    "oeu": {
        "oeu_nc_name": {
            "de-DE": "Landeskrankenhaus Mödling : Küchentrakt"
        },
        "oeu_descr_notes": "Büronummer: alt 78",
        "_id": 20268,
        "oeu_isler_subst_surface_value": 60000,
        "oeu_archive_exist_construct_timespan_uncert": {
            "_level": 1,
            "_has_children": false,
            "_mask": "generic_uncert__all_fields",
            "generic_uncertainty": {
                ":inner": [],
                "_id_parent": null,
                "_id": 5,
                ":inner:all": [],
                "_version": 3
            },
            "_system_object_id": 111523,
            "_format": "standard",
            "_uuid": "21f7fea3-a95e-42d5-ad96-c41c918bcd97",
            "_path": [
                {
                    "_mask": "generic_uncert__all_fields",
                    "_objecttype": "generic_uncertainty",
                    "_system_object_id": 111523,
                    "_format": "standard",
                    "_uuid": "21f7fea3-a95e-42d5-ad96-c41c918bcd97",
                    "generic_uncertainty": {
                        ":inner": [],
                        "_id_parent": null,
                        "_id": 5,
                        ":inner:all": [],
                        "_version": 3
                    },
                    "_has_children": false,
                    "_standard": {
                        "1": {
                            "html": {
                                "it-IT": "<span class=\"ez-output-1\"><span class=\"ez-format-comma\">ungenau</span></span>",
                                "de-DE": "<span class=\"ez-output-1\"><span class=\"ez-format-comma\">ungenau</span></span>",
                                "en-US": "<span class=\"ez-output-1\"><span class=\"ez-format-comma\">imprecise</span></span>",
                                "fr-FR": "<span class=\"ez-output-1\"><span class=\"ez-format-comma\">ungenau</span></span>"
                            },
                            "text": {
                                "it-IT": "ungenau",
                                "de-DE": "ungenau",
                                "en-US": "imprecise",
                                "fr-FR": "ungenau"
                            }
                        }
                    },
                    "_global_object_id": "111523@8ef36ec7-a3a5-4d62-acd5-1ee839f35aa5"
                }
            ],
            "_objecttype": "generic_uncertainty",
            "_sort": {
                "it-IT": "ungenau                                                         ungenau {5} ",
                "de-DE": "ungenau                                                         ungenau {5} ",
                "en-US": "imprecise                                                       imprecise {5} ",
                "fr-FR": "ungenau                                                         ungenau {5} "
            },
            "_global_object_id": "111523@8ef36ec7-a3a5-4d62-acd5-1ee839f35aa5",
            "_standard": {
                "1": {
                    "html": {
                        "it-IT": "<span class=\"ez-output-1\"><span class=\"ez-format-comma\">ungenau</span></span>",
                        "de-DE": "<span class=\"ez-output-1\"><span class=\"ez-format-comma\">ungenau</span></span>",
                        "en-US": "<span class=\"ez-output-1\"><span class=\"ez-format-comma\">imprecise</span></span>",
                        "fr-FR": "<span class=\"ez-output-1\"><span class=\"ez-format-comma\">ungenau</span></span>"
                    },
                    "text": {
                        "it-IT": "ungenau",
                        "de-DE": "ungenau",
                        "en-US": "imprecise",
                        "fr-FR": "ungenau"
                    }
                }
            }
        },
        ":inner": [],
        "oeu_descr_scientificcomment": {
            "de-DE": "Küchentrakt, 2 Industrie-Schalen 15 x 20 m, 600 m2. - Vermutlich abgerissen zugunsten eines Spitalneubaus."
        },
        "oeu_isler_subst_surface_unit": {
            "_level": 2,
            "_has_children": false,
            "_mask": "generic_dimensions__all_fields",
            "_system_object_id": 149851,
            "_uuid": "d8f89ff5-1d4f-450c-a0cb-32acd449cc1a",
            "_format": "standard",
            "generic_dimensions": {
                ":inner": [],
                "_id_parent": 1,
                "_id": 3,
                ":inner:all": [],
                "_version": 2
            },
            "_path": [
                {
                    "_mask": "generic_dimensions__all_fields",
                    "_objecttype": "generic_dimensions",
                    "_system_object_id": 149849,
                    "_uuid": "efd600c9-62a0-48a0-9123-8774369290c1",
                    "_format": "standard",
                    "generic_dimensions": {
                        ":inner": [],
                        "_id_parent": null,
                        "_id": 1,
                        ":inner:all": [],
                        "_version": 3
                    },
                    "_has_children": true,
                    "_standard": {
                        "1": {
                            "html": {
                                "it-IT": "<span class=\"ez-output-1\"><span class=\"ez-format-square-brackets\">[metrisch]</span></span>",
                                "de-DE": "<span class=\"ez-output-1\"><span class=\"ez-format-square-brackets\">[metrisch]</span></span>",
                                "en-US": "<span class=\"ez-output-1\"><span class=\"ez-format-square-brackets\">[metrisch]</span></span>",
                                "fr-FR": "<span class=\"ez-output-1\"><span class=\"ez-format-square-brackets\">[metrisch]</span></span>"
                            },
                            "text": {
                                "it-IT": "[[metrisch]]",
                                "de-DE": "[[metrisch]]",
                                "en-US": "[[metrisch]]",
                                "fr-FR": "[[metrisch]]"
                            }
                        }
                    },
                    "_global_object_id": "149849@8ef36ec7-a3a5-4d62-acd5-1ee839f35aa5"
                },
                {
                    "_mask": "generic_dimensions__all_fields",
                    "_objecttype": "generic_dimensions",
                    "_system_object_id": 149851,
                    "_uuid": "d8f89ff5-1d4f-450c-a0cb-32acd449cc1a",
                    "_format": "standard",
                    "generic_dimensions": {
                        ":inner": [],
                        "_id_parent": 1,
                        "_id": 3,
                        ":inner:all": [],
                        "_version": 2
                    },
                    "_has_children": false,
                    "_standard": {
                        "1": {
                            "html": {
                                "it-IT": "<span class=\"ez-output-1\"><span class=\"ez-format-square-brackets\">m2</span></span>",
                                "de-DE": "<span class=\"ez-output-1\"><span class=\"ez-format-square-brackets\">m2</span></span>",
                                "en-US": "<span class=\"ez-output-1\"><span class=\"ez-format-square-brackets\">m2</span></span>",
                                "fr-FR": "<span class=\"ez-output-1\"><span class=\"ez-format-square-brackets\">m2</span></span>"
                            },
                            "text": {
                                "it-IT": "[m2]",
                                "de-DE": "[m2]",
                                "en-US": "[m2]",
                                "fr-FR": "[m2]"
                            }
                        }
                    },
                    "_global_object_id": "149851@8ef36ec7-a3a5-4d62-acd5-1ee839f35aa5"
                }
            ],
            "_objecttype": "generic_dimensions",
            "_sort": {
                "it-IT": "[m2]                                                            [[metrisch]] {1} [m2] {3} ",
                "de-DE": "[m2]                                                            [[metrisch]] {1} [m2] {3} ",
                "en-US": "[m2]                                                            [[metrisch]] {1} [m2] {3} ",
                "fr-FR": "[m2]                                                            [[metrisch]] {1} [m2] {3} "
            },
            "_global_object_id": "149851@8ef36ec7-a3a5-4d62-acd5-1ee839f35aa5",
            "_standard": {
                "1": {
                    "html": {
                        "it-IT": "<span class=\"ez-output-1\"><span class=\"ez-format-square-brackets\">m2</span></span>",
                        "de-DE": "<span class=\"ez-output-1\"><span class=\"ez-format-square-brackets\">m2</span></span>",
                        "en-US": "<span class=\"ez-output-1\"><span class=\"ez-format-square-brackets\">m2</span></span>",
                        "fr-FR": "<span class=\"ez-output-1\"><span class=\"ez-format-square-brackets\">m2</span></span>"
                    },
                    "text": {
                        "it-IT": "[m2]",
                        "de-DE": "[m2]",
                        "en-US": "[m2]",
                        "fr-FR": "[m2]"
                    }
                }
            }
        },
        "oeu_import_missing_term_place": false,
        "oeu_nc_type": {
            "_has_children": false,
            "_level": 1,
            "_system_object_id": 63559,
            "_mask": "oeu_type__all_fields",
            "oeu_nc_type": {
                ":inner": [],
                "_id_parent": null,
                "_id": 1,
                ":inner:all": [],
                "_version": 4
            },
            "_uuid": "a321550f-d644-4ebc-9e41-93bac85aded7",
            "_format": "standard",
            "_path": [
                {
                    "oeu_nc_type": {
                        ":inner": [],
                        "_id_parent": null,
                        "_id": 1,
                        ":inner:all": [],
                        "_version": 4
                    },
                    "_mask": "oeu_type__all_fields",
                    "_objecttype": "oeu_nc_type",
                    "_system_object_id": 63559,
                    "_uuid": "a321550f-d644-4ebc-9e41-93bac85aded7",
                    "_format": "standard",
                    "_has_children": false,
                    "_standard": {
                        "1": {
                            "html": {
                                "it-IT": "<span class=\"ez-output-1\"><span class=\"ez-format-comma\">Oeuvre</span></span>",
                                "de-DE": "<span class=\"ez-output-1\"><span class=\"ez-format-comma\">Oeuvre</span></span>",
                                "en-US": "<span class=\"ez-output-1\"><span class=\"ez-format-comma\">Oeuvre</span></span>",
                                "fr-FR": "<span class=\"ez-output-1\"><span class=\"ez-format-comma\">Oeuvre</span></span>"
                            },
                            "text": {
                                "it-IT": "Oeuvre",
                                "de-DE": "Oeuvre",
                                "en-US": "Oeuvre",
                                "fr-FR": "Oeuvre"
                            }
                        }
                    },
                    "_global_object_id": "63559@8ef36ec7-a3a5-4d62-acd5-1ee839f35aa5"
                }
            ],
            "_objecttype": "oeu_nc_type",
            "_sort": {
                "it-IT": "Oeuvre                                                          Oeuvre {1} ",
                "de-DE": "Oeuvre                                                          Oeuvre {1} ",
                "en-US": "Oeuvre                                                          Oeuvre {1} ",
                "fr-FR": "Oeuvre                                                          Oeuvre {1} "
            },
            "_global_object_id": "63559@8ef36ec7-a3a5-4d62-acd5-1ee839f35aa5",
            "_standard": {
                "1": {
                    "html": {
                        "it-IT": "<span class=\"ez-output-1\"><span class=\"ez-format-comma\">Oeuvre</span></span>",
                        "de-DE": "<span class=\"ez-output-1\"><span class=\"ez-format-comma\">Oeuvre</span></span>",
                        "en-US": "<span class=\"ez-output-1\"><span class=\"ez-format-comma\">Oeuvre</span></span>",
                        "fr-FR": "<span class=\"ez-output-1\"><span class=\"ez-format-comma\">Oeuvre</span></span>"
                    },
                    "text": {
                        "it-IT": "Oeuvre",
                        "de-DE": "Oeuvre",
                        "en-US": "Oeuvre",
                        "fr-FR": "Oeuvre"
                    }
                }
            }
        },
        "oeu_archive_exist_construct_timespan": {
            "_middle": "1965-07-02T11:59:59Z",
            "_from": "1965-01-01T00:00:00Z",
            "from": "1965",
            "to": "1965",
            "_to": "1965-12-31T23:59:59Z"
        },
        "oeu_import_missing_term_person": false,
        "oeu_descr_legacy_places": "Objektort: Mödling",
        "oeu_descr_legacy_person": "Ingenieur: Heinz Isler; Ausführung: Anton Traunfellner GmbH (Wien)",
        "oeu_descr_legacy_chronology": "ausgeführt 1965",
        "_nested:oeu__oeu_archive_exist_construct_places": [
            {
                "oeu_archive_exist_construct_place_v2": {
                    "_mask": "pl_display_short",
                    "_tags": [
                        {
                            "_id": 23
                        },
                        {
                            "_id": 143
                        },
                        {
                            "_id": 148
                        },
                        {
                            "_id": 176
                        }
                    ],
                    "_path": [
                        {
                            "_mask": "pl_display_short",
                            "_objecttype": "pl",
                            "_tags": [
                                {
                                    "_id": 136
                                },
                                {
                                    "_id": 176
                                }
                            ],
                            "_system_object_id": 95963,
                            "_format": "standard",
                            "_uuid": "6fcb97c3-7e11-4d53-a0ad-9e208766a986",
                            "pl": {
                                "_id": 29843,
                                "_id_parent": null,
                                "_version": 17
                            },
                            "_standard": {
                                "1": {
                                    "html": {
                                        "it-IT": "<span class=\"ez-output-1\"><span class=\"ez-format-space\">World</span><span class=\"ez-format-round-parentheses\">Facetten (kontrolliertes Vokabular)</span></span>",
                                        "de-DE": "<span class=\"ez-output-1\"><span class=\"ez-format-space\">World</span><span class=\"ez-format-round-parentheses\">Facetten (kontrolliertes Vokabular)</span></span>",
                                        "en-US": "<span class=\"ez-output-1\"><span class=\"ez-format-space\">World</span><span class=\"ez-format-round-parentheses\">facets (controlled vocabulary)</span></span>",
                                        "fr-FR": "<span class=\"ez-output-1\"><span class=\"ez-format-space\">World</span><span class=\"ez-format-round-parentheses\">Facetten (kontrolliertes Vokabular)</span></span>"
                                    },
                                    "text": {
                                        "it-IT": "World (Facetten (kontrolliertes Vokabular))",
                                        "de-DE": "World (Facetten (kontrolliertes Vokabular))",
                                        "en-US": "World (facets (controlled vocabulary))",
                                        "fr-FR": "World (Facetten (kontrolliertes Vokabular))"
                                    }
                                }
                            },
                            "_global_object_id": "95963@8ef36ec7-a3a5-4d62-acd5-1ee839f35aa5",
                            "_has_children": true
                        },
                        {
                            "_mask": "pl_display_short",
                            "_objecttype": "pl",
                            "_tags": [
                                {
                                    "_id": 23
                                },
                                {
                                    "_id": 136
                                },
                                {
                                    "_id": 143
                                },
                                {
                                    "_id": 148
                                },
                                {
                                    "_id": 176
                                }
                            ],
                            "_system_object_id": 97704,
                            "_format": "standard",
                            "_uuid": "f2419b9d-172f-4ffc-97ea-020272da7988",
                            "pl": {
                                "_id": 31584,
                                "_id_parent": 29843,
                                "_version": 26
                            },
                            "_standard": {
                                "1": {
                                    "html": {
                                        "it-IT": "<span class=\"ez-output-1\"><span class=\"ez-format-space\">Europe</span><span class=\"ez-format-round-parentheses\">Kontinent</span></span>",
                                        "de-DE": "<span class=\"ez-output-1\"><span class=\"ez-format-space\">Europe</span><span class=\"ez-format-round-parentheses\">Kontinent</span></span>",
                                        "en-US": "<span class=\"ez-output-1\"><span class=\"ez-format-space\">Europe</span><span class=\"ez-format-round-parentheses\">continents</span></span>",
                                        "fr-FR": "<span class=\"ez-output-1\"><span class=\"ez-format-space\">Europe</span><span class=\"ez-format-round-parentheses\">Kontinent</span></span>"
                                    },
                                    "text": {
                                        "it-IT": "Europe (Kontinent)",
                                        "de-DE": "Europe (Kontinent)",
                                        "en-US": "Europe (continents)",
                                        "fr-FR": "Europe (Kontinent)"
                                    }
                                }
                            },
                            "_global_object_id": "97704@8ef36ec7-a3a5-4d62-acd5-1ee839f35aa5",
                            "_has_children": true
                        },
                        {
                            "_mask": "pl_display_short",
                            "_objecttype": "pl",
                            "_tags": [
                                {
                                    "_id": 23
                                },
                                {
                                    "_id": 136
                                },
                                {
                                    "_id": 143
                                },
                                {
                                    "_id": 148
                                },
                                {
                                    "_id": 176
                                }
                            ],
                            "_system_object_id": 98136,
                            "_format": "standard",
                            "_uuid": "f3e689bc-dcd9-4737-926e-9d80fc028837",
                            "pl": {
                                "_id": 32016,
                                "_id_parent": 31584,
                                "_version": 34
                            },
                            "_standard": {
                                "1": {
                                    "html": {
                                        "it-IT": "<span class=\"ez-output-1\"><span class=\"ez-format-space\">&#xD6;sterreich</span><span class=\"ez-format-round-parentheses\">souver&#xE4;ner Staat</span></span>",
                                        "de-DE": "<span class=\"ez-output-1\"><span class=\"ez-format-space\">&#xD6;sterreich</span><span class=\"ez-format-round-parentheses\">souver&#xE4;ner Staat</span></span>",
                                        "en-US": "<span class=\"ez-output-1\"><span class=\"ez-format-space\">&#xD6;sterreich</span><span class=\"ez-format-round-parentheses\">sovereign state</span></span>",
                                        "fr-FR": "<span class=\"ez-output-1\"><span class=\"ez-format-space\">&#xD6;sterreich</span><span class=\"ez-format-round-parentheses\">souver&#xE4;ner Staat</span></span>"
                                    },
                                    "text": {
                                        "it-IT": "Österreich (souveräner Staat)",
                                        "de-DE": "Österreich (souveräner Staat)",
                                        "en-US": "Österreich (sovereign state)",
                                        "fr-FR": "Österreich (souveräner Staat)"
                                    }
                                }
                            },
                            "_global_object_id": "98136@8ef36ec7-a3a5-4d62-acd5-1ee839f35aa5",
                            "_has_children": true
                        },
                        {
                            "_mask": "pl_display_short",
                            "_objecttype": "pl",
                            "_tags": [
                                {
                                    "_id": 143
                                },
                                {
                                    "_id": 148
                                },
                                {
                                    "_id": 176
                                }
                            ],
                            "_system_object_id": 98218,
                            "_format": "standard",
                            "_uuid": "7636f7b4-5269-4f9d-8205-3f97ff0be7fe",
                            "pl": {
                                "_id": 32098,
                                "_id_parent": 32016,
                                "_version": 27
                            },
                            "_standard": {
                                "1": {
                                    "html": {
                                        "it-IT": "<span class=\"ez-output-1\"><span class=\"ez-format-space\">Nieder&#xF6;sterreich</span><span class=\"ez-format-round-parentheses\">Bundesland in &#xD6;sterreich</span></span>",
                                        "de-DE": "<span class=\"ez-output-1\"><span class=\"ez-format-space\">Nieder&#xF6;sterreich</span><span class=\"ez-format-round-parentheses\">Bundesland in &#xD6;sterreich</span></span>",
                                        "en-US": "<span class=\"ez-output-1\"><span class=\"ez-format-space\">Nieder&#xF6;sterreich</span><span class=\"ez-format-round-parentheses\">state of Austria</span></span>",
                                        "fr-FR": "<span class=\"ez-output-1\"><span class=\"ez-format-space\">Nieder&#xF6;sterreich</span><span class=\"ez-format-round-parentheses\">Bundesland in &#xD6;sterreich</span></span>"
                                    },
                                    "text": {
                                        "it-IT": "Niederösterreich (Bundesland in Österreich)",
                                        "de-DE": "Niederösterreich (Bundesland in Österreich)",
                                        "en-US": "Niederösterreich (state of Austria)",
                                        "fr-FR": "Niederösterreich (Bundesland in Österreich)"
                                    }
                                }
                            },
                            "_global_object_id": "98218@8ef36ec7-a3a5-4d62-acd5-1ee839f35aa5",
                            "_has_children": true
                        },
                        {
                            "_mask": "pl_display_short",
                            "_objecttype": "pl",
                            "_tags": [
                                {
                                    "_id": 143
                                },
                                {
                                    "_id": 148
                                },
                                {
                                    "_id": 176
                                }
                            ],
                            "_system_object_id": 717711,
                            "_format": "standard",
                            "_uuid": "060769e7-be56-435b-b3d4-02463b62759c",
                            "pl": {
                                "_id": 113672,
                                "_id_parent": 32098,
                                "_version": 11
                            },
                            "_standard": {
                                "1": {
                                    "html": {
                                        "it-IT": "<span class=\"ez-output-1\"><span class=\"ez-format-space\">Bezirk M&#xF6;dling</span><span class=\"ez-format-round-parentheses\">Bezirk in &#xD6;sterreich</span><span class=\"ez-format-round-parentheses\">Bezirk in &#xD6;sterreich</span></span>",
                                        "de-DE": "<span class=\"ez-output-1\"><span class=\"ez-format-space\">Bezirk M&#xF6;dling</span><span class=\"ez-format-round-parentheses\">Bezirk in &#xD6;sterreich</span><span class=\"ez-format-round-parentheses\">Bezirk in &#xD6;sterreich</span></span>",
                                        "en-US": "<span class=\"ez-output-1\"><span class=\"ez-format-space\">Bezirk M&#xF6;dling</span><span class=\"ez-format-round-parentheses\">district of Austria</span><span class=\"ez-format-round-parentheses\">Bezirk in &#xD6;sterreich</span></span>",
                                        "fr-FR": "<span class=\"ez-output-1\"><span class=\"ez-format-space\">Bezirk M&#xF6;dling</span><span class=\"ez-format-round-parentheses\">Bezirk in &#xD6;sterreich</span><span class=\"ez-format-round-parentheses\">Bezirk in &#xD6;sterreich</span></span>"
                                    },
                                    "text": {
                                        "it-IT": "Bezirk Mödling (Bezirk in Österreich) (Bezirk in Österreich)",
                                        "de-DE": "Bezirk Mödling (Bezirk in Österreich) (Bezirk in Österreich)",
                                        "en-US": "Bezirk Mödling (district of Austria) (Bezirk in Österreich)",
                                        "fr-FR": "Bezirk Mödling (Bezirk in Österreich) (Bezirk in Österreich)"
                                    }
                                }
                            },
                            "_global_object_id": "717711@8ef36ec7-a3a5-4d62-acd5-1ee839f35aa5",
                            "_has_children": true
                        },
                        {
                            "_mask": "pl_display_short",
                            "_objecttype": "pl",
                            "_tags": [
                                {
                                    "_id": 23
                                },
                                {
                                    "_id": 143
                                },
                                {
                                    "_id": 148
                                },
                                {
                                    "_id": 176
                                }
                            ],
                            "_system_object_id": 98241,
                            "_format": "standard",
                            "_uuid": "43c97cd2-fc17-4f82-b7a6-658556b3b9ef",
                            "pl": {
                                "_id": 32121,
                                "_id_parent": 113672,
                                "_version": 29
                            },
                            "_global_object_id": "98241@8ef36ec7-a3a5-4d62-acd5-1ee839f35aa5",
                            "_standard": {
                                "1": {
                                    "html": {
                                        "it-IT": "<span class=\"ez-output-1\"><span class=\"ez-format-space\">M&#xF6;dling</span><span class=\"ez-format-round-parentheses\">Gemeinde in &#xD6;sterreich</span></span>",
                                        "de-DE": "<span class=\"ez-output-1\"><span class=\"ez-format-space\">M&#xF6;dling</span><span class=\"ez-format-round-parentheses\">Gemeinde in &#xD6;sterreich</span></span>",
                                        "en-US": "<span class=\"ez-output-1\"><span class=\"ez-format-space\">M&#xF6;dling</span><span class=\"ez-format-round-parentheses\">municipality of Austria</span></span>",
                                        "fr-FR": "<span class=\"ez-output-1\"><span class=\"ez-format-space\">M&#xF6;dling</span><span class=\"ez-format-round-parentheses\">Gemeinde in &#xD6;sterreich</span></span>"
                                    },
                                    "text": {
                                        "it-IT": "Mödling (Gemeinde in Österreich)",
                                        "de-DE": "Mödling (Gemeinde in Österreich)",
                                        "en-US": "Mödling (municipality of Austria)",
                                        "fr-FR": "Mödling (Gemeinde in Österreich)"
                                    }
                                }
                            },
                            "_has_children": false
                        }
                    ],
                    "_sort": {
                        "it-IT": "Mödling (Gemeinde in Österreich)                              World (Facetten (kontrolliertes Vokabular)) {29843} Europe (Kontinent) {31584} Österreich (souveräner Staat) {32016} Niederösterreich (Bundesland in Österreich) {32098} Bezirk Mödling (Bezirk in Österreich) (Bezirk in Österreich) {113672} Mödling (Gemeinde in Österreich) {32121} ",
                        "de-DE": "Mödling (Gemeinde in Österreich)                              World (Facetten (kontrolliertes Vokabular)) {29843} Europe (Kontinent) {31584} Österreich (souveräner Staat) {32016} Niederösterreich (Bundesland in Österreich) {32098} Bezirk Mödling (Bezirk in Österreich) (Bezirk in Österreich) {113672} Mödling (Gemeinde in Österreich) {32121} ",
                        "en-US": "Mödling (municipality of Austria)                              World (facets (controlled vocabulary)) {29843} Europe (continents) {31584} Österreich (sovereign state) {32016} Niederösterreich (state of Austria) {32098} Bezirk Mödling (district of Austria) (Bezirk in Österreich) {113672} Mödling (municipality of Austria) {32121} ",
                        "fr-FR": "Mödling (Gemeinde in Österreich)                              World (Facetten (kontrolliertes Vokabular)) {29843} Europe (Kontinent) {31584} Österreich (souveräner Staat) {32016} Niederösterreich (Bundesland in Österreich) {32098} Bezirk Mödling (Bezirk in Österreich) (Bezirk in Österreich) {113672} Mödling (Gemeinde in Österreich) {32121} "
                    },
                    "pl": {
                        "_pool": {
                            "pool": {
                                "name": {
                                    "de-DE": "601-Import by Nations",
                                    "en-US": "601-Import by Nations"
                                },
                                "_id": 105,
                                "_id_parent": 67
                            },
                            "_level": 5,
                            "_path": [
                                {
                                    "pool": {
                                        "name": {
                                            "de-DE": "Alle Pools",
                                            "en-US": "All pools"
                                        },
                                        "_id": 1
                                    },
                                    "_basetype": "pool"
                                },
                                {
                                    "pool": {
                                        "name": {
                                            "de-DE": "Reference Data",
                                            "en-US": "Reference Data"
                                        },
                                        "_id": 3,
                                        "_id_parent": 1
                                    },
                                    "_basetype": "pool"
                                },
                                {
                                    "pool": {
                                        "name": {
                                            "de-DE": "Places",
                                            "en-US": "Places"
                                        },
                                        "_id": 63,
                                        "_id_parent": 3
                                    },
                                    "_basetype": "pool"
                                },
                                {
                                    "pool": {
                                        "name": {
                                            "de-DE": "WikiData",
                                            "en-US": "WikiData"
                                        },
                                        "_id": 67,
                                        "_id_parent": 63
                                    },
                                    "_basetype": "pool"
                                },
                                {
                                    "pool": {
                                        "name": {
                                            "de-DE": "601-Import by Nations",
                                            "en-US": "601-Import by Nations"
                                        },
                                        "_id": 105,
                                        "_id_parent": 67
                                    },
                                    "_basetype": "pool"
                                }
                            ],
                            "_basetype": "pool"
                        },
                        "_id": 32121,
                        "_id_parent": 113672,
                        "_version": 29
                    },
                    "_global_object_id": "98241@8ef36ec7-a3a5-4d62-acd5-1ee839f35aa5",
                    "_standard": {
                        "1": {
                            "html": {
                                "it-IT": "<span class=\"ez-output-1\"><span class=\"ez-format-space\">M&#xF6;dling</span><span class=\"ez-format-round-parentheses\">Gemeinde in &#xD6;sterreich</span></span>",
                                "de-DE": "<span class=\"ez-output-1\"><span class=\"ez-format-space\">M&#xF6;dling</span><span class=\"ez-format-round-parentheses\">Gemeinde in &#xD6;sterreich</span></span>",
                                "en-US": "<span class=\"ez-output-1\"><span class=\"ez-format-space\">M&#xF6;dling</span><span class=\"ez-format-round-parentheses\">municipality of Austria</span></span>",
                                "fr-FR": "<span class=\"ez-output-1\"><span class=\"ez-format-space\">M&#xF6;dling</span><span class=\"ez-format-round-parentheses\">Gemeinde in &#xD6;sterreich</span></span>"
                            },
                            "text": {
                                "it-IT": "Mödling (Gemeinde in Österreich)",
                                "de-DE": "Mödling (Gemeinde in Österreich)",
                                "en-US": "Mödling (municipality of Austria)",
                                "fr-FR": "Mödling (Gemeinde in Österreich)"
                            }
                        }
                    },
                    "_uuid": "43c97cd2-fc17-4f82-b7a6-658556b3b9ef",
                    "_level": 6,
                    "_has_children": false,
                    "_system_object_id": 98241,
                    "_format": "standard",
                    "_objecttype": "pl"
                },
                "_standard": {}
            }
        ],
        "_id_parent": null,
        "_pool": {
            "pool": {
                "name": {
                    "de-DE": "gta Aarchives",
                    "en-US": "gta Archives"
                },
                "_id": 92,
                "_id_parent": 91
            },
            "_level": 5,
            "_path": [
                {
                    "pool": {
                        "name": {
                            "de-DE": "Alle Pools",
                            "en-US": "All pools"
                        },
                        "_id": 1
                    },
                    "_basetype": "pool"
                },
                {
                    "pool": {
                        "name": {
                            "de-DE": "Reference Data",
                            "en-US": "Reference Data"
                        },
                        "_id": 3,
                        "_id_parent": 1
                    },
                    "_basetype": "pool"
                },
                {
                    "pool": {
                        "name": {
                            "de-DE": "Generic",
                            "en-US": "Generic"
                        },
                        "_id": 90,
                        "_id_parent": 3
                    },
                    "_basetype": "pool"
                },
                {
                    "pool": {
                        "name": {
                            "de-DE": "gta Institute",
                            "en-US": "gta Institute"
                        },
                        "_id": 91,
                        "_id_parent": 90
                    },
                    "_basetype": "pool"
                },
                {
                    "pool": {
                        "name": {
                            "de-DE": "gta Aarchives",
                            "en-US": "gta Archives"
                        },
                        "_id": 92,
                        "_id_parent": 91
                    },
                    "_basetype": "pool"
                }
            ],
            "_basetype": "pool"
        },
        "oeu_import_uuid": "9C5F1BC1-D8CF-49BF-987A-F565117F8186",
        "oeu_import_uuid_hierarchical": "9C5F1BC1-D8CF-49BF-987A-F565117F8186",
        "_nested:oeu__oeu_isler_subst_shell": [
            {
                "oeu__isler_subst_shell_nr": 2,
                "oeu_isler_subst_shell_measurement_value": "15 x 20",
                "_standard": {}
            }
        ],
        ":inner:all": [],
        "_version": 18,
        "_nested:oeu__oeu_archive_ar_creation": [
            {
                "oeu_archive_ar_creation_actor": {
                    "_mask": "act__shortest",
                    "act": {
                        "_pool": {
                            "pool": {
                                "name": {
                                    "de-DE": "Dataset B",
                                    "en-US": "Dataset B"
                                },
                                "_id": 32,
                                "_id_parent": 4
                            },
                            "_level": 4,
                            "_path": [
                                {
                                    "pool": {
                                        "name": {
                                            "de-DE": "Alle Pools",
                                            "en-US": "All pools"
                                        },
                                        "_id": 1
                                    },
                                    "_basetype": "pool"
                                },
                                {
                                    "pool": {
                                        "name": {
                                            "de-DE": "Reference Data",
                                            "en-US": "Reference Data"
                                        },
                                        "_id": 3,
                                        "_id_parent": 1
                                    },
                                    "_basetype": "pool"
                                },
                                {
                                    "pool": {
                                        "name": {
                                            "de-DE": "gta Digital",
                                            "en-US": "gta Digital"
                                        },
                                        "_id": 4,
                                        "_id_parent": 3
                                    },
                                    "_basetype": "pool"
                                },
                                {
                                    "pool": {
                                        "name": {
                                            "de-DE": "Dataset B",
                                            "en-US": "Dataset B"
                                        },
                                        "_id": 32,
                                        "_id_parent": 4
                                    },
                                    "_basetype": "pool"
                                }
                            ],
                            "_basetype": "pool"
                        },
                        "_id": 28184,
                        "_id_parent": null,
                        "_version": 28
                    },
                    "_tags": [
                        {
                            "_id": 31
                        },
                        {
                            "_id": 77
                        },
                        {
                            "_id": 88
                        },
                        {
                            "_id": 176
                        }
                    ],
                    "_path": [
                        {
                            "_system_object_id": 54908,
                            "act": {
                                "_id": 28184,
                                "_id_parent": null,
                                "_version": 28
                            },
                            "_tags": [
                                {
                                    "_id": 31
                                },
                                {
                                    "_id": 77
                                },
                                {
                                    "_id": 88
                                },
                                {
                                    "_id": 176
                                }
                            ],
                            "_mask": "act__shortest",
                            "_format": "standard",
                            "_objecttype": "act",
                            "_uuid": "40c02a93-9a52-482a-9175-9b1a1eb7cbfd",
                            "_has_children": false,
                            "_standard": {
                                "1": {
                                    "html": {
                                        "it-IT": "<span class=\"ez-output-1\"><span class=\"ez-format-space\">Isler, Heinz</span><span class=\"ez-format-square-brackets\">Isler, Heinz</span><span class=\"ez-format-round-parentheses\">Schweizer Ingenieur, geboren 1926</span><span class=\"ez-format-round-parentheses\">Swiss engineer, born 1926</span></span>",
                                        "de-DE": "<span class=\"ez-output-1\"><span class=\"ez-format-space\">Isler, Heinz</span><span class=\"ez-format-round-parentheses\">Schweizer Bauingenieur, 1926-2009</span><span class=\"ez-format-square-brackets\">Isler, Heinz</span><span class=\"ez-format-round-parentheses\">Schweizer Ingenieur, geboren 1926</span><span class=\"ez-format-round-parentheses\">Swiss engineer, born 1926</span></span>",
                                        "en-US": "<span class=\"ez-output-1\"><span class=\"ez-format-space\">Isler, Heinz</span><span class=\"ez-format-square-brackets\">Isler, Heinz</span><span class=\"ez-format-round-parentheses\">Schweizer Ingenieur, geboren 1926</span><span class=\"ez-format-round-parentheses\">Swiss engineer, born 1926</span></span>",
                                        "fr-FR": "<span class=\"ez-output-1\"><span class=\"ez-format-space\">Isler, Heinz</span><span class=\"ez-format-square-brackets\">Isler, Heinz</span><span class=\"ez-format-round-parentheses\">Schweizer Ingenieur, geboren 1926</span><span class=\"ez-format-round-parentheses\">Swiss engineer, born 1926</span></span>"
                                    },
                                    "text": {
                                        "it-IT": "Isler, Heinz [Isler, Heinz] (Schweizer Ingenieur, geboren 1926) (Swiss engineer, born 1926)",
                                        "de-DE": "Isler, Heinz (Schweizer Bauingenieur, 1926-2009) [Isler, Heinz] (Schweizer Ingenieur, geboren 1926) (Swiss engineer, born 1926)",
                                        "en-US": "Isler, Heinz [Isler, Heinz] (Schweizer Ingenieur, geboren 1926) (Swiss engineer, born 1926)",
                                        "fr-FR": "Isler, Heinz [Isler, Heinz] (Schweizer Ingenieur, geboren 1926) (Swiss engineer, born 1926)"
                                    }
                                }
                            },
                            "_global_object_id": "54908@8ef36ec7-a3a5-4d62-acd5-1ee839f35aa5"
                        }
                    ],
                    "_sort": {
                        "it-IT": "Isler, Heinz [Isler, Heinz] (Schweizer Ingenieur, geboren 1926) (Swiss engineer, born 1926)Isler, Heinz [Isler, Heinz] (Schweizer Ingenieur, geboren 1926) (Swiss engineer, born 1926) {28184} ",
                        "de-DE": "Isler, Heinz (Schweizer Bauingenieur, 1926-2009) [Isler, Heinz] (Schweizer Ingenieur, geboren 1926) (Swiss engineer, born 1926)Isler, Heinz (Schweizer Bauingenieur, 1926-2009) [Isler, Heinz] (Schweizer Ingenieur, geboren 1926) (Swiss engineer, born 1926) {28184} ",
                        "en-US": "Isler, Heinz [Isler, Heinz] (Schweizer Ingenieur, geboren 1926) (Swiss engineer, born 1926)Isler, Heinz [Isler, Heinz] (Schweizer Ingenieur, geboren 1926) (Swiss engineer, born 1926) {28184} ",
                        "fr-FR": "Isler, Heinz [Isler, Heinz] (Schweizer Ingenieur, geboren 1926) (Swiss engineer, born 1926)Isler, Heinz [Isler, Heinz] (Schweizer Ingenieur, geboren 1926) (Swiss engineer, born 1926) {28184} "
                    },
                    "_standard": {
                        "1": {
                            "html": {
                                "it-IT": "<span class=\"ez-output-1\"><span class=\"ez-format-space\">Isler, Heinz</span><span class=\"ez-format-square-brackets\">Isler, Heinz</span><span class=\"ez-format-round-parentheses\">Schweizer Ingenieur, geboren 1926</span><span class=\"ez-format-round-parentheses\">Swiss engineer, born 1926</span></span>",
                                "de-DE": "<span class=\"ez-output-1\"><span class=\"ez-format-space\">Isler, Heinz</span><span class=\"ez-format-round-parentheses\">Schweizer Bauingenieur, 1926-2009</span><span class=\"ez-format-square-brackets\">Isler, Heinz</span><span class=\"ez-format-round-parentheses\">Schweizer Ingenieur, geboren 1926</span><span class=\"ez-format-round-parentheses\">Swiss engineer, born 1926</span></span>",
                                "en-US": "<span class=\"ez-output-1\"><span class=\"ez-format-space\">Isler, Heinz</span><span class=\"ez-format-square-brackets\">Isler, Heinz</span><span class=\"ez-format-round-parentheses\">Schweizer Ingenieur, geboren 1926</span><span class=\"ez-format-round-parentheses\">Swiss engineer, born 1926</span></span>",
                                "fr-FR": "<span class=\"ez-output-1\"><span class=\"ez-format-space\">Isler, Heinz</span><span class=\"ez-format-square-brackets\">Isler, Heinz</span><span class=\"ez-format-round-parentheses\">Schweizer Ingenieur, geboren 1926</span><span class=\"ez-format-round-parentheses\">Swiss engineer, born 1926</span></span>"
                            },
                            "text": {
                                "it-IT": "Isler, Heinz [Isler, Heinz] (Schweizer Ingenieur, geboren 1926) (Swiss engineer, born 1926)",
                                "de-DE": "Isler, Heinz (Schweizer Bauingenieur, 1926-2009) [Isler, Heinz] (Schweizer Ingenieur, geboren 1926) (Swiss engineer, born 1926)",
                                "en-US": "Isler, Heinz [Isler, Heinz] (Schweizer Ingenieur, geboren 1926) (Swiss engineer, born 1926)",
                                "fr-FR": "Isler, Heinz [Isler, Heinz] (Schweizer Ingenieur, geboren 1926) (Swiss engineer, born 1926)"
                            }
                        }
                    },
                    "_global_object_id": "54908@8ef36ec7-a3a5-4d62-acd5-1ee839f35aa5",
                    "_uuid": "40c02a93-9a52-482a-9175-9b1a1eb7cbfd",
                    "_level": 1,
                    "_has_children": false,
                    "_system_object_id": 54908,
                    "_format": "standard",
                    "_objecttype": "act"
                },
                "oeu_archive_ar_creation_actor_role": {
                    "_mask": "act_role__all_fields",
                    "_tags": [],
                    "_path": [
                        {
                            "_mask": "act_role__all_fields",
                            "_objecttype": "act_role",
                            "_tags": [],
                            "_system_object_id": 639073,
                            "_format": "standard",
                            "_uuid": "d37e37c0-c91b-4ada-a2c0-3698ad72e684",
                            "_has_children": true,
                            "act_role": {
                                ":inner": [],
                                "_id_parent": null,
                                "_id": 188,
                                ":inner:all": [],
                                "_version": 2
                            },
                            "_global_object_id": "639073@8ef36ec7-a3a5-4d62-acd5-1ee839f35aa5",
                            "_standard": {
                                "1": {
                                    "html": {
                                        "it-IT": "<span class=\"ez-output-1\"><span class=\"ez-format-comma\">[Oeuvres/Projects]</span></span>",
                                        "de-DE": "<span class=\"ez-output-1\"><span class=\"ez-format-comma\">[Oeuvres/Projects]</span></span>",
                                        "en-US": "<span class=\"ez-output-1\"><span class=\"ez-format-comma\">[Oeuvres/Projects]</span></span>",
                                        "fr-FR": "<span class=\"ez-output-1\"><span class=\"ez-format-comma\">[Oeuvres/Projects]</span></span>"
                                    },
                                    "text": {
                                        "it-IT": "[Oeuvres/Projects]",
                                        "de-DE": "[Oeuvres/Projects]",
                                        "en-US": "[Oeuvres/Projects]",
                                        "fr-FR": "[Oeuvres/Projects]"
                                    }
                                }
                            }
                        },
                        {
                            "_mask": "act_role__all_fields",
                            "_objecttype": "act_role",
                            "_tags": [],
                            "_system_object_id": 49949,
                            "_format": "standard",
                            "_uuid": "a1e1d619-d742-4f8f-930e-5d08c297bae6",
                            "_has_children": false,
                            "_global_object_id": "49949@8ef36ec7-a3a5-4d62-acd5-1ee839f35aa5",
                            "_standard": {
                                "1": {
                                    "html": {
                                        "it-IT": "<span class=\"ez-output-1\"><span class=\"ez-format-comma\">Ingenieur</span></span>",
                                        "de-DE": "<span class=\"ez-output-1\"><span class=\"ez-format-comma\">Ingenieur</span></span>",
                                        "en-US": "<span class=\"ez-output-1\"><span class=\"ez-format-comma\">Ingenieur</span></span>",
                                        "fr-FR": "<span class=\"ez-output-1\"><span class=\"ez-format-comma\">Ingenieur</span></span>"
                                    },
                                    "text": {
                                        "it-IT": "Ingenieur",
                                        "de-DE": "Ingenieur",
                                        "en-US": "Ingenieur",
                                        "fr-FR": "Ingenieur"
                                    }
                                }
                            },
                            "act_role": {
                                ":inner": [],
                                "_id_parent": 188,
                                "_id": 84,
                                ":inner:all": [],
                                "_version": 2
                            }
                        }
                    ],
                    "_sort": {
                        "it-IT": "Ingenieur                                                       [Oeuvres/Projects] {188} Ingenieur {84} ",
                        "de-DE": "Ingenieur                                                       [Oeuvres/Projects] {188} Ingenieur {84} ",
                        "en-US": "Ingenieur                                                       [Oeuvres/Projects] {188} Ingenieur {84} ",
                        "fr-FR": "Ingenieur                                                       [Oeuvres/Projects] {188} Ingenieur {84} "
                    },
                    "_global_object_id": "49949@8ef36ec7-a3a5-4d62-acd5-1ee839f35aa5",
                    "_standard": {
                        "1": {
                            "html": {
                                "it-IT": "<span class=\"ez-output-1\"><span class=\"ez-format-comma\">Ingenieur</span></span>",
                                "de-DE": "<span class=\"ez-output-1\"><span class=\"ez-format-comma\">Ingenieur</span></span>",
                                "en-US": "<span class=\"ez-output-1\"><span class=\"ez-format-comma\">Ingenieur</span></span>",
                                "fr-FR": "<span class=\"ez-output-1\"><span class=\"ez-format-comma\">Ingenieur</span></span>"
                            },
                            "text": {
                                "it-IT": "Ingenieur",
                                "de-DE": "Ingenieur",
                                "en-US": "Ingenieur",
                                "fr-FR": "Ingenieur"
                            }
                        }
                    },
                    "_uuid": "a1e1d619-d742-4f8f-930e-5d08c297bae6",
                    "_level": 2,
                    "_has_children": false,
                    "_system_object_id": 49949,
                    "_format": "standard",
                    "_objecttype": "act_role",
                    "act_role": {
                        ":inner": [],
                        "_id_parent": 188,
                        "_id": 84,
                        ":inner:all": [],
                        "_version": 2
                    }
                },
                "_standard": {}
            },
            {
                "oeu_archive_ar_creation_actor": {
                    "_mask": "act__shortest",
                    "act": {
                        "_pool": {
                            "pool": {
                                "name": {
                                    "de-DE": "Dataset A",
                                    "en-US": "Dataset A"
                                },
                                "_id": 33,
                                "_id_parent": 4
                            },
                            "_level": 4,
                            "_path": [
                                {
                                    "pool": {
                                        "name": {
                                            "de-DE": "Alle Pools",
                                            "en-US": "All pools"
                                        },
                                        "_id": 1
                                    },
                                    "_basetype": "pool"
                                },
                                {
                                    "pool": {
                                        "name": {
                                            "de-DE": "Reference Data",
                                            "en-US": "Reference Data"
                                        },
                                        "_id": 3,
                                        "_id_parent": 1
                                    },
                                    "_basetype": "pool"
                                },
                                {
                                    "pool": {
                                        "name": {
                                            "de-DE": "gta Digital",
                                            "en-US": "gta Digital"
                                        },
                                        "_id": 4,
                                        "_id_parent": 3
                                    },
                                    "_basetype": "pool"
                                },
                                {
                                    "pool": {
                                        "name": {
                                            "de-DE": "Dataset A",
                                            "en-US": "Dataset A"
                                        },
                                        "_id": 33,
                                        "_id_parent": 4
                                    },
                                    "_basetype": "pool"
                                }
                            ],
                            "_basetype": "pool"
                        },
                        "_id": 2353,
                        "_id_parent": null,
                        "_version": 15
                    },
                    "_tags": [
                        {
                            "_id": 90
                        },
                        {
                            "_id": 176
                        }
                    ],
                    "_path": [
                        {
                            "_system_object_id": 24189,
                            "act": {
                                "_id": 2353,
                                "_id_parent": null,
                                "_version": 15
                            },
                            "_tags": [
                                {
                                    "_id": 90
                                },
                                {
                                    "_id": 176
                                }
                            ],
                            "_mask": "act__shortest",
                            "_format": "standard",
                            "_objecttype": "act",
                            "_uuid": "9fa066a3-d807-4440-bcec-ab1cbe5a9aa5",
                            "_has_children": false,
                            "_standard": {
                                "1": {
                                    "html": {
                                        "it-IT": "<span class=\"ez-output-1\"><span class=\"ez-format-space\">Anton Traunfellner GmbH</span><span class=\"ez-format-square-brackets\">Traunfellner, Anton</span></span>",
                                        "de-DE": "<span class=\"ez-output-1\"><span class=\"ez-format-space\">Anton Traunfellner GmbH</span><span class=\"ez-format-round-parentheses\">&#xD6;sterreichisches Bauunternehmen, gegr&#xFC;ndet 1889</span><span class=\"ez-format-square-brackets\">Traunfellner, Anton</span></span>",
                                        "en-US": "<span class=\"ez-output-1\"><span class=\"ez-format-space\">Anton Traunfellner GmbH</span><span class=\"ez-format-square-brackets\">Traunfellner, Anton</span></span>",
                                        "fr-FR": "<span class=\"ez-output-1\"><span class=\"ez-format-space\">Anton Traunfellner GmbH</span><span class=\"ez-format-square-brackets\">Traunfellner, Anton</span></span>"
                                    },
                                    "text": {
                                        "it-IT": "Anton Traunfellner GmbH [Traunfellner, Anton]",
                                        "de-DE": "Anton Traunfellner GmbH (Österreichisches Bauunternehmen, gegründet 1889) [Traunfellner, Anton]",
                                        "en-US": "Anton Traunfellner GmbH [Traunfellner, Anton]",
                                        "fr-FR": "Anton Traunfellner GmbH [Traunfellner, Anton]"
                                    }
                                }
                            },
                            "_global_object_id": "24189@8ef36ec7-a3a5-4d62-acd5-1ee839f35aa5"
                        }
                    ],
                    "_sort": {
                        "it-IT": "Anton Traunfellner GmbH [Traunfellner, Anton]                   Anton Traunfellner GmbH [Traunfellner, Anton] {2353} ",
                        "de-DE": "Anton Traunfellner GmbH (Österreichisches Bauunternehmen, gegründet 1889) [Traunfellner, Anton]Anton Traunfellner GmbH (Österreichisches Bauunternehmen, gegründet 1889) [Traunfellner, Anton] {2353} ",
                        "en-US": "Anton Traunfellner GmbH [Traunfellner, Anton]                   Anton Traunfellner GmbH [Traunfellner, Anton] {2353} ",
                        "fr-FR": "Anton Traunfellner GmbH [Traunfellner, Anton]                   Anton Traunfellner GmbH [Traunfellner, Anton] {2353} "
                    },
                    "_standard": {
                        "1": {
                            "html": {
                                "it-IT": "<span class=\"ez-output-1\"><span class=\"ez-format-space\">Anton Traunfellner GmbH</span><span class=\"ez-format-square-brackets\">Traunfellner, Anton</span></span>",
                                "de-DE": "<span class=\"ez-output-1\"><span class=\"ez-format-space\">Anton Traunfellner GmbH</span><span class=\"ez-format-round-parentheses\">&#xD6;sterreichisches Bauunternehmen, gegr&#xFC;ndet 1889</span><span class=\"ez-format-square-brackets\">Traunfellner, Anton</span></span>",
                                "en-US": "<span class=\"ez-output-1\"><span class=\"ez-format-space\">Anton Traunfellner GmbH</span><span class=\"ez-format-square-brackets\">Traunfellner, Anton</span></span>",
                                "fr-FR": "<span class=\"ez-output-1\"><span class=\"ez-format-space\">Anton Traunfellner GmbH</span><span class=\"ez-format-square-brackets\">Traunfellner, Anton</span></span>"
                            },
                            "text": {
                                "it-IT": "Anton Traunfellner GmbH [Traunfellner, Anton]",
                                "de-DE": "Anton Traunfellner GmbH (Österreichisches Bauunternehmen, gegründet 1889) [Traunfellner, Anton]",
                                "en-US": "Anton Traunfellner GmbH [Traunfellner, Anton]",
                                "fr-FR": "Anton Traunfellner GmbH [Traunfellner, Anton]"
                            }
                        }
                    },
                    "_global_object_id": "24189@8ef36ec7-a3a5-4d62-acd5-1ee839f35aa5",
                    "_uuid": "9fa066a3-d807-4440-bcec-ab1cbe5a9aa5",
                    "_level": 1,
                    "_has_children": false,
                    "_system_object_id": 24189,
                    "_format": "standard",
                    "_objecttype": "act"
                },
                "oeu_archive_ar_creation_actor_role": {
                    "_mask": "act_role__all_fields",
                    "_tags": [],
                    "_path": [
                        {
                            "_mask": "act_role__all_fields",
                            "_objecttype": "act_role",
                            "_tags": [],
                            "_system_object_id": 639073,
                            "_format": "standard",
                            "_uuid": "d37e37c0-c91b-4ada-a2c0-3698ad72e684",
                            "_has_children": true,
                            "act_role": {
                                ":inner": [],
                                "_id_parent": null,
                                "_id": 188,
                                ":inner:all": [],
                                "_version": 2
                            },
                            "_global_object_id": "639073@8ef36ec7-a3a5-4d62-acd5-1ee839f35aa5",
                            "_standard": {
                                "1": {
                                    "html": {
                                        "it-IT": "<span class=\"ez-output-1\"><span class=\"ez-format-comma\">[Oeuvres/Projects]</span></span>",
                                        "de-DE": "<span class=\"ez-output-1\"><span class=\"ez-format-comma\">[Oeuvres/Projects]</span></span>",
                                        "en-US": "<span class=\"ez-output-1\"><span class=\"ez-format-comma\">[Oeuvres/Projects]</span></span>",
                                        "fr-FR": "<span class=\"ez-output-1\"><span class=\"ez-format-comma\">[Oeuvres/Projects]</span></span>"
                                    },
                                    "text": {
                                        "it-IT": "[Oeuvres/Projects]",
                                        "de-DE": "[Oeuvres/Projects]",
                                        "en-US": "[Oeuvres/Projects]",
                                        "fr-FR": "[Oeuvres/Projects]"
                                    }
                                }
                            }
                        },
                        {
                            "_mask": "act_role__all_fields",
                            "_objecttype": "act_role",
                            "_tags": [],
                            "_system_object_id": 49916,
                            "_format": "standard",
                            "_uuid": "4bf1c573-b30c-4ac2-b7ac-3c84b21ff3ed",
                            "_has_children": false,
                            "_global_object_id": "49916@8ef36ec7-a3a5-4d62-acd5-1ee839f35aa5",
                            "_standard": {
                                "1": {
                                    "html": {
                                        "it-IT": "<span class=\"ez-output-1\"><span class=\"ez-format-comma\">Ausf&#xFC;hrung</span></span>",
                                        "de-DE": "<span class=\"ez-output-1\"><span class=\"ez-format-comma\">Ausf&#xFC;hrung</span></span>",
                                        "en-US": "<span class=\"ez-output-1\"><span class=\"ez-format-comma\">Ausf&#xFC;hrung</span></span>",
                                        "fr-FR": "<span class=\"ez-output-1\"><span class=\"ez-format-comma\">Ausf&#xFC;hrung</span></span>"
                                    },
                                    "text": {
                                        "it-IT": "Ausführung",
                                        "de-DE": "Ausführung",
                                        "en-US": "Ausführung",
                                        "fr-FR": "Ausführung"
                                    }
                                }
                            },
                            "act_role": {
                                ":inner": [],
                                "_id_parent": 188,
                                "_id": 51,
                                ":inner:all": [],
                                "_version": 2
                            }
                        }
                    ],
                    "_sort": {
                        "it-IT": "Ausführung                                                     [Oeuvres/Projects] {188} Ausführung {51} ",
                        "de-DE": "Ausführung                                                     [Oeuvres/Projects] {188} Ausführung {51} ",
                        "en-US": "Ausführung                                                     [Oeuvres/Projects] {188} Ausführung {51} ",
                        "fr-FR": "Ausführung                                                     [Oeuvres/Projects] {188} Ausführung {51} "
                    },
                    "_global_object_id": "49916@8ef36ec7-a3a5-4d62-acd5-1ee839f35aa5",
                    "_standard": {
                        "1": {
                            "html": {
                                "it-IT": "<span class=\"ez-output-1\"><span class=\"ez-format-comma\">Ausf&#xFC;hrung</span></span>",
                                "de-DE": "<span class=\"ez-output-1\"><span class=\"ez-format-comma\">Ausf&#xFC;hrung</span></span>",
                                "en-US": "<span class=\"ez-output-1\"><span class=\"ez-format-comma\">Ausf&#xFC;hrung</span></span>",
                                "fr-FR": "<span class=\"ez-output-1\"><span class=\"ez-format-comma\">Ausf&#xFC;hrung</span></span>"
                            },
                            "text": {
                                "it-IT": "Ausführung",
                                "de-DE": "Ausführung",
                                "en-US": "Ausführung",
                                "fr-FR": "Ausführung"
                            }
                        }
                    },
                    "_uuid": "4bf1c573-b30c-4ac2-b7ac-3c84b21ff3ed",
                    "_level": 2,
                    "_has_children": false,
                    "_system_object_id": 49916,
                    "_format": "standard",
                    "_objecttype": "act_role",
                    "act_role": {
                        ":inner": [],
                        "_id_parent": 188,
                        "_id": 51,
                        ":inner:all": [],
                        "_version": 2
                    }
                },
                "_standard": {}
            }
        ]
    },
    "_published": [],
    "_path": [
        {
            "_system_object_id": 114912,
            "oeu": {
                ":inner": [],
                "_id_parent": null,
                "_id": 20268,
                ":inner:all": [],
                "_version": 18
            },
            "_mask": "oeu__all_fields",
            "_objecttype": "oeu",
            "_tags": [
                {
                    "_id": 19
                },
                {
                    "_id": 91
                }
            ],
            "_format": "standard",
            "_uuid": "668af2a1-73b3-4e51-b7c8-6a819c7d6175",
            "_has_children": true,
            "_global_object_id": "114912@8ef36ec7-a3a5-4d62-acd5-1ee839f35aa5",
            "_standard": {
                "1": {
                    "html": {
                        "it-IT": "<span class=\"ez-output-1\"><span class=\"ez-format-space\">M&#xF6;dling (Gemeinde in &#xD6;sterreich)</span></span>",
                        "de-DE": "<span class=\"ez-output-1\"><span class=\"ez-format-space\">Landeskrankenhaus M&#xF6;dling : K&#xFC;chentrakt</span><span class=\"ez-format-space\">M&#xF6;dling (Gemeinde in &#xD6;sterreich)</span></span>",
                        "en-US": "<span class=\"ez-output-1\"><span class=\"ez-format-space\">M&#xF6;dling (municipality of Austria)</span></span>",
                        "fr-FR": "<span class=\"ez-output-1\"><span class=\"ez-format-space\">M&#xF6;dling (Gemeinde in &#xD6;sterreich)</span></span>"
                    },
                    "text": {
                        "it-IT": "Mödling (Gemeinde in Österreich)",
                        "de-DE": "Landeskrankenhaus Mödling : Küchentrakt Mödling (Gemeinde in Österreich)",
                        "en-US": "Mödling (municipality of Austria)",
                        "fr-FR": "Mödling (Gemeinde in Österreich)"
                    }
                },
                "2": {
                    "html": {
                        "it-IT": "<span class=\"ez-format-space\">Isler, Heinz [Isler, Heinz] (Schweizer Ingenieur, geboren 1926) (Swiss engineer, born 1926)</span><span class=\"ez-format-brackets\">Ingenieur</span><span class=\"ez-format-space\">Anton Traunfellner GmbH [Traunfellner, Anton]</span><span class=\"ez-format-brackets\">Ausf&#xFC;hrung</span>",
                        "de-DE": "<span class=\"ez-format-space\">Isler, Heinz (Schweizer Bauingenieur, 1926-2009) [Isler, Heinz] (Schweizer Ingenieur, geboren 1926) (Swiss engineer, born 1926)</span><span class=\"ez-format-brackets\">Ingenieur</span><span class=\"ez-format-space\">Anton Traunfellner GmbH (&#xD6;sterreichisches Bauunternehmen, gegr&#xFC;ndet 1889) [Traunfellner, Anton]</span><span class=\"ez-format-brackets\">Ausf&#xFC;hrung</span>",
                        "en-US": "<span class=\"ez-format-space\">Isler, Heinz [Isler, Heinz] (Schweizer Ingenieur, geboren 1926) (Swiss engineer, born 1926)</span><span class=\"ez-format-brackets\">Ingenieur</span><span class=\"ez-format-space\">Anton Traunfellner GmbH [Traunfellner, Anton]</span><span class=\"ez-format-brackets\">Ausf&#xFC;hrung</span>",
                        "fr-FR": "<span class=\"ez-format-space\">Isler, Heinz [Isler, Heinz] (Schweizer Ingenieur, geboren 1926) (Swiss engineer, born 1926)</span><span class=\"ez-format-brackets\">Ingenieur</span><span class=\"ez-format-space\">Anton Traunfellner GmbH [Traunfellner, Anton]</span><span class=\"ez-format-brackets\">Ausf&#xFC;hrung</span>"
                    },
                    "text": {
                        "it-IT": "Isler, Heinz [Isler, Heinz] (Schweizer Ingenieur, geboren 1926) (Swiss engineer, born 1926) <Ingenieur> Anton Traunfellner GmbH [Traunfellner, Anton] <Ausführung>",
                        "de-DE": "Isler, Heinz (Schweizer Bauingenieur, 1926-2009) [Isler, Heinz] (Schweizer Ingenieur, geboren 1926) (Swiss engineer, born 1926) <Ingenieur> Anton Traunfellner GmbH (Österreichisches Bauunternehmen, gegründet 1889) [Traunfellner, Anton] <Ausführung>",
                        "en-US": "Isler, Heinz [Isler, Heinz] (Schweizer Ingenieur, geboren 1926) (Swiss engineer, born 1926) <Ingenieur> Anton Traunfellner GmbH [Traunfellner, Anton] <Ausführung>",
                        "fr-FR": "Isler, Heinz [Isler, Heinz] (Schweizer Ingenieur, geboren 1926) (Swiss engineer, born 1926) <Ingenieur> Anton Traunfellner GmbH [Traunfellner, Anton] <Ausführung>"
                    }
                },
                "3": {
                    "html": {
                        "it-IT": "<span class=\"ez-format-space\">1965</span><span class=\"ez-format-round-parentheses\">ungenau</span>",
                        "de-DE": "<span class=\"ez-format-space\">1965</span><span class=\"ez-format-round-parentheses\">ungenau</span>",
                        "en-US": "<span class=\"ez-format-space\">1965</span><span class=\"ez-format-round-parentheses\">imprecise</span>",
                        "fr-FR": "<span class=\"ez-format-space\">1965</span><span class=\"ez-format-round-parentheses\">ungenau</span>"
                    },
                    "text": {
                        "it-IT": "1965 (ungenau)",
                        "de-DE": "1965 (ungenau)",
                        "en-US": "1965 (imprecise)",
                        "fr-FR": "1965 (ungenau)"
                    }
                }
            }
        }
    ],
    "_created": "2020-01-16T20:53:54Z",
    "_published_count": 0,
    "_mask": "oeu__all_fields",
    "_uuid": "668af2a1-73b3-4e51-b7c8-6a819c7d6175",
    "_last_modified": "2021-07-23T12:00:55Z",
    "_objecttype": "oeu",
    "_has_children": true,
    "_global_object_id": "114912@8ef36ec7-a3a5-4d62-acd5-1ee839f35aa5",
    "_standard": {
        "1": {
            "html": {
                "de-DE": "<span class=\"ez-output-1\"><span class=\"ez-format-space\">Landeskrankenhaus M&#xF6;dling : K&#xFC;chentrakt</span><span class=\"ez-format-space\">M&#xF6;dling (Gemeinde in &#xD6;sterreich)</span></span>",
                "en-US": "<span class=\"ez-output-1\"><span class=\"ez-format-space\">M&#xF6;dling (municipality of Austria)</span></span>"
            },
            "text": {
                "de-DE": "Landeskrankenhaus Mödling : Küchentrakt Mödling (Gemeinde in Österreich)",
                "en-US": "Mödling (municipality of Austria)"
            }
        },
        "2": {
            "html": {
                "de-DE": "<span class=\"ez-format-space\">Isler, Heinz (Schweizer Bauingenieur, 1926-2009) [Isler, Heinz] (Schweizer Ingenieur, geboren 1926) (Swiss engineer, born 1926)</span><span class=\"ez-format-brackets\">Ingenieur</span><span class=\"ez-format-space\">Anton Traunfellner GmbH (&#xD6;sterreichisches Bauunternehmen, gegr&#xFC;ndet 1889) [Traunfellner, Anton]</span><span class=\"ez-format-brackets\">Ausf&#xFC;hrung</span>",
                "en-US": "<span class=\"ez-format-space\">Isler, Heinz [Isler, Heinz] (Schweizer Ingenieur, geboren 1926) (Swiss engineer, born 1926)</span><span class=\"ez-format-brackets\">Ingenieur</span><span class=\"ez-format-space\">Anton Traunfellner GmbH [Traunfellner, Anton]</span><span class=\"ez-format-brackets\">Ausf&#xFC;hrung</span>"
            },
            "text": {
                "de-DE": "Isler, Heinz (Schweizer Bauingenieur, 1926-2009) [Isler, Heinz] (Schweizer Ingenieur, geboren 1926) (Swiss engineer, born 1926) <Ingenieur> Anton Traunfellner GmbH (Österreichisches Bauunternehmen, gegründet 1889) [Traunfellner, Anton] <Ausführung>",
                "en-US": "Isler, Heinz [Isler, Heinz] (Schweizer Ingenieur, geboren 1926) (Swiss engineer, born 1926) <Ingenieur> Anton Traunfellner GmbH [Traunfellner, Anton] <Ausführung>"
            }
        },
        "3": {
            "html": {
                "de-DE": "<span class=\"ez-format-space\">1965</span><span class=\"ez-format-round-parentheses\">ungenau</span>",
                "en-US": "<span class=\"ez-format-space\">1965</span><span class=\"ez-format-round-parentheses\">imprecise</span>"
            },
            "text": {
                "de-DE": "1965 (ungenau)",
                "en-US": "1965 (imprecise)"
            }
        }
    },
    "_format": "long",
    "_level": 1,
    "_sort": [
        114912
    ]
}