{
    "_system_object_id": 115012,
    "_tags": [
        {
            "_id": 19,
            "_name": {
                "de-DE": "Select Isler Project",
                "en-US": "Select Isler Project"
            }
        },
        {
            "_id": 91,
            "_name": {
                "de-DE": "Œuvres",
                "en-US": "Œuvres"
            }
        },
        {
            "_id": 53,
            "_name": {
                "de-DE": "Hierarchy ok!",
                "en-US": "Hierarchy ok!"
            }
        }
    ],
    "_exported_at": "2022-09-09T13:51:36+02:00",
    "oeu": {
        "oeu_import_missing_term_place": false,
        ":inner": [],
        "_id": 20368,
        "_nested:oeu__oeu_archive_exist_construct_places": [
            {
                "oeu_archive_exist_construct_place_v2": {
                    "_mask": "pl_display_short",
                    "_tags": [
                        {
                            "_id": 176
                        }
                    ],
                    "_path": [
                        {
                            "_mask": "pl_display_short",
                            "_objecttype": "pl",
                            "_tags": [
                                {
                                    "_id": 136
                                },
                                {
                                    "_id": 176
                                }
                            ],
                            "_system_object_id": 95963,
                            "_format": "standard",
                            "_uuid": "6fcb97c3-7e11-4d53-a0ad-9e208766a986",
                            "pl": {
                                "_id": 29843,
                                "_id_parent": null,
                                "_version": 17
                            },
                            "_standard": {
                                "1": {
                                    "html": {
                                        "it-IT": "<span class=\"ez-output-1\"><span class=\"ez-format-space\">World</span><span class=\"ez-format-round-parentheses\">Facetten (kontrolliertes Vokabular)</span></span>",
                                        "de-DE": "<span class=\"ez-output-1\"><span class=\"ez-format-space\">World</span><span class=\"ez-format-round-parentheses\">Facetten (kontrolliertes Vokabular)</span></span>",
                                        "en-US": "<span class=\"ez-output-1\"><span class=\"ez-format-space\">World</span><span class=\"ez-format-round-parentheses\">facets (controlled vocabulary)</span></span>",
                                        "fr-FR": "<span class=\"ez-output-1\"><span class=\"ez-format-space\">World</span><span class=\"ez-format-round-parentheses\">Facetten (kontrolliertes Vokabular)</span></span>"
                                    },
                                    "text": {
                                        "it-IT": "World (Facetten (kontrolliertes Vokabular))",
                                        "de-DE": "World (Facetten (kontrolliertes Vokabular))",
                                        "en-US": "World (facets (controlled vocabulary))",
                                        "fr-FR": "World (Facetten (kontrolliertes Vokabular))"
                                    }
                                }
                            },
                            "_global_object_id": "95963@8ef36ec7-a3a5-4d62-acd5-1ee839f35aa5",
                            "_has_children": true
                        },
                        {
                            "_mask": "pl_display_short",
                            "_objecttype": "pl",
                            "_tags": [
                                {
                                    "_id": 23
                                },
                                {
                                    "_id": 136
                                },
                                {
                                    "_id": 143
                                },
                                {
                                    "_id": 148
                                },
                                {
                                    "_id": 176
                                }
                            ],
                            "_system_object_id": 97704,
                            "_format": "standard",
                            "_uuid": "f2419b9d-172f-4ffc-97ea-020272da7988",
                            "pl": {
                                "_id": 31584,
                                "_id_parent": 29843,
                                "_version": 26
                            },
                            "_standard": {
                                "1": {
                                    "html": {
                                        "it-IT": "<span class=\"ez-output-1\"><span class=\"ez-format-space\">Europe</span><span class=\"ez-format-round-parentheses\">Kontinent</span></span>",
                                        "de-DE": "<span class=\"ez-output-1\"><span class=\"ez-format-space\">Europe</span><span class=\"ez-format-round-parentheses\">Kontinent</span></span>",
                                        "en-US": "<span class=\"ez-output-1\"><span class=\"ez-format-space\">Europe</span><span class=\"ez-format-round-parentheses\">continents</span></span>",
                                        "fr-FR": "<span class=\"ez-output-1\"><span class=\"ez-format-space\">Europe</span><span class=\"ez-format-round-parentheses\">Kontinent</span></span>"
                                    },
                                    "text": {
                                        "it-IT": "Europe (Kontinent)",
                                        "de-DE": "Europe (Kontinent)",
                                        "en-US": "Europe (continents)",
                                        "fr-FR": "Europe (Kontinent)"
                                    }
                                }
                            },
                            "_global_object_id": "97704@8ef36ec7-a3a5-4d62-acd5-1ee839f35aa5",
                            "_has_children": true
                        },
                        {
                            "_mask": "pl_display_short",
                            "_objecttype": "pl",
                            "_tags": [
                                {
                                    "_id": 24
                                },
                                {
                                    "_id": 176
                                }
                            ],
                            "_system_object_id": 297859,
                            "_format": "standard",
                            "_uuid": "5d2dcfe8-033d-4e47-b014-cf8db88eacde",
                            "pl": {
                                "_id": 44788,
                                "_id_parent": 31584,
                                "_version": 13
                            },
                            "_standard": {
                                "1": {
                                    "html": {
                                        "it-IT": "<span class=\"ez-output-1\"><span class=\"ez-format-space\">Schweiz</span><span class=\"ez-format-round-parentheses\">Land</span></span>",
                                        "de-DE": "<span class=\"ez-output-1\"><span class=\"ez-format-space\">Schweiz</span><span class=\"ez-format-round-parentheses\">Land</span></span>",
                                        "en-US": "<span class=\"ez-output-1\"><span class=\"ez-format-space\">Schweiz</span><span class=\"ez-format-round-parentheses\">Country</span></span>",
                                        "fr-FR": "<span class=\"ez-output-1\"><span class=\"ez-format-space\">Schweiz</span><span class=\"ez-format-round-parentheses\">Land</span></span>"
                                    },
                                    "text": {
                                        "it-IT": "Schweiz (Land)",
                                        "de-DE": "Schweiz (Land)",
                                        "en-US": "Schweiz (Country)",
                                        "fr-FR": "Schweiz (Land)"
                                    }
                                }
                            },
                            "_global_object_id": "297859@8ef36ec7-a3a5-4d62-acd5-1ee839f35aa5",
                            "_has_children": true
                        },
                        {
                            "_mask": "pl_display_short",
                            "_objecttype": "pl",
                            "_tags": [
                                {
                                    "_id": 24
                                },
                                {
                                    "_id": 176
                                }
                            ],
                            "_system_object_id": 298960,
                            "_format": "standard",
                            "_uuid": "c3678b36-1edb-40f1-9e61-ae8feea08fda",
                            "pl": {
                                "_id": 45889,
                                "_id_parent": 44788,
                                "_version": 15
                            },
                            "_standard": {
                                "1": {
                                    "html": {
                                        "it-IT": "<span class=\"ez-output-1\"><span class=\"ez-format-space\">Basel-Landschaft</span><span class=\"ez-format-round-parentheses\">Kanton</span></span>",
                                        "de-DE": "<span class=\"ez-output-1\"><span class=\"ez-format-space\">Basel-Landschaft</span><span class=\"ez-format-round-parentheses\">Kanton</span></span>",
                                        "en-US": "<span class=\"ez-output-1\"><span class=\"ez-format-space\">Basel-Landschaft</span><span class=\"ez-format-round-parentheses\">Canton</span></span>",
                                        "fr-FR": "<span class=\"ez-output-1\"><span class=\"ez-format-space\">Basel-Landschaft</span><span class=\"ez-format-round-parentheses\">Kanton</span></span>"
                                    },
                                    "text": {
                                        "it-IT": "Basel-Landschaft (Kanton)",
                                        "de-DE": "Basel-Landschaft (Kanton)",
                                        "en-US": "Basel-Landschaft (Canton)",
                                        "fr-FR": "Basel-Landschaft (Kanton)"
                                    }
                                }
                            },
                            "_global_object_id": "298960@8ef36ec7-a3a5-4d62-acd5-1ee839f35aa5",
                            "_has_children": true
                        },
                        {
                            "_mask": "pl_display_short",
                            "_objecttype": "pl",
                            "_tags": [
                                {
                                    "_id": 24
                                },
                                {
                                    "_id": 176
                                }
                            ],
                            "_system_object_id": 298979,
                            "_format": "standard",
                            "_uuid": "1e68e5e9-d206-4ea2-9217-86e1635f0500",
                            "pl": {
                                "_id": 45908,
                                "_id_parent": 45889,
                                "_version": 14
                            },
                            "_standard": {
                                "1": {
                                    "html": {
                                        "it-IT": "<span class=\"ez-output-1\"><span class=\"ez-format-space\">Liestal</span><span class=\"ez-format-round-parentheses\">Bezirk</span></span>",
                                        "de-DE": "<span class=\"ez-output-1\"><span class=\"ez-format-space\">Liestal</span><span class=\"ez-format-round-parentheses\">Bezirk</span></span>",
                                        "en-US": "<span class=\"ez-output-1\"><span class=\"ez-format-space\">Liestal</span><span class=\"ez-format-round-parentheses\">District</span></span>",
                                        "fr-FR": "<span class=\"ez-output-1\"><span class=\"ez-format-space\">Liestal</span><span class=\"ez-format-round-parentheses\">Bezirk</span></span>"
                                    },
                                    "text": {
                                        "it-IT": "Liestal (Bezirk)",
                                        "de-DE": "Liestal (Bezirk)",
                                        "en-US": "Liestal (District)",
                                        "fr-FR": "Liestal (Bezirk)"
                                    }
                                }
                            },
                            "_global_object_id": "298979@8ef36ec7-a3a5-4d62-acd5-1ee839f35aa5",
                            "_has_children": true
                        },
                        {
                            "_mask": "pl_display_short",
                            "_objecttype": "pl",
                            "_tags": [
                                {
                                    "_id": 24
                                },
                                {
                                    "_id": 176
                                }
                            ],
                            "_system_object_id": 299054,
                            "_format": "standard",
                            "_uuid": "2491ef2d-21d1-484a-82d6-b6ef5f10a7af",
                            "pl": {
                                "_id": 45983,
                                "_id_parent": 45908,
                                "_version": 17
                            },
                            "_standard": {
                                "1": {
                                    "html": {
                                        "it-IT": "<span class=\"ez-output-1\"><span class=\"ez-format-space\">Bubendorf</span><span class=\"ez-format-round-parentheses\">Politische Gemeinde</span></span>",
                                        "de-DE": "<span class=\"ez-output-1\"><span class=\"ez-format-space\">Bubendorf</span><span class=\"ez-format-round-parentheses\">Politische Gemeinde</span></span>",
                                        "en-US": "<span class=\"ez-output-1\"><span class=\"ez-format-space\">Bubendorf</span><span class=\"ez-format-round-parentheses\">Municipality</span></span>",
                                        "fr-FR": "<span class=\"ez-output-1\"><span class=\"ez-format-space\">Bubendorf</span><span class=\"ez-format-round-parentheses\">Politische Gemeinde</span></span>"
                                    },
                                    "text": {
                                        "it-IT": "Bubendorf (Politische Gemeinde)",
                                        "de-DE": "Bubendorf (Politische Gemeinde)",
                                        "en-US": "Bubendorf (Municipality)",
                                        "fr-FR": "Bubendorf (Politische Gemeinde)"
                                    }
                                }
                            },
                            "_global_object_id": "299054@8ef36ec7-a3a5-4d62-acd5-1ee839f35aa5",
                            "_has_children": true
                        },
                        {
                            "_mask": "pl_display_short",
                            "_objecttype": "pl",
                            "_tags": [
                                {
                                    "_id": 176
                                }
                            ],
                            "_system_object_id": 105303,
                            "_format": "standard",
                            "_uuid": "aca87f32-0962-46c5-9c9a-8cc4d67d18ff",
                            "pl": {
                                "_id": 39183,
                                "_id_parent": 45983,
                                "_version": 13
                            },
                            "_global_object_id": "105303@8ef36ec7-a3a5-4d62-acd5-1ee839f35aa5",
                            "_standard": {
                                "1": {
                                    "html": {
                                        "it-IT": "<span class=\"ez-output-1\"><span class=\"ez-format-space\">Bubendorf, Gr&#xFC;ngenstrasse</span><span class=\"ez-format-round-parentheses\">Teile von bewohnten Orten</span></span>",
                                        "de-DE": "<span class=\"ez-output-1\"><span class=\"ez-format-space\">Bubendorf, Gr&#xFC;ngenstrasse</span><span class=\"ez-format-round-parentheses\">Teile von bewohnten Orten</span></span>",
                                        "en-US": "<span class=\"ez-output-1\"><span class=\"ez-format-space\">Bubendorf, Gr&#xFC;ngenstrasse</span><span class=\"ez-format-round-parentheses\">parts of inhabited places</span></span>",
                                        "fr-FR": "<span class=\"ez-output-1\"><span class=\"ez-format-space\">Bubendorf, Gr&#xFC;ngenstrasse</span><span class=\"ez-format-round-parentheses\">Teile von bewohnten Orten</span></span>"
                                    },
                                    "text": {
                                        "it-IT": "Bubendorf, Grüngenstrasse (Teile von bewohnten Orten)",
                                        "de-DE": "Bubendorf, Grüngenstrasse (Teile von bewohnten Orten)",
                                        "en-US": "Bubendorf, Grüngenstrasse (parts of inhabited places)",
                                        "fr-FR": "Bubendorf, Grüngenstrasse (Teile von bewohnten Orten)"
                                    }
                                }
                            },
                            "_has_children": false
                        }
                    ],
                    "_sort": {
                        "it-IT": "Bubendorf, Grüngenstrasse (Teile von bewohnten Orten)          World (Facetten (kontrolliertes Vokabular)) {29843} Europe (Kontinent) {31584} Schweiz (Land) {44788} Basel-Landschaft (Kanton) {45889} Liestal (Bezirk) {45908} Bubendorf (Politische Gemeinde) {45983} Bubendorf, Grüngenstrasse (Teile von bewohnten Orten) {39183} ",
                        "de-DE": "Bubendorf, Grüngenstrasse (Teile von bewohnten Orten)          World (Facetten (kontrolliertes Vokabular)) {29843} Europe (Kontinent) {31584} Schweiz (Land) {44788} Basel-Landschaft (Kanton) {45889} Liestal (Bezirk) {45908} Bubendorf (Politische Gemeinde) {45983} Bubendorf, Grüngenstrasse (Teile von bewohnten Orten) {39183} ",
                        "en-US": "Bubendorf, Grüngenstrasse (parts of inhabited places)          World (facets (controlled vocabulary)) {29843} Europe (continents) {31584} Schweiz (Country) {44788} Basel-Landschaft (Canton) {45889} Liestal (District) {45908} Bubendorf (Municipality) {45983} Bubendorf, Grüngenstrasse (parts of inhabited places) {39183} ",
                        "fr-FR": "Bubendorf, Grüngenstrasse (Teile von bewohnten Orten)          World (Facetten (kontrolliertes Vokabular)) {29843} Europe (Kontinent) {31584} Schweiz (Land) {44788} Basel-Landschaft (Kanton) {45889} Liestal (Bezirk) {45908} Bubendorf (Politische Gemeinde) {45983} Bubendorf, Grüngenstrasse (Teile von bewohnten Orten) {39183} "
                    },
                    "pl": {
                        "_pool": {
                            "pool": {
                                "name": {
                                    "de-DE": "gta Digital",
                                    "en-US": "gta Digital"
                                },
                                "_id": 4,
                                "_id_parent": 3
                            },
                            "_level": 3,
                            "_path": [
                                {
                                    "pool": {
                                        "name": {
                                            "de-DE": "Alle Pools",
                                            "en-US": "All pools"
                                        },
                                        "_id": 1
                                    },
                                    "_basetype": "pool"
                                },
                                {
                                    "pool": {
                                        "name": {
                                            "de-DE": "Reference Data",
                                            "en-US": "Reference Data"
                                        },
                                        "_id": 3,
                                        "_id_parent": 1
                                    },
                                    "_basetype": "pool"
                                },
                                {
                                    "pool": {
                                        "name": {
                                            "de-DE": "gta Digital",
                                            "en-US": "gta Digital"
                                        },
                                        "_id": 4,
                                        "_id_parent": 3
                                    },
                                    "_basetype": "pool"
                                }
                            ],
                            "_basetype": "pool"
                        },
                        "_id": 39183,
                        "_id_parent": 45983,
                        "_version": 13
                    },
                    "_global_object_id": "105303@8ef36ec7-a3a5-4d62-acd5-1ee839f35aa5",
                    "_standard": {
                        "1": {
                            "html": {
                                "it-IT": "<span class=\"ez-output-1\"><span class=\"ez-format-space\">Bubendorf, Gr&#xFC;ngenstrasse</span><span class=\"ez-format-round-parentheses\">Teile von bewohnten Orten</span></span>",
                                "de-DE": "<span class=\"ez-output-1\"><span class=\"ez-format-space\">Bubendorf, Gr&#xFC;ngenstrasse</span><span class=\"ez-format-round-parentheses\">Teile von bewohnten Orten</span></span>",
                                "en-US": "<span class=\"ez-output-1\"><span class=\"ez-format-space\">Bubendorf, Gr&#xFC;ngenstrasse</span><span class=\"ez-format-round-parentheses\">parts of inhabited places</span></span>",
                                "fr-FR": "<span class=\"ez-output-1\"><span class=\"ez-format-space\">Bubendorf, Gr&#xFC;ngenstrasse</span><span class=\"ez-format-round-parentheses\">Teile von bewohnten Orten</span></span>"
                            },
                            "text": {
                                "it-IT": "Bubendorf, Grüngenstrasse (Teile von bewohnten Orten)",
                                "de-DE": "Bubendorf, Grüngenstrasse (Teile von bewohnten Orten)",
                                "en-US": "Bubendorf, Grüngenstrasse (parts of inhabited places)",
                                "fr-FR": "Bubendorf, Grüngenstrasse (Teile von bewohnten Orten)"
                            }
                        }
                    },
                    "_uuid": "aca87f32-0962-46c5-9c9a-8cc4d67d18ff",
                    "_level": 7,
                    "_has_children": false,
                    "_system_object_id": 105303,
                    "_format": "standard",
                    "_objecttype": "pl"
                },
                "_standard": {}
            }
        ],
        "oeu_descr_legacy_chronology": "Vorprojekt 1993; ausgeführt 1994/1995",
        "oeu_nc_name": {
            "de-DE": "Formex AG"
        },
        "oeu_descr_notes": "Büronummern: SB 10322, neu SB 475; Ablagenummer: 10016:388; Vgl. auch die Erweiterung von 2004/2005 (SB 499) sowie das Vorprojekt 217-01128",
        "_id_parent": null,
        "_pool": {
            "pool": {
                "name": {
                    "de-DE": "gta Aarchives",
                    "en-US": "gta Archives"
                },
                "_id": 92,
                "_id_parent": 91
            },
            "_level": 5,
            "_path": [
                {
                    "pool": {
                        "name": {
                            "de-DE": "Alle Pools",
                            "en-US": "All pools"
                        },
                        "_id": 1
                    },
                    "_basetype": "pool"
                },
                {
                    "pool": {
                        "name": {
                            "de-DE": "Reference Data",
                            "en-US": "Reference Data"
                        },
                        "_id": 3,
                        "_id_parent": 1
                    },
                    "_basetype": "pool"
                },
                {
                    "pool": {
                        "name": {
                            "de-DE": "Generic",
                            "en-US": "Generic"
                        },
                        "_id": 90,
                        "_id_parent": 3
                    },
                    "_basetype": "pool"
                },
                {
                    "pool": {
                        "name": {
                            "de-DE": "gta Institute",
                            "en-US": "gta Institute"
                        },
                        "_id": 91,
                        "_id_parent": 90
                    },
                    "_basetype": "pool"
                },
                {
                    "pool": {
                        "name": {
                            "de-DE": "gta Aarchives",
                            "en-US": "gta Archives"
                        },
                        "_id": 92,
                        "_id_parent": 91
                    },
                    "_basetype": "pool"
                }
            ],
            "_basetype": "pool"
        },
        "oeu_descr_scientificcomment": {
            "de-DE": "Neubau Lagerhallen, 2 Industrie-Schalen 39.10 x 39.10 m (Hochregallager) sowie 2 + 1 20 x 19.55 bzw. 20 x 20 m (Lagerhallen), 4240 m2. - Literatur: John Chilton: Heinz Isler. London 2000. S. 59-61. - Schweizer Baublatt, Nr. 86, 27.10.1995, S. 77-79. - Architektur & Wirtschaft: Journal Basel, J. 108, Nr. 2, 1996, S. 81. - Informationsblatt der Formex AG, Nr. 1, Oktober 1995, 4 S."
        },
        "oeu_nc_type": {
            "_has_children": false,
            "_level": 1,
            "_system_object_id": 63559,
            "_mask": "oeu_type__all_fields",
            "oeu_nc_type": {
                ":inner": [],
                "_id_parent": null,
                "_id": 1,
                ":inner:all": [],
                "_version": 4
            },
            "_uuid": "a321550f-d644-4ebc-9e41-93bac85aded7",
            "_format": "standard",
            "_path": [
                {
                    "oeu_nc_type": {
                        ":inner": [],
                        "_id_parent": null,
                        "_id": 1,
                        ":inner:all": [],
                        "_version": 4
                    },
                    "_mask": "oeu_type__all_fields",
                    "_objecttype": "oeu_nc_type",
                    "_system_object_id": 63559,
                    "_uuid": "a321550f-d644-4ebc-9e41-93bac85aded7",
                    "_format": "standard",
                    "_has_children": false,
                    "_standard": {
                        "1": {
                            "html": {
                                "it-IT": "<span class=\"ez-output-1\"><span class=\"ez-format-comma\">Oeuvre</span></span>",
                                "de-DE": "<span class=\"ez-output-1\"><span class=\"ez-format-comma\">Oeuvre</span></span>",
                                "en-US": "<span class=\"ez-output-1\"><span class=\"ez-format-comma\">Oeuvre</span></span>",
                                "fr-FR": "<span class=\"ez-output-1\"><span class=\"ez-format-comma\">Oeuvre</span></span>"
                            },
                            "text": {
                                "it-IT": "Oeuvre",
                                "de-DE": "Oeuvre",
                                "en-US": "Oeuvre",
                                "fr-FR": "Oeuvre"
                            }
                        }
                    },
                    "_global_object_id": "63559@8ef36ec7-a3a5-4d62-acd5-1ee839f35aa5"
                }
            ],
            "_objecttype": "oeu_nc_type",
            "_sort": {
                "it-IT": "Oeuvre                                                          Oeuvre {1} ",
                "de-DE": "Oeuvre                                                          Oeuvre {1} ",
                "en-US": "Oeuvre                                                          Oeuvre {1} ",
                "fr-FR": "Oeuvre                                                          Oeuvre {1} "
            },
            "_global_object_id": "63559@8ef36ec7-a3a5-4d62-acd5-1ee839f35aa5",
            "_standard": {
                "1": {
                    "html": {
                        "it-IT": "<span class=\"ez-output-1\"><span class=\"ez-format-comma\">Oeuvre</span></span>",
                        "de-DE": "<span class=\"ez-output-1\"><span class=\"ez-format-comma\">Oeuvre</span></span>",
                        "en-US": "<span class=\"ez-output-1\"><span class=\"ez-format-comma\">Oeuvre</span></span>",
                        "fr-FR": "<span class=\"ez-output-1\"><span class=\"ez-format-comma\">Oeuvre</span></span>"
                    },
                    "text": {
                        "it-IT": "Oeuvre",
                        "de-DE": "Oeuvre",
                        "en-US": "Oeuvre",
                        "fr-FR": "Oeuvre"
                    }
                }
            }
        },
        "oeu_archive_exist_construct_timespan": {
            "_middle": "1994-12-31T23:59:59Z",
            "_from": "1994-01-01T00:00:00Z",
            "from": "1994",
            "to": "1995",
            "_to": "1995-12-31T23:59:59Z"
        },
        "oeu_import_missing_term_person": false,
        "oeu_descr_legacy_person": "Ingenieur: Heinz Isler; Architekten: Furler + Widler & Partner AG (Oberdorf); Bauherr(en): Formex AG; Ausführung (Hallengebäude): Willi Bösiger AG (Langenthal); Fotograf: Guido Schärli (Hölstein/BL)",
        "oeu_import_uuid": "A0C721BF-0F0D-42FB-A80F-48062DD5403A",
        "oeu_import_uuid_hierarchical": "A0C721BF-0F0D-42FB-A80F-48062DD5403A",
        "oeu_archive_exist_construct_timespan_uncert": {
            "_level": 1,
            "_has_children": false,
            "_mask": "generic_uncert__all_fields",
            "generic_uncertainty": {
                ":inner": [],
                "_id_parent": null,
                "_id": 5,
                ":inner:all": [],
                "_version": 3
            },
            "_system_object_id": 111523,
            "_format": "standard",
            "_uuid": "21f7fea3-a95e-42d5-ad96-c41c918bcd97",
            "_path": [
                {
                    "_mask": "generic_uncert__all_fields",
                    "_objecttype": "generic_uncertainty",
                    "_system_object_id": 111523,
                    "_format": "standard",
                    "_uuid": "21f7fea3-a95e-42d5-ad96-c41c918bcd97",
                    "generic_uncertainty": {
                        ":inner": [],
                        "_id_parent": null,
                        "_id": 5,
                        ":inner:all": [],
                        "_version": 3
                    },
                    "_has_children": false,
                    "_standard": {
                        "1": {
                            "html": {
                                "it-IT": "<span class=\"ez-output-1\"><span class=\"ez-format-comma\">ungenau</span></span>",
                                "de-DE": "<span class=\"ez-output-1\"><span class=\"ez-format-comma\">ungenau</span></span>",
                                "en-US": "<span class=\"ez-output-1\"><span class=\"ez-format-comma\">imprecise</span></span>",
                                "fr-FR": "<span class=\"ez-output-1\"><span class=\"ez-format-comma\">ungenau</span></span>"
                            },
                            "text": {
                                "it-IT": "ungenau",
                                "de-DE": "ungenau",
                                "en-US": "imprecise",
                                "fr-FR": "ungenau"
                            }
                        }
                    },
                    "_global_object_id": "111523@8ef36ec7-a3a5-4d62-acd5-1ee839f35aa5"
                }
            ],
            "_objecttype": "generic_uncertainty",
            "_sort": {
                "it-IT": "ungenau                                                         ungenau {5} ",
                "de-DE": "ungenau                                                         ungenau {5} ",
                "en-US": "imprecise                                                       imprecise {5} ",
                "fr-FR": "ungenau                                                         ungenau {5} "
            },
            "_global_object_id": "111523@8ef36ec7-a3a5-4d62-acd5-1ee839f35aa5",
            "_standard": {
                "1": {
                    "html": {
                        "it-IT": "<span class=\"ez-output-1\"><span class=\"ez-format-comma\">ungenau</span></span>",
                        "de-DE": "<span class=\"ez-output-1\"><span class=\"ez-format-comma\">ungenau</span></span>",
                        "en-US": "<span class=\"ez-output-1\"><span class=\"ez-format-comma\">imprecise</span></span>",
                        "fr-FR": "<span class=\"ez-output-1\"><span class=\"ez-format-comma\">ungenau</span></span>"
                    },
                    "text": {
                        "it-IT": "ungenau",
                        "de-DE": "ungenau",
                        "en-US": "imprecise",
                        "fr-FR": "ungenau"
                    }
                }
            }
        },
        ":inner:all": [],
        "_version": 16,
        "oeu_descr_legacy_places": "Objektort: Grüngenstrasse 19, Bubendorf/BL",
        "_nested:oeu__oeu_archive_ar_creation": [
            {
                "oeu_archive_ar_creation_actor": {
                    "_mask": "act__shortest",
                    "act": {
                        "_pool": {
                            "pool": {
                                "name": {
                                    "de-DE": "Dataset B",
                                    "en-US": "Dataset B"
                                },
                                "_id": 32,
                                "_id_parent": 4
                            },
                            "_level": 4,
                            "_path": [
                                {
                                    "pool": {
                                        "name": {
                                            "de-DE": "Alle Pools",
                                            "en-US": "All pools"
                                        },
                                        "_id": 1
                                    },
                                    "_basetype": "pool"
                                },
                                {
                                    "pool": {
                                        "name": {
                                            "de-DE": "Reference Data",
                                            "en-US": "Reference Data"
                                        },
                                        "_id": 3,
                                        "_id_parent": 1
                                    },
                                    "_basetype": "pool"
                                },
                                {
                                    "pool": {
                                        "name": {
                                            "de-DE": "gta Digital",
                                            "en-US": "gta Digital"
                                        },
                                        "_id": 4,
                                        "_id_parent": 3
                                    },
                                    "_basetype": "pool"
                                },
                                {
                                    "pool": {
                                        "name": {
                                            "de-DE": "Dataset B",
                                            "en-US": "Dataset B"
                                        },
                                        "_id": 32,
                                        "_id_parent": 4
                                    },
                                    "_basetype": "pool"
                                }
                            ],
                            "_basetype": "pool"
                        },
                        "_id": 28184,
                        "_id_parent": null,
                        "_version": 28
                    },
                    "_tags": [
                        {
                            "_id": 31
                        },
                        {
                            "_id": 77
                        },
                        {
                            "_id": 88
                        },
                        {
                            "_id": 176
                        }
                    ],
                    "_path": [
                        {
                            "_system_object_id": 54908,
                            "act": {
                                "_id": 28184,
                                "_id_parent": null,
                                "_version": 28
                            },
                            "_tags": [
                                {
                                    "_id": 31
                                },
                                {
                                    "_id": 77
                                },
                                {
                                    "_id": 88
                                },
                                {
                                    "_id": 176
                                }
                            ],
                            "_mask": "act__shortest",
                            "_format": "standard",
                            "_objecttype": "act",
                            "_uuid": "40c02a93-9a52-482a-9175-9b1a1eb7cbfd",
                            "_has_children": false,
                            "_standard": {
                                "1": {
                                    "html": {
                                        "it-IT": "<span class=\"ez-output-1\"><span class=\"ez-format-space\">Isler, Heinz</span><span class=\"ez-format-square-brackets\">Isler, Heinz</span><span class=\"ez-format-round-parentheses\">Schweizer Ingenieur, geboren 1926</span><span class=\"ez-format-round-parentheses\">Swiss engineer, born 1926</span></span>",
                                        "de-DE": "<span class=\"ez-output-1\"><span class=\"ez-format-space\">Isler, Heinz</span><span class=\"ez-format-round-parentheses\">Schweizer Bauingenieur, 1926-2009</span><span class=\"ez-format-square-brackets\">Isler, Heinz</span><span class=\"ez-format-round-parentheses\">Schweizer Ingenieur, geboren 1926</span><span class=\"ez-format-round-parentheses\">Swiss engineer, born 1926</span></span>",
                                        "en-US": "<span class=\"ez-output-1\"><span class=\"ez-format-space\">Isler, Heinz</span><span class=\"ez-format-square-brackets\">Isler, Heinz</span><span class=\"ez-format-round-parentheses\">Schweizer Ingenieur, geboren 1926</span><span class=\"ez-format-round-parentheses\">Swiss engineer, born 1926</span></span>",
                                        "fr-FR": "<span class=\"ez-output-1\"><span class=\"ez-format-space\">Isler, Heinz</span><span class=\"ez-format-square-brackets\">Isler, Heinz</span><span class=\"ez-format-round-parentheses\">Schweizer Ingenieur, geboren 1926</span><span class=\"ez-format-round-parentheses\">Swiss engineer, born 1926</span></span>"
                                    },
                                    "text": {
                                        "it-IT": "Isler, Heinz [Isler, Heinz] (Schweizer Ingenieur, geboren 1926) (Swiss engineer, born 1926)",
                                        "de-DE": "Isler, Heinz (Schweizer Bauingenieur, 1926-2009) [Isler, Heinz] (Schweizer Ingenieur, geboren 1926) (Swiss engineer, born 1926)",
                                        "en-US": "Isler, Heinz [Isler, Heinz] (Schweizer Ingenieur, geboren 1926) (Swiss engineer, born 1926)",
                                        "fr-FR": "Isler, Heinz [Isler, Heinz] (Schweizer Ingenieur, geboren 1926) (Swiss engineer, born 1926)"
                                    }
                                }
                            },
                            "_global_object_id": "54908@8ef36ec7-a3a5-4d62-acd5-1ee839f35aa5"
                        }
                    ],
                    "_sort": {
                        "it-IT": "Isler, Heinz [Isler, Heinz] (Schweizer Ingenieur, geboren 1926) (Swiss engineer, born 1926)Isler, Heinz [Isler, Heinz] (Schweizer Ingenieur, geboren 1926) (Swiss engineer, born 1926) {28184} ",
                        "de-DE": "Isler, Heinz (Schweizer Bauingenieur, 1926-2009) [Isler, Heinz] (Schweizer Ingenieur, geboren 1926) (Swiss engineer, born 1926)Isler, Heinz (Schweizer Bauingenieur, 1926-2009) [Isler, Heinz] (Schweizer Ingenieur, geboren 1926) (Swiss engineer, born 1926) {28184} ",
                        "en-US": "Isler, Heinz [Isler, Heinz] (Schweizer Ingenieur, geboren 1926) (Swiss engineer, born 1926)Isler, Heinz [Isler, Heinz] (Schweizer Ingenieur, geboren 1926) (Swiss engineer, born 1926) {28184} ",
                        "fr-FR": "Isler, Heinz [Isler, Heinz] (Schweizer Ingenieur, geboren 1926) (Swiss engineer, born 1926)Isler, Heinz [Isler, Heinz] (Schweizer Ingenieur, geboren 1926) (Swiss engineer, born 1926) {28184} "
                    },
                    "_standard": {
                        "1": {
                            "html": {
                                "it-IT": "<span class=\"ez-output-1\"><span class=\"ez-format-space\">Isler, Heinz</span><span class=\"ez-format-square-brackets\">Isler, Heinz</span><span class=\"ez-format-round-parentheses\">Schweizer Ingenieur, geboren 1926</span><span class=\"ez-format-round-parentheses\">Swiss engineer, born 1926</span></span>",
                                "de-DE": "<span class=\"ez-output-1\"><span class=\"ez-format-space\">Isler, Heinz</span><span class=\"ez-format-round-parentheses\">Schweizer Bauingenieur, 1926-2009</span><span class=\"ez-format-square-brackets\">Isler, Heinz</span><span class=\"ez-format-round-parentheses\">Schweizer Ingenieur, geboren 1926</span><span class=\"ez-format-round-parentheses\">Swiss engineer, born 1926</span></span>",
                                "en-US": "<span class=\"ez-output-1\"><span class=\"ez-format-space\">Isler, Heinz</span><span class=\"ez-format-square-brackets\">Isler, Heinz</span><span class=\"ez-format-round-parentheses\">Schweizer Ingenieur, geboren 1926</span><span class=\"ez-format-round-parentheses\">Swiss engineer, born 1926</span></span>",
                                "fr-FR": "<span class=\"ez-output-1\"><span class=\"ez-format-space\">Isler, Heinz</span><span class=\"ez-format-square-brackets\">Isler, Heinz</span><span class=\"ez-format-round-parentheses\">Schweizer Ingenieur, geboren 1926</span><span class=\"ez-format-round-parentheses\">Swiss engineer, born 1926</span></span>"
                            },
                            "text": {
                                "it-IT": "Isler, Heinz [Isler, Heinz] (Schweizer Ingenieur, geboren 1926) (Swiss engineer, born 1926)",
                                "de-DE": "Isler, Heinz (Schweizer Bauingenieur, 1926-2009) [Isler, Heinz] (Schweizer Ingenieur, geboren 1926) (Swiss engineer, born 1926)",
                                "en-US": "Isler, Heinz [Isler, Heinz] (Schweizer Ingenieur, geboren 1926) (Swiss engineer, born 1926)",
                                "fr-FR": "Isler, Heinz [Isler, Heinz] (Schweizer Ingenieur, geboren 1926) (Swiss engineer, born 1926)"
                            }
                        }
                    },
                    "_global_object_id": "54908@8ef36ec7-a3a5-4d62-acd5-1ee839f35aa5",
                    "_uuid": "40c02a93-9a52-482a-9175-9b1a1eb7cbfd",
                    "_level": 1,
                    "_has_children": false,
                    "_system_object_id": 54908,
                    "_format": "standard",
                    "_objecttype": "act"
                },
                "oeu_archive_ar_creation_actor_role": {
                    "_mask": "act_role__all_fields",
                    "_tags": [],
                    "_path": [
                        {
                            "_mask": "act_role__all_fields",
                            "_objecttype": "act_role",
                            "_tags": [],
                            "_system_object_id": 639073,
                            "_format": "standard",
                            "_uuid": "d37e37c0-c91b-4ada-a2c0-3698ad72e684",
                            "_has_children": true,
                            "act_role": {
                                ":inner": [],
                                "_id_parent": null,
                                "_id": 188,
                                ":inner:all": [],
                                "_version": 2
                            },
                            "_global_object_id": "639073@8ef36ec7-a3a5-4d62-acd5-1ee839f35aa5",
                            "_standard": {
                                "1": {
                                    "html": {
                                        "it-IT": "<span class=\"ez-output-1\"><span class=\"ez-format-comma\">[Oeuvres/Projects]</span></span>",
                                        "de-DE": "<span class=\"ez-output-1\"><span class=\"ez-format-comma\">[Oeuvres/Projects]</span></span>",
                                        "en-US": "<span class=\"ez-output-1\"><span class=\"ez-format-comma\">[Oeuvres/Projects]</span></span>",
                                        "fr-FR": "<span class=\"ez-output-1\"><span class=\"ez-format-comma\">[Oeuvres/Projects]</span></span>"
                                    },
                                    "text": {
                                        "it-IT": "[Oeuvres/Projects]",
                                        "de-DE": "[Oeuvres/Projects]",
                                        "en-US": "[Oeuvres/Projects]",
                                        "fr-FR": "[Oeuvres/Projects]"
                                    }
                                }
                            }
                        },
                        {
                            "_mask": "act_role__all_fields",
                            "_objecttype": "act_role",
                            "_tags": [],
                            "_system_object_id": 49949,
                            "_format": "standard",
                            "_uuid": "a1e1d619-d742-4f8f-930e-5d08c297bae6",
                            "_has_children": false,
                            "_global_object_id": "49949@8ef36ec7-a3a5-4d62-acd5-1ee839f35aa5",
                            "_standard": {
                                "1": {
                                    "html": {
                                        "it-IT": "<span class=\"ez-output-1\"><span class=\"ez-format-comma\">Ingenieur</span></span>",
                                        "de-DE": "<span class=\"ez-output-1\"><span class=\"ez-format-comma\">Ingenieur</span></span>",
                                        "en-US": "<span class=\"ez-output-1\"><span class=\"ez-format-comma\">Ingenieur</span></span>",
                                        "fr-FR": "<span class=\"ez-output-1\"><span class=\"ez-format-comma\">Ingenieur</span></span>"
                                    },
                                    "text": {
                                        "it-IT": "Ingenieur",
                                        "de-DE": "Ingenieur",
                                        "en-US": "Ingenieur",
                                        "fr-FR": "Ingenieur"
                                    }
                                }
                            },
                            "act_role": {
                                ":inner": [],
                                "_id_parent": 188,
                                "_id": 84,
                                ":inner:all": [],
                                "_version": 2
                            }
                        }
                    ],
                    "_sort": {
                        "it-IT": "Ingenieur                                                       [Oeuvres/Projects] {188} Ingenieur {84} ",
                        "de-DE": "Ingenieur                                                       [Oeuvres/Projects] {188} Ingenieur {84} ",
                        "en-US": "Ingenieur                                                       [Oeuvres/Projects] {188} Ingenieur {84} ",
                        "fr-FR": "Ingenieur                                                       [Oeuvres/Projects] {188} Ingenieur {84} "
                    },
                    "_global_object_id": "49949@8ef36ec7-a3a5-4d62-acd5-1ee839f35aa5",
                    "_standard": {
                        "1": {
                            "html": {
                                "it-IT": "<span class=\"ez-output-1\"><span class=\"ez-format-comma\">Ingenieur</span></span>",
                                "de-DE": "<span class=\"ez-output-1\"><span class=\"ez-format-comma\">Ingenieur</span></span>",
                                "en-US": "<span class=\"ez-output-1\"><span class=\"ez-format-comma\">Ingenieur</span></span>",
                                "fr-FR": "<span class=\"ez-output-1\"><span class=\"ez-format-comma\">Ingenieur</span></span>"
                            },
                            "text": {
                                "it-IT": "Ingenieur",
                                "de-DE": "Ingenieur",
                                "en-US": "Ingenieur",
                                "fr-FR": "Ingenieur"
                            }
                        }
                    },
                    "_uuid": "a1e1d619-d742-4f8f-930e-5d08c297bae6",
                    "_level": 2,
                    "_has_children": false,
                    "_system_object_id": 49949,
                    "_format": "standard",
                    "_objecttype": "act_role",
                    "act_role": {
                        ":inner": [],
                        "_id_parent": 188,
                        "_id": 84,
                        ":inner:all": [],
                        "_version": 2
                    }
                },
                "_standard": {}
            },
            {
                "oeu_archive_ar_creation_actor": {
                    "_mask": "act__shortest",
                    "act": {
                        "_pool": {
                            "pool": {
                                "name": {
                                    "de-DE": "Dataset C",
                                    "en-US": "Dataset C"
                                },
                                "_id": 51,
                                "_id_parent": 4
                            },
                            "_level": 4,
                            "_path": [
                                {
                                    "pool": {
                                        "name": {
                                            "de-DE": "Alle Pools",
                                            "en-US": "All pools"
                                        },
                                        "_id": 1
                                    },
                                    "_basetype": "pool"
                                },
                                {
                                    "pool": {
                                        "name": {
                                            "de-DE": "Reference Data",
                                            "en-US": "Reference Data"
                                        },
                                        "_id": 3,
                                        "_id_parent": 1
                                    },
                                    "_basetype": "pool"
                                },
                                {
                                    "pool": {
                                        "name": {
                                            "de-DE": "gta Digital",
                                            "en-US": "gta Digital"
                                        },
                                        "_id": 4,
                                        "_id_parent": 3
                                    },
                                    "_basetype": "pool"
                                },
                                {
                                    "pool": {
                                        "name": {
                                            "de-DE": "Dataset C",
                                            "en-US": "Dataset C"
                                        },
                                        "_id": 51,
                                        "_id_parent": 4
                                    },
                                    "_basetype": "pool"
                                }
                            ],
                            "_basetype": "pool"
                        },
                        "_id": 35913,
                        "_id_parent": null,
                        "_version": 16
                    },
                    "_tags": [
                        {
                            "_id": 38
                        },
                        {
                            "_id": 90
                        },
                        {
                            "_id": 176
                        }
                    ],
                    "_path": [
                        {
                            "_system_object_id": 186521,
                            "act": {
                                "_id": 35913,
                                "_id_parent": null,
                                "_version": 16
                            },
                            "_tags": [
                                {
                                    "_id": 38
                                },
                                {
                                    "_id": 90
                                },
                                {
                                    "_id": 176
                                }
                            ],
                            "_mask": "act__shortest",
                            "_format": "standard",
                            "_objecttype": "act",
                            "_uuid": "12cd1960-18fb-4bb5-ba99-069a6a7bf84a",
                            "_has_children": true,
                            "_global_object_id": "186521@8ef36ec7-a3a5-4d62-acd5-1ee839f35aa5",
                            "_standard": {
                                "1": {
                                    "html": {
                                        "it-IT": "<span class=\"ez-output-1\"><span class=\"ez-format-space\">Furler + Widler</span><span class=\"ez-format-square-brackets\">Furler + Widler &amp; Partner AG</span></span>",
                                        "de-DE": "<span class=\"ez-output-1\"><span class=\"ez-format-space\">Furler + Widler</span><span class=\"ez-format-round-parentheses\">Schweizer Architekturb&#xFC;ro, 1987-1995</span><span class=\"ez-format-square-brackets\">Furler + Widler &amp; Partner AG</span></span>",
                                        "en-US": "<span class=\"ez-output-1\"><span class=\"ez-format-space\">Furler + Widler</span><span class=\"ez-format-square-brackets\">Furler + Widler &amp; Partner AG</span></span>",
                                        "fr-FR": "<span class=\"ez-output-1\"><span class=\"ez-format-space\">Furler + Widler</span><span class=\"ez-format-square-brackets\">Furler + Widler &amp; Partner AG</span></span>"
                                    },
                                    "text": {
                                        "it-IT": "Furler + Widler [Furler + Widler & Partner AG]",
                                        "de-DE": "Furler + Widler (Schweizer Architekturbüro, 1987-1995) [Furler + Widler & Partner AG]",
                                        "en-US": "Furler + Widler [Furler + Widler & Partner AG]",
                                        "fr-FR": "Furler + Widler [Furler + Widler & Partner AG]"
                                    }
                                }
                            }
                        }
                    ],
                    "_sort": {
                        "it-IT": "Furler + Widler [Furler + Widler & Partner AG]                  Furler + Widler [Furler + Widler & Partner AG] {35913} ",
                        "de-DE": "Furler + Widler (Schweizer Architekturbüro, 1987-1995) [Furler + Widler & Partner AG]Furler + Widler (Schweizer Architekturbüro, 1987-1995) [Furler + Widler & Partner AG] {35913} ",
                        "en-US": "Furler + Widler [Furler + Widler & Partner AG]                  Furler + Widler [Furler + Widler & Partner AG] {35913} ",
                        "fr-FR": "Furler + Widler [Furler + Widler & Partner AG]                  Furler + Widler [Furler + Widler & Partner AG] {35913} "
                    },
                    "_global_object_id": "186521@8ef36ec7-a3a5-4d62-acd5-1ee839f35aa5",
                    "_standard": {
                        "1": {
                            "html": {
                                "it-IT": "<span class=\"ez-output-1\"><span class=\"ez-format-space\">Furler + Widler</span><span class=\"ez-format-square-brackets\">Furler + Widler &amp; Partner AG</span></span>",
                                "de-DE": "<span class=\"ez-output-1\"><span class=\"ez-format-space\">Furler + Widler</span><span class=\"ez-format-round-parentheses\">Schweizer Architekturb&#xFC;ro, 1987-1995</span><span class=\"ez-format-square-brackets\">Furler + Widler &amp; Partner AG</span></span>",
                                "en-US": "<span class=\"ez-output-1\"><span class=\"ez-format-space\">Furler + Widler</span><span class=\"ez-format-square-brackets\">Furler + Widler &amp; Partner AG</span></span>",
                                "fr-FR": "<span class=\"ez-output-1\"><span class=\"ez-format-space\">Furler + Widler</span><span class=\"ez-format-square-brackets\">Furler + Widler &amp; Partner AG</span></span>"
                            },
                            "text": {
                                "it-IT": "Furler + Widler [Furler + Widler & Partner AG]",
                                "de-DE": "Furler + Widler (Schweizer Architekturbüro, 1987-1995) [Furler + Widler & Partner AG]",
                                "en-US": "Furler + Widler [Furler + Widler & Partner AG]",
                                "fr-FR": "Furler + Widler [Furler + Widler & Partner AG]"
                            }
                        }
                    },
                    "_uuid": "12cd1960-18fb-4bb5-ba99-069a6a7bf84a",
                    "_level": 1,
                    "_has_children": true,
                    "_system_object_id": 186521,
                    "_format": "standard",
                    "_objecttype": "act"
                },
                "oeu_archive_ar_creation_actor_role": {
                    "_mask": "act_role__all_fields",
                    "_tags": [],
                    "_path": [
                        {
                            "_mask": "act_role__all_fields",
                            "_objecttype": "act_role",
                            "_tags": [],
                            "_system_object_id": 639073,
                            "_format": "standard",
                            "_uuid": "d37e37c0-c91b-4ada-a2c0-3698ad72e684",
                            "_has_children": true,
                            "act_role": {
                                ":inner": [],
                                "_id_parent": null,
                                "_id": 188,
                                ":inner:all": [],
                                "_version": 2
                            },
                            "_global_object_id": "639073@8ef36ec7-a3a5-4d62-acd5-1ee839f35aa5",
                            "_standard": {
                                "1": {
                                    "html": {
                                        "it-IT": "<span class=\"ez-output-1\"><span class=\"ez-format-comma\">[Oeuvres/Projects]</span></span>",
                                        "de-DE": "<span class=\"ez-output-1\"><span class=\"ez-format-comma\">[Oeuvres/Projects]</span></span>",
                                        "en-US": "<span class=\"ez-output-1\"><span class=\"ez-format-comma\">[Oeuvres/Projects]</span></span>",
                                        "fr-FR": "<span class=\"ez-output-1\"><span class=\"ez-format-comma\">[Oeuvres/Projects]</span></span>"
                                    },
                                    "text": {
                                        "it-IT": "[Oeuvres/Projects]",
                                        "de-DE": "[Oeuvres/Projects]",
                                        "en-US": "[Oeuvres/Projects]",
                                        "fr-FR": "[Oeuvres/Projects]"
                                    }
                                }
                            }
                        },
                        {
                            "_mask": "act_role__all_fields",
                            "_objecttype": "act_role",
                            "_tags": [],
                            "_system_object_id": 49909,
                            "_format": "standard",
                            "_uuid": "0a12db32-849a-48db-a354-0fa4977d0f11",
                            "_has_children": false,
                            "_global_object_id": "49909@8ef36ec7-a3a5-4d62-acd5-1ee839f35aa5",
                            "_standard": {
                                "1": {
                                    "html": {
                                        "it-IT": "<span class=\"ez-output-1\"><span class=\"ez-format-comma\">Architekt</span></span>",
                                        "de-DE": "<span class=\"ez-output-1\"><span class=\"ez-format-comma\">Architekt</span></span>",
                                        "en-US": "<span class=\"ez-output-1\"><span class=\"ez-format-comma\">Architekt</span></span>",
                                        "fr-FR": "<span class=\"ez-output-1\"><span class=\"ez-format-comma\">Architekt</span></span>"
                                    },
                                    "text": {
                                        "it-IT": "Architekt",
                                        "de-DE": "Architekt",
                                        "en-US": "Architekt",
                                        "fr-FR": "Architekt"
                                    }
                                }
                            },
                            "act_role": {
                                ":inner": [],
                                "_id_parent": 188,
                                "_id": 44,
                                ":inner:all": [],
                                "_version": 2
                            }
                        }
                    ],
                    "_sort": {
                        "it-IT": "Architekt                                                       [Oeuvres/Projects] {188} Architekt {44} ",
                        "de-DE": "Architekt                                                       [Oeuvres/Projects] {188} Architekt {44} ",
                        "en-US": "Architekt                                                       [Oeuvres/Projects] {188} Architekt {44} ",
                        "fr-FR": "Architekt                                                       [Oeuvres/Projects] {188} Architekt {44} "
                    },
                    "_global_object_id": "49909@8ef36ec7-a3a5-4d62-acd5-1ee839f35aa5",
                    "_standard": {
                        "1": {
                            "html": {
                                "it-IT": "<span class=\"ez-output-1\"><span class=\"ez-format-comma\">Architekt</span></span>",
                                "de-DE": "<span class=\"ez-output-1\"><span class=\"ez-format-comma\">Architekt</span></span>",
                                "en-US": "<span class=\"ez-output-1\"><span class=\"ez-format-comma\">Architekt</span></span>",
                                "fr-FR": "<span class=\"ez-output-1\"><span class=\"ez-format-comma\">Architekt</span></span>"
                            },
                            "text": {
                                "it-IT": "Architekt",
                                "de-DE": "Architekt",
                                "en-US": "Architekt",
                                "fr-FR": "Architekt"
                            }
                        }
                    },
                    "_uuid": "0a12db32-849a-48db-a354-0fa4977d0f11",
                    "_level": 2,
                    "_has_children": false,
                    "_system_object_id": 49909,
                    "_format": "standard",
                    "_objecttype": "act_role",
                    "act_role": {
                        ":inner": [],
                        "_id_parent": 188,
                        "_id": 44,
                        ":inner:all": [],
                        "_version": 2
                    }
                },
                "_standard": {}
            },
            {
                "oeu_archive_ar_creation_actor": {
                    "_mask": "act__shortest",
                    "act": {
                        "_pool": {
                            "pool": {
                                "name": {
                                    "de-DE": "Dataset A",
                                    "en-US": "Dataset A"
                                },
                                "_id": 33,
                                "_id_parent": 4
                            },
                            "_level": 4,
                            "_path": [
                                {
                                    "pool": {
                                        "name": {
                                            "de-DE": "Alle Pools",
                                            "en-US": "All pools"
                                        },
                                        "_id": 1
                                    },
                                    "_basetype": "pool"
                                },
                                {
                                    "pool": {
                                        "name": {
                                            "de-DE": "Reference Data",
                                            "en-US": "Reference Data"
                                        },
                                        "_id": 3,
                                        "_id_parent": 1
                                    },
                                    "_basetype": "pool"
                                },
                                {
                                    "pool": {
                                        "name": {
                                            "de-DE": "gta Digital",
                                            "en-US": "gta Digital"
                                        },
                                        "_id": 4,
                                        "_id_parent": 3
                                    },
                                    "_basetype": "pool"
                                },
                                {
                                    "pool": {
                                        "name": {
                                            "de-DE": "Dataset A",
                                            "en-US": "Dataset A"
                                        },
                                        "_id": 33,
                                        "_id_parent": 4
                                    },
                                    "_basetype": "pool"
                                }
                            ],
                            "_basetype": "pool"
                        },
                        "_id": 27624,
                        "_id_parent": null,
                        "_version": 15
                    },
                    "_tags": [
                        {
                            "_id": 90
                        },
                        {
                            "_id": 176
                        }
                    ],
                    "_path": [
                        {
                            "_system_object_id": 49460,
                            "act": {
                                "_id": 27624,
                                "_id_parent": null,
                                "_version": 15
                            },
                            "_tags": [
                                {
                                    "_id": 90
                                },
                                {
                                    "_id": 176
                                }
                            ],
                            "_mask": "act__shortest",
                            "_format": "standard",
                            "_objecttype": "act",
                            "_uuid": "7478e0e6-42bc-4eb1-a6d1-e303da74c2d3",
                            "_has_children": true,
                            "_global_object_id": "49460@8ef36ec7-a3a5-4d62-acd5-1ee839f35aa5",
                            "_standard": {
                                "1": {
                                    "html": {
                                        "it-IT": "<span class=\"ez-output-1\"><span class=\"ez-format-space\">W. B&#xF6;siger AG</span><span class=\"ez-format-square-brackets\">Willi B&#xF6;siger AG</span></span>",
                                        "de-DE": "<span class=\"ez-output-1\"><span class=\"ez-format-space\">W. B&#xF6;siger AG</span><span class=\"ez-format-round-parentheses\">Schweizer Bauunternehmen, gegr&#xFC;ndet 1947</span><span class=\"ez-format-square-brackets\">Willi B&#xF6;siger AG</span></span>",
                                        "en-US": "<span class=\"ez-output-1\"><span class=\"ez-format-space\">W. B&#xF6;siger AG</span><span class=\"ez-format-square-brackets\">Willi B&#xF6;siger AG</span></span>",
                                        "fr-FR": "<span class=\"ez-output-1\"><span class=\"ez-format-space\">W. B&#xF6;siger AG</span><span class=\"ez-format-square-brackets\">Willi B&#xF6;siger AG</span></span>"
                                    },
                                    "text": {
                                        "it-IT": "W. Bösiger AG [Willi Bösiger AG]",
                                        "de-DE": "W. Bösiger AG (Schweizer Bauunternehmen, gegründet 1947) [Willi Bösiger AG]",
                                        "en-US": "W. Bösiger AG [Willi Bösiger AG]",
                                        "fr-FR": "W. Bösiger AG [Willi Bösiger AG]"
                                    }
                                }
                            }
                        }
                    ],
                    "_sort": {
                        "it-IT": "W. Bösiger AG [Willi Bösiger AG]                              W. Bösiger AG [Willi Bösiger AG] {27624} ",
                        "de-DE": "W. Bösiger AG (Schweizer Bauunternehmen, gegründet 1947) [Willi Bösiger AG]W. Bösiger AG (Schweizer Bauunternehmen, gegründet 1947) [Willi Bösiger AG] {27624} ",
                        "en-US": "W. Bösiger AG [Willi Bösiger AG]                              W. Bösiger AG [Willi Bösiger AG] {27624} ",
                        "fr-FR": "W. Bösiger AG [Willi Bösiger AG]                              W. Bösiger AG [Willi Bösiger AG] {27624} "
                    },
                    "_global_object_id": "49460@8ef36ec7-a3a5-4d62-acd5-1ee839f35aa5",
                    "_standard": {
                        "1": {
                            "html": {
                                "it-IT": "<span class=\"ez-output-1\"><span class=\"ez-format-space\">W. B&#xF6;siger AG</span><span class=\"ez-format-square-brackets\">Willi B&#xF6;siger AG</span></span>",
                                "de-DE": "<span class=\"ez-output-1\"><span class=\"ez-format-space\">W. B&#xF6;siger AG</span><span class=\"ez-format-round-parentheses\">Schweizer Bauunternehmen, gegr&#xFC;ndet 1947</span><span class=\"ez-format-square-brackets\">Willi B&#xF6;siger AG</span></span>",
                                "en-US": "<span class=\"ez-output-1\"><span class=\"ez-format-space\">W. B&#xF6;siger AG</span><span class=\"ez-format-square-brackets\">Willi B&#xF6;siger AG</span></span>",
                                "fr-FR": "<span class=\"ez-output-1\"><span class=\"ez-format-space\">W. B&#xF6;siger AG</span><span class=\"ez-format-square-brackets\">Willi B&#xF6;siger AG</span></span>"
                            },
                            "text": {
                                "it-IT": "W. Bösiger AG [Willi Bösiger AG]",
                                "de-DE": "W. Bösiger AG (Schweizer Bauunternehmen, gegründet 1947) [Willi Bösiger AG]",
                                "en-US": "W. Bösiger AG [Willi Bösiger AG]",
                                "fr-FR": "W. Bösiger AG [Willi Bösiger AG]"
                            }
                        }
                    },
                    "_uuid": "7478e0e6-42bc-4eb1-a6d1-e303da74c2d3",
                    "_level": 1,
                    "_has_children": true,
                    "_system_object_id": 49460,
                    "_format": "standard",
                    "_objecttype": "act"
                },
                "oeu_archive_ar_creation_actor_role": {
                    "_mask": "act_role__all_fields",
                    "_tags": [],
                    "_path": [
                        {
                            "_mask": "act_role__all_fields",
                            "_objecttype": "act_role",
                            "_tags": [],
                            "_system_object_id": 639073,
                            "_format": "standard",
                            "_uuid": "d37e37c0-c91b-4ada-a2c0-3698ad72e684",
                            "_has_children": true,
                            "act_role": {
                                ":inner": [],
                                "_id_parent": null,
                                "_id": 188,
                                ":inner:all": [],
                                "_version": 2
                            },
                            "_global_object_id": "639073@8ef36ec7-a3a5-4d62-acd5-1ee839f35aa5",
                            "_standard": {
                                "1": {
                                    "html": {
                                        "it-IT": "<span class=\"ez-output-1\"><span class=\"ez-format-comma\">[Oeuvres/Projects]</span></span>",
                                        "de-DE": "<span class=\"ez-output-1\"><span class=\"ez-format-comma\">[Oeuvres/Projects]</span></span>",
                                        "en-US": "<span class=\"ez-output-1\"><span class=\"ez-format-comma\">[Oeuvres/Projects]</span></span>",
                                        "fr-FR": "<span class=\"ez-output-1\"><span class=\"ez-format-comma\">[Oeuvres/Projects]</span></span>"
                                    },
                                    "text": {
                                        "it-IT": "[Oeuvres/Projects]",
                                        "de-DE": "[Oeuvres/Projects]",
                                        "en-US": "[Oeuvres/Projects]",
                                        "fr-FR": "[Oeuvres/Projects]"
                                    }
                                }
                            }
                        },
                        {
                            "_mask": "act_role__all_fields",
                            "_objecttype": "act_role",
                            "_tags": [],
                            "_system_object_id": 49916,
                            "_format": "standard",
                            "_uuid": "4bf1c573-b30c-4ac2-b7ac-3c84b21ff3ed",
                            "_has_children": false,
                            "_global_object_id": "49916@8ef36ec7-a3a5-4d62-acd5-1ee839f35aa5",
                            "_standard": {
                                "1": {
                                    "html": {
                                        "it-IT": "<span class=\"ez-output-1\"><span class=\"ez-format-comma\">Ausf&#xFC;hrung</span></span>",
                                        "de-DE": "<span class=\"ez-output-1\"><span class=\"ez-format-comma\">Ausf&#xFC;hrung</span></span>",
                                        "en-US": "<span class=\"ez-output-1\"><span class=\"ez-format-comma\">Ausf&#xFC;hrung</span></span>",
                                        "fr-FR": "<span class=\"ez-output-1\"><span class=\"ez-format-comma\">Ausf&#xFC;hrung</span></span>"
                                    },
                                    "text": {
                                        "it-IT": "Ausführung",
                                        "de-DE": "Ausführung",
                                        "en-US": "Ausführung",
                                        "fr-FR": "Ausführung"
                                    }
                                }
                            },
                            "act_role": {
                                ":inner": [],
                                "_id_parent": 188,
                                "_id": 51,
                                ":inner:all": [],
                                "_version": 2
                            }
                        }
                    ],
                    "_sort": {
                        "it-IT": "Ausführung                                                     [Oeuvres/Projects] {188} Ausführung {51} ",
                        "de-DE": "Ausführung                                                     [Oeuvres/Projects] {188} Ausführung {51} ",
                        "en-US": "Ausführung                                                     [Oeuvres/Projects] {188} Ausführung {51} ",
                        "fr-FR": "Ausführung                                                     [Oeuvres/Projects] {188} Ausführung {51} "
                    },
                    "_global_object_id": "49916@8ef36ec7-a3a5-4d62-acd5-1ee839f35aa5",
                    "_standard": {
                        "1": {
                            "html": {
                                "it-IT": "<span class=\"ez-output-1\"><span class=\"ez-format-comma\">Ausf&#xFC;hrung</span></span>",
                                "de-DE": "<span class=\"ez-output-1\"><span class=\"ez-format-comma\">Ausf&#xFC;hrung</span></span>",
                                "en-US": "<span class=\"ez-output-1\"><span class=\"ez-format-comma\">Ausf&#xFC;hrung</span></span>",
                                "fr-FR": "<span class=\"ez-output-1\"><span class=\"ez-format-comma\">Ausf&#xFC;hrung</span></span>"
                            },
                            "text": {
                                "it-IT": "Ausführung",
                                "de-DE": "Ausführung",
                                "en-US": "Ausführung",
                                "fr-FR": "Ausführung"
                            }
                        }
                    },
                    "_uuid": "4bf1c573-b30c-4ac2-b7ac-3c84b21ff3ed",
                    "_level": 2,
                    "_has_children": false,
                    "_system_object_id": 49916,
                    "_format": "standard",
                    "_objecttype": "act_role",
                    "act_role": {
                        ":inner": [],
                        "_id_parent": 188,
                        "_id": 51,
                        ":inner:all": [],
                        "_version": 2
                    }
                },
                "_standard": {}
            }
        ]
    },
    "_published": [],
    "_path": [
        {
            "_system_object_id": 115012,
            "oeu": {
                ":inner": [],
                "_id_parent": null,
                "_id": 20368,
                ":inner:all": [],
                "_version": 16
            },
            "_mask": "oeu__all_fields",
            "_objecttype": "oeu",
            "_tags": [
                {
                    "_id": 19
                },
                {
                    "_id": 91
                },
                {
                    "_id": 53
                }
            ],
            "_format": "standard",
            "_uuid": "6add7060-5bd4-4174-8a70-7bddc3615948",
            "_has_children": true,
            "_global_object_id": "115012@8ef36ec7-a3a5-4d62-acd5-1ee839f35aa5",
            "_standard": {
                "1": {
                    "html": {
                        "it-IT": "<span class=\"ez-output-1\"><span class=\"ez-format-space\">Bubendorf, Gr&#xFC;ngenstrasse (Teile von bewohnten Orten)</span></span>",
                        "de-DE": "<span class=\"ez-output-1\"><span class=\"ez-format-space\">Formex AG</span><span class=\"ez-format-space\">Bubendorf, Gr&#xFC;ngenstrasse (Teile von bewohnten Orten)</span></span>",
                        "en-US": "<span class=\"ez-output-1\"><span class=\"ez-format-space\">Bubendorf, Gr&#xFC;ngenstrasse (parts of inhabited places)</span></span>",
                        "fr-FR": "<span class=\"ez-output-1\"><span class=\"ez-format-space\">Bubendorf, Gr&#xFC;ngenstrasse (Teile von bewohnten Orten)</span></span>"
                    },
                    "text": {
                        "it-IT": "Bubendorf, Grüngenstrasse (Teile von bewohnten Orten)",
                        "de-DE": "Formex AG Bubendorf, Grüngenstrasse (Teile von bewohnten Orten)",
                        "en-US": "Bubendorf, Grüngenstrasse (parts of inhabited places)",
                        "fr-FR": "Bubendorf, Grüngenstrasse (Teile von bewohnten Orten)"
                    }
                },
                "2": {
                    "html": {
                        "it-IT": "<span class=\"ez-format-space\">Isler, Heinz [Isler, Heinz] (Schweizer Ingenieur, geboren 1926) (Swiss engineer, born 1926)</span><span class=\"ez-format-brackets\">Ingenieur</span><span class=\"ez-format-space\">Furler + Widler [Furler + Widler &amp; Partner AG]</span><span class=\"ez-format-brackets\">Architekt</span><span class=\"ez-format-space\">W. B&#xF6;siger AG [Willi B&#xF6;siger AG]</span><span class=\"ez-format-brackets\">Ausf&#xFC;hrung</span>",
                        "de-DE": "<span class=\"ez-format-space\">Isler, Heinz (Schweizer Bauingenieur, 1926-2009) [Isler, Heinz] (Schweizer Ingenieur, geboren 1926) (Swiss engineer, born 1926)</span><span class=\"ez-format-brackets\">Ingenieur</span><span class=\"ez-format-space\">Furler + Widler (Schweizer Architekturb&#xFC;ro, 1987-1995) [Furler + Widler &amp; Partner AG]</span><span class=\"ez-format-brackets\">Architekt</span><span class=\"ez-format-space\">W. B&#xF6;siger AG (Schweizer Bauunternehmen, gegr&#xFC;ndet 1947) [Willi B&#xF6;siger AG]</span><span class=\"ez-format-brackets\">Ausf&#xFC;hrung</span>",
                        "en-US": "<span class=\"ez-format-space\">Isler, Heinz [Isler, Heinz] (Schweizer Ingenieur, geboren 1926) (Swiss engineer, born 1926)</span><span class=\"ez-format-brackets\">Ingenieur</span><span class=\"ez-format-space\">Furler + Widler [Furler + Widler &amp; Partner AG]</span><span class=\"ez-format-brackets\">Architekt</span><span class=\"ez-format-space\">W. B&#xF6;siger AG [Willi B&#xF6;siger AG]</span><span class=\"ez-format-brackets\">Ausf&#xFC;hrung</span>",
                        "fr-FR": "<span class=\"ez-format-space\">Isler, Heinz [Isler, Heinz] (Schweizer Ingenieur, geboren 1926) (Swiss engineer, born 1926)</span><span class=\"ez-format-brackets\">Ingenieur</span><span class=\"ez-format-space\">Furler + Widler [Furler + Widler &amp; Partner AG]</span><span class=\"ez-format-brackets\">Architekt</span><span class=\"ez-format-space\">W. B&#xF6;siger AG [Willi B&#xF6;siger AG]</span><span class=\"ez-format-brackets\">Ausf&#xFC;hrung</span>"
                    },
                    "text": {
                        "it-IT": "Isler, Heinz [Isler, Heinz] (Schweizer Ingenieur, geboren 1926) (Swiss engineer, born 1926) <Ingenieur> Furler + Widler [Furler + Widler & Partner AG] <Architekt> W. Bösiger AG [Willi Bösiger AG] <Ausführung>",
                        "de-DE": "Isler, Heinz (Schweizer Bauingenieur, 1926-2009) [Isler, Heinz] (Schweizer Ingenieur, geboren 1926) (Swiss engineer, born 1926) <Ingenieur> Furler + Widler (Schweizer Architekturbüro, 1987-1995) [Furler + Widler & Partner AG] <Architekt> W. Bösiger AG (Schweizer Bauunternehmen, gegründet 1947) [Willi Bösiger AG] <Ausführung>",
                        "en-US": "Isler, Heinz [Isler, Heinz] (Schweizer Ingenieur, geboren 1926) (Swiss engineer, born 1926) <Ingenieur> Furler + Widler [Furler + Widler & Partner AG] <Architekt> W. Bösiger AG [Willi Bösiger AG] <Ausführung>",
                        "fr-FR": "Isler, Heinz [Isler, Heinz] (Schweizer Ingenieur, geboren 1926) (Swiss engineer, born 1926) <Ingenieur> Furler + Widler [Furler + Widler & Partner AG] <Architekt> W. Bösiger AG [Willi Bösiger AG] <Ausführung>"
                    }
                },
                "3": {
                    "html": {
                        "it-IT": "<span class=\"ez-format-space\">1994 - 1995</span><span class=\"ez-format-round-parentheses\">ungenau</span>",
                        "de-DE": "<span class=\"ez-format-space\">1994 - 1995</span><span class=\"ez-format-round-parentheses\">ungenau</span>",
                        "en-US": "<span class=\"ez-format-space\">1994 - 1995</span><span class=\"ez-format-round-parentheses\">imprecise</span>",
                        "fr-FR": "<span class=\"ez-format-space\">1994 - 1995</span><span class=\"ez-format-round-parentheses\">ungenau</span>"
                    },
                    "text": {
                        "it-IT": "1994 - 1995 (ungenau)",
                        "de-DE": "1994 - 1995 (ungenau)",
                        "en-US": "1994 - 1995 (imprecise)",
                        "fr-FR": "1994 - 1995 (ungenau)"
                    }
                }
            }
        }
    ],
    "_created": "2020-01-16T20:53:57Z",
    "_published_count": 0,
    "_mask": "oeu__all_fields",
    "_uuid": "6add7060-5bd4-4174-8a70-7bddc3615948",
    "_last_modified": "2021-07-23T12:00:55Z",
    "_objecttype": "oeu",
    "_has_children": true,
    "_global_object_id": "115012@8ef36ec7-a3a5-4d62-acd5-1ee839f35aa5",
    "_standard": {
        "1": {
            "html": {
                "de-DE": "<span class=\"ez-output-1\"><span class=\"ez-format-space\">Formex AG</span><span class=\"ez-format-space\">Bubendorf, Gr&#xFC;ngenstrasse (Teile von bewohnten Orten)</span></span>",
                "en-US": "<span class=\"ez-output-1\"><span class=\"ez-format-space\">Bubendorf, Gr&#xFC;ngenstrasse (parts of inhabited places)</span></span>"
            },
            "text": {
                "de-DE": "Formex AG Bubendorf, Grüngenstrasse (Teile von bewohnten Orten)",
                "en-US": "Bubendorf, Grüngenstrasse (parts of inhabited places)"
            }
        },
        "2": {
            "html": {
                "de-DE": "<span class=\"ez-format-space\">Isler, Heinz (Schweizer Bauingenieur, 1926-2009) [Isler, Heinz] (Schweizer Ingenieur, geboren 1926) (Swiss engineer, born 1926)</span><span class=\"ez-format-brackets\">Ingenieur</span><span class=\"ez-format-space\">Furler + Widler (Schweizer Architekturb&#xFC;ro, 1987-1995) [Furler + Widler &amp; Partner AG]</span><span class=\"ez-format-brackets\">Architekt</span><span class=\"ez-format-space\">W. B&#xF6;siger AG (Schweizer Bauunternehmen, gegr&#xFC;ndet 1947) [Willi B&#xF6;siger AG]</span><span class=\"ez-format-brackets\">Ausf&#xFC;hrung</span>",
                "en-US": "<span class=\"ez-format-space\">Isler, Heinz [Isler, Heinz] (Schweizer Ingenieur, geboren 1926) (Swiss engineer, born 1926)</span><span class=\"ez-format-brackets\">Ingenieur</span><span class=\"ez-format-space\">Furler + Widler [Furler + Widler &amp; Partner AG]</span><span class=\"ez-format-brackets\">Architekt</span><span class=\"ez-format-space\">W. B&#xF6;siger AG [Willi B&#xF6;siger AG]</span><span class=\"ez-format-brackets\">Ausf&#xFC;hrung</span>"
            },
            "text": {
                "de-DE": "Isler, Heinz (Schweizer Bauingenieur, 1926-2009) [Isler, Heinz] (Schweizer Ingenieur, geboren 1926) (Swiss engineer, born 1926) <Ingenieur> Furler + Widler (Schweizer Architekturbüro, 1987-1995) [Furler + Widler & Partner AG] <Architekt> W. Bösiger AG (Schweizer Bauunternehmen, gegründet 1947) [Willi Bösiger AG] <Ausführung>",
                "en-US": "Isler, Heinz [Isler, Heinz] (Schweizer Ingenieur, geboren 1926) (Swiss engineer, born 1926) <Ingenieur> Furler + Widler [Furler + Widler & Partner AG] <Architekt> W. Bösiger AG [Willi Bösiger AG] <Ausführung>"
            }
        },
        "3": {
            "html": {
                "de-DE": "<span class=\"ez-format-space\">1994 - 1995</span><span class=\"ez-format-round-parentheses\">ungenau</span>",
                "en-US": "<span class=\"ez-format-space\">1994 - 1995</span><span class=\"ez-format-round-parentheses\">imprecise</span>"
            },
            "text": {
                "de-DE": "1994 - 1995 (ungenau)",
                "en-US": "1994 - 1995 (imprecise)"
            }
        }
    },
    "_format": "long",
    "_level": 1,
    "_sort": [
        115012
    ]
}