{
    "_system_object_id": 115040,
    "_tags": [
        {
            "_id": 19,
            "_name": {
                "de-DE": "Select Isler Project",
                "en-US": "Select Isler Project"
            }
        },
        {
            "_id": 91,
            "_name": {
                "de-DE": "Œuvres",
                "en-US": "Œuvres"
            }
        }
    ],
    "_exported_at": "2022-09-09T13:51:36+02:00",
    "oeu": {
        "oeu_import_missing_term_place": false,
        ":inner": [],
        "_id": 20396,
        "_nested:oeu__oeu_archive_exist_construct_places": [
            {
                "oeu_archive_exist_construct_place_v2": {
                    "_mask": "pl_display_short",
                    "_tags": [
                        {
                            "_id": 23
                        },
                        {
                            "_id": 40
                        }
                    ],
                    "_path": [
                        {
                            "_mask": "pl_display_short",
                            "_objecttype": "pl",
                            "_tags": [
                                {
                                    "_id": 136
                                },
                                {
                                    "_id": 176
                                }
                            ],
                            "_system_object_id": 95963,
                            "_format": "standard",
                            "_uuid": "6fcb97c3-7e11-4d53-a0ad-9e208766a986",
                            "pl": {
                                "_id": 29843,
                                "_id_parent": null,
                                "_version": 17
                            },
                            "_standard": {
                                "1": {
                                    "html": {
                                        "it-IT": "<span class=\"ez-output-1\"><span class=\"ez-format-space\">World</span><span class=\"ez-format-round-parentheses\">Facetten (kontrolliertes Vokabular)</span></span>",
                                        "de-DE": "<span class=\"ez-output-1\"><span class=\"ez-format-space\">World</span><span class=\"ez-format-round-parentheses\">Facetten (kontrolliertes Vokabular)</span></span>",
                                        "en-US": "<span class=\"ez-output-1\"><span class=\"ez-format-space\">World</span><span class=\"ez-format-round-parentheses\">facets (controlled vocabulary)</span></span>",
                                        "fr-FR": "<span class=\"ez-output-1\"><span class=\"ez-format-space\">World</span><span class=\"ez-format-round-parentheses\">Facetten (kontrolliertes Vokabular)</span></span>"
                                    },
                                    "text": {
                                        "it-IT": "World (Facetten (kontrolliertes Vokabular))",
                                        "de-DE": "World (Facetten (kontrolliertes Vokabular))",
                                        "en-US": "World (facets (controlled vocabulary))",
                                        "fr-FR": "World (Facetten (kontrolliertes Vokabular))"
                                    }
                                }
                            },
                            "_global_object_id": "95963@8ef36ec7-a3a5-4d62-acd5-1ee839f35aa5",
                            "_has_children": true
                        },
                        {
                            "_mask": "pl_display_short",
                            "_objecttype": "pl",
                            "_tags": [
                                {
                                    "_id": 23
                                },
                                {
                                    "_id": 136
                                },
                                {
                                    "_id": 143
                                },
                                {
                                    "_id": 148
                                },
                                {
                                    "_id": 176
                                }
                            ],
                            "_system_object_id": 97704,
                            "_format": "standard",
                            "_uuid": "f2419b9d-172f-4ffc-97ea-020272da7988",
                            "pl": {
                                "_id": 31584,
                                "_id_parent": 29843,
                                "_version": 26
                            },
                            "_standard": {
                                "1": {
                                    "html": {
                                        "it-IT": "<span class=\"ez-output-1\"><span class=\"ez-format-space\">Europe</span><span class=\"ez-format-round-parentheses\">Kontinent</span></span>",
                                        "de-DE": "<span class=\"ez-output-1\"><span class=\"ez-format-space\">Europe</span><span class=\"ez-format-round-parentheses\">Kontinent</span></span>",
                                        "en-US": "<span class=\"ez-output-1\"><span class=\"ez-format-space\">Europe</span><span class=\"ez-format-round-parentheses\">continents</span></span>",
                                        "fr-FR": "<span class=\"ez-output-1\"><span class=\"ez-format-space\">Europe</span><span class=\"ez-format-round-parentheses\">Kontinent</span></span>"
                                    },
                                    "text": {
                                        "it-IT": "Europe (Kontinent)",
                                        "de-DE": "Europe (Kontinent)",
                                        "en-US": "Europe (continents)",
                                        "fr-FR": "Europe (Kontinent)"
                                    }
                                }
                            },
                            "_global_object_id": "97704@8ef36ec7-a3a5-4d62-acd5-1ee839f35aa5",
                            "_has_children": true
                        },
                        {
                            "_mask": "pl_display_short",
                            "_objecttype": "pl",
                            "_tags": [
                                {
                                    "_id": 23
                                },
                                {
                                    "_id": 143
                                },
                                {
                                    "_id": 148
                                },
                                {
                                    "_id": 176
                                }
                            ],
                            "_system_object_id": 99046,
                            "_format": "standard",
                            "_uuid": "73376d0e-5f6e-4652-87e6-44ec11797c10",
                            "pl": {
                                "_id": 32926,
                                "_id_parent": 31584,
                                "_version": 26
                            },
                            "_standard": {
                                "1": {
                                    "html": {
                                        "it-IT": "<span class=\"ez-output-1\"><span class=\"ez-format-space\">Deutschland</span><span class=\"ez-format-round-parentheses\">souver&#xE4;ner Staat</span></span>",
                                        "de-DE": "<span class=\"ez-output-1\"><span class=\"ez-format-space\">Deutschland</span><span class=\"ez-format-round-parentheses\">souver&#xE4;ner Staat</span></span>",
                                        "en-US": "<span class=\"ez-output-1\"><span class=\"ez-format-space\">Deutschland</span><span class=\"ez-format-round-parentheses\">sovereign state</span></span>",
                                        "fr-FR": "<span class=\"ez-output-1\"><span class=\"ez-format-space\">Deutschland</span><span class=\"ez-format-round-parentheses\">souver&#xE4;ner Staat</span></span>"
                                    },
                                    "text": {
                                        "it-IT": "Deutschland (souveräner Staat)",
                                        "de-DE": "Deutschland (souveräner Staat)",
                                        "en-US": "Deutschland (sovereign state)",
                                        "fr-FR": "Deutschland (souveräner Staat)"
                                    }
                                }
                            },
                            "_global_object_id": "99046@8ef36ec7-a3a5-4d62-acd5-1ee839f35aa5",
                            "_has_children": true
                        },
                        {
                            "_mask": "pl_display_short",
                            "_objecttype": "pl",
                            "_tags": [
                                {
                                    "_id": 23
                                },
                                {
                                    "_id": 62
                                },
                                {
                                    "_id": 143
                                },
                                {
                                    "_id": 148
                                },
                                {
                                    "_id": 176
                                }
                            ],
                            "_system_object_id": 99244,
                            "_format": "standard",
                            "_uuid": "87f3e2d9-422c-453b-acc2-2bf25184e4d0",
                            "pl": {
                                "_id": 33124,
                                "_id_parent": 32926,
                                "_version": 27
                            },
                            "_standard": {
                                "1": {
                                    "html": {
                                        "it-IT": "<span class=\"ez-output-1\"><span class=\"ez-format-space\">Baden-W&#xFC;rttemberg</span><span class=\"ez-format-round-parentheses\">Bundesland</span></span>",
                                        "de-DE": "<span class=\"ez-output-1\"><span class=\"ez-format-space\">Baden-W&#xFC;rttemberg</span><span class=\"ez-format-round-parentheses\">Bundesland</span></span>",
                                        "en-US": "<span class=\"ez-output-1\"><span class=\"ez-format-space\">Baden-W&#xFC;rttemberg</span><span class=\"ez-format-round-parentheses\">state of Germany</span></span>",
                                        "fr-FR": "<span class=\"ez-output-1\"><span class=\"ez-format-space\">Baden-W&#xFC;rttemberg</span><span class=\"ez-format-round-parentheses\">Bundesland</span></span>"
                                    },
                                    "text": {
                                        "it-IT": "Baden-Württemberg (Bundesland)",
                                        "de-DE": "Baden-Württemberg (Bundesland)",
                                        "en-US": "Baden-Württemberg (state of Germany)",
                                        "fr-FR": "Baden-Württemberg (Bundesland)"
                                    }
                                }
                            },
                            "_global_object_id": "99244@8ef36ec7-a3a5-4d62-acd5-1ee839f35aa5",
                            "_has_children": true
                        },
                        {
                            "_mask": "pl_display_short",
                            "_objecttype": "pl",
                            "_tags": [
                                {
                                    "_id": 23
                                },
                                {
                                    "_id": 40
                                }
                            ],
                            "_system_object_id": 99533,
                            "_format": "standard",
                            "_uuid": "5e324918-aabd-4dc5-b6e8-faca1c964161",
                            "pl": {
                                "_id": 33413,
                                "_id_parent": 33124,
                                "_version": 20
                            },
                            "_global_object_id": "99533@8ef36ec7-a3a5-4d62-acd5-1ee839f35aa5",
                            "_standard": {
                                "1": {
                                    "html": {
                                        "it-IT": "<span class=\"ez-output-1\"><span class=\"ez-format-space\">Horb am Neckar</span><span class=\"ez-format-round-parentheses\">Siedlung</span></span>",
                                        "de-DE": "<span class=\"ez-output-1\"><span class=\"ez-format-space\">Horb am Neckar</span><span class=\"ez-format-round-parentheses\">Siedlung</span></span>",
                                        "en-US": "<span class=\"ez-output-1\"><span class=\"ez-format-space\">Horb am Neckar</span><span class=\"ez-format-round-parentheses\">inhabited places</span></span>",
                                        "fr-FR": "<span class=\"ez-output-1\"><span class=\"ez-format-space\">Horb am Neckar</span><span class=\"ez-format-round-parentheses\">Siedlung</span></span>"
                                    },
                                    "text": {
                                        "it-IT": "Horb am Neckar (Siedlung)",
                                        "de-DE": "Horb am Neckar (Siedlung)",
                                        "en-US": "Horb am Neckar (inhabited places)",
                                        "fr-FR": "Horb am Neckar (Siedlung)"
                                    }
                                }
                            },
                            "_has_children": false
                        }
                    ],
                    "_sort": {
                        "it-IT": "Horb am Neckar (Siedlung)                                       World (Facetten (kontrolliertes Vokabular)) {29843} Europe (Kontinent) {31584} Deutschland (souveräner Staat) {32926} Baden-Württemberg (Bundesland) {33124} Horb am Neckar (Siedlung) {33413} ",
                        "de-DE": "Horb am Neckar (Siedlung)                                       World (Facetten (kontrolliertes Vokabular)) {29843} Europe (Kontinent) {31584} Deutschland (souveräner Staat) {32926} Baden-Württemberg (Bundesland) {33124} Horb am Neckar (Siedlung) {33413} ",
                        "en-US": "Horb am Neckar (inhabited places)                               World (facets (controlled vocabulary)) {29843} Europe (continents) {31584} Deutschland (sovereign state) {32926} Baden-Württemberg (state of Germany) {33124} Horb am Neckar (inhabited places) {33413} ",
                        "fr-FR": "Horb am Neckar (Siedlung)                                       World (Facetten (kontrolliertes Vokabular)) {29843} Europe (Kontinent) {31584} Deutschland (souveräner Staat) {32926} Baden-Württemberg (Bundesland) {33124} Horb am Neckar (Siedlung) {33413} "
                    },
                    "pl": {
                        "_pool": {
                            "pool": {
                                "name": {
                                    "de-DE": "gta Digital",
                                    "en-US": "gta Digital"
                                },
                                "_id": 4,
                                "_id_parent": 3
                            },
                            "_level": 3,
                            "_path": [
                                {
                                    "pool": {
                                        "name": {
                                            "de-DE": "Alle Pools",
                                            "en-US": "All pools"
                                        },
                                        "_id": 1
                                    },
                                    "_basetype": "pool"
                                },
                                {
                                    "pool": {
                                        "name": {
                                            "de-DE": "Reference Data",
                                            "en-US": "Reference Data"
                                        },
                                        "_id": 3,
                                        "_id_parent": 1
                                    },
                                    "_basetype": "pool"
                                },
                                {
                                    "pool": {
                                        "name": {
                                            "de-DE": "gta Digital",
                                            "en-US": "gta Digital"
                                        },
                                        "_id": 4,
                                        "_id_parent": 3
                                    },
                                    "_basetype": "pool"
                                }
                            ],
                            "_basetype": "pool"
                        },
                        "_id": 33413,
                        "_id_parent": 33124,
                        "_version": 20
                    },
                    "_global_object_id": "99533@8ef36ec7-a3a5-4d62-acd5-1ee839f35aa5",
                    "_standard": {
                        "1": {
                            "html": {
                                "it-IT": "<span class=\"ez-output-1\"><span class=\"ez-format-space\">Horb am Neckar</span><span class=\"ez-format-round-parentheses\">Siedlung</span></span>",
                                "de-DE": "<span class=\"ez-output-1\"><span class=\"ez-format-space\">Horb am Neckar</span><span class=\"ez-format-round-parentheses\">Siedlung</span></span>",
                                "en-US": "<span class=\"ez-output-1\"><span class=\"ez-format-space\">Horb am Neckar</span><span class=\"ez-format-round-parentheses\">inhabited places</span></span>",
                                "fr-FR": "<span class=\"ez-output-1\"><span class=\"ez-format-space\">Horb am Neckar</span><span class=\"ez-format-round-parentheses\">Siedlung</span></span>"
                            },
                            "text": {
                                "it-IT": "Horb am Neckar (Siedlung)",
                                "de-DE": "Horb am Neckar (Siedlung)",
                                "en-US": "Horb am Neckar (inhabited places)",
                                "fr-FR": "Horb am Neckar (Siedlung)"
                            }
                        }
                    },
                    "_uuid": "5e324918-aabd-4dc5-b6e8-faca1c964161",
                    "_level": 5,
                    "_has_children": false,
                    "_system_object_id": 99533,
                    "_format": "standard",
                    "_objecttype": "pl"
                },
                "_standard": {}
            }
        ],
        "oeu_descr_legacy_chronology": "ausgeführt 1969/1970",
        "oeu_nc_name": {
            "de-DE": "Kimmich & Co"
        },
        "oeu_descr_notes": "Büronummer: alt 185.",
        "_id_parent": null,
        "_pool": {
            "pool": {
                "name": {
                    "de-DE": "gta Aarchives",
                    "en-US": "gta Archives"
                },
                "_id": 92,
                "_id_parent": 91
            },
            "_level": 5,
            "_path": [
                {
                    "pool": {
                        "name": {
                            "de-DE": "Alle Pools",
                            "en-US": "All pools"
                        },
                        "_id": 1
                    },
                    "_basetype": "pool"
                },
                {
                    "pool": {
                        "name": {
                            "de-DE": "Reference Data",
                            "en-US": "Reference Data"
                        },
                        "_id": 3,
                        "_id_parent": 1
                    },
                    "_basetype": "pool"
                },
                {
                    "pool": {
                        "name": {
                            "de-DE": "Generic",
                            "en-US": "Generic"
                        },
                        "_id": 90,
                        "_id_parent": 3
                    },
                    "_basetype": "pool"
                },
                {
                    "pool": {
                        "name": {
                            "de-DE": "gta Institute",
                            "en-US": "gta Institute"
                        },
                        "_id": 91,
                        "_id_parent": 90
                    },
                    "_basetype": "pool"
                },
                {
                    "pool": {
                        "name": {
                            "de-DE": "gta Aarchives",
                            "en-US": "gta Archives"
                        },
                        "_id": 92,
                        "_id_parent": 91
                    },
                    "_basetype": "pool"
                }
            ],
            "_basetype": "pool"
        },
        "oeu_descr_scientificcomment": {
            "de-DE": "Fabrikhalle, 2 Industrie-Schalen 20 x 20 m, 800 m2."
        },
        "oeu_nc_type": {
            "_has_children": false,
            "_level": 1,
            "_system_object_id": 63559,
            "_mask": "oeu_type__all_fields",
            "oeu_nc_type": {
                ":inner": [],
                "_id_parent": null,
                "_id": 1,
                ":inner:all": [],
                "_version": 4
            },
            "_uuid": "a321550f-d644-4ebc-9e41-93bac85aded7",
            "_format": "standard",
            "_path": [
                {
                    "oeu_nc_type": {
                        ":inner": [],
                        "_id_parent": null,
                        "_id": 1,
                        ":inner:all": [],
                        "_version": 4
                    },
                    "_mask": "oeu_type__all_fields",
                    "_objecttype": "oeu_nc_type",
                    "_system_object_id": 63559,
                    "_uuid": "a321550f-d644-4ebc-9e41-93bac85aded7",
                    "_format": "standard",
                    "_has_children": false,
                    "_standard": {
                        "1": {
                            "html": {
                                "it-IT": "<span class=\"ez-output-1\"><span class=\"ez-format-comma\">Oeuvre</span></span>",
                                "de-DE": "<span class=\"ez-output-1\"><span class=\"ez-format-comma\">Oeuvre</span></span>",
                                "en-US": "<span class=\"ez-output-1\"><span class=\"ez-format-comma\">Oeuvre</span></span>",
                                "fr-FR": "<span class=\"ez-output-1\"><span class=\"ez-format-comma\">Oeuvre</span></span>"
                            },
                            "text": {
                                "it-IT": "Oeuvre",
                                "de-DE": "Oeuvre",
                                "en-US": "Oeuvre",
                                "fr-FR": "Oeuvre"
                            }
                        }
                    },
                    "_global_object_id": "63559@8ef36ec7-a3a5-4d62-acd5-1ee839f35aa5"
                }
            ],
            "_objecttype": "oeu_nc_type",
            "_sort": {
                "it-IT": "Oeuvre                                                          Oeuvre {1} ",
                "de-DE": "Oeuvre                                                          Oeuvre {1} ",
                "en-US": "Oeuvre                                                          Oeuvre {1} ",
                "fr-FR": "Oeuvre                                                          Oeuvre {1} "
            },
            "_global_object_id": "63559@8ef36ec7-a3a5-4d62-acd5-1ee839f35aa5",
            "_standard": {
                "1": {
                    "html": {
                        "it-IT": "<span class=\"ez-output-1\"><span class=\"ez-format-comma\">Oeuvre</span></span>",
                        "de-DE": "<span class=\"ez-output-1\"><span class=\"ez-format-comma\">Oeuvre</span></span>",
                        "en-US": "<span class=\"ez-output-1\"><span class=\"ez-format-comma\">Oeuvre</span></span>",
                        "fr-FR": "<span class=\"ez-output-1\"><span class=\"ez-format-comma\">Oeuvre</span></span>"
                    },
                    "text": {
                        "it-IT": "Oeuvre",
                        "de-DE": "Oeuvre",
                        "en-US": "Oeuvre",
                        "fr-FR": "Oeuvre"
                    }
                }
            }
        },
        "oeu_archive_exist_construct_timespan": {
            "_middle": "1969-12-31T23:59:59Z",
            "_from": "1969-01-01T00:00:00Z",
            "from": "1969",
            "to": "1970",
            "_to": "1970-12-31T23:59:59Z"
        },
        "oeu_import_missing_term_person": false,
        "oeu_descr_legacy_person": "Ingenieur: Heinz Isler; Architekt: Johannes Hierath (Horb); Bauherr(en): Kimmich & Co",
        "oeu_import_uuid": "A380E0B1-6316-40FA-A16A-EBB579E8B05B",
        "oeu_import_uuid_hierarchical": "A380E0B1-6316-40FA-A16A-EBB579E8B05B",
        "oeu_archive_exist_construct_timespan_uncert": {
            "_level": 1,
            "_has_children": false,
            "_mask": "generic_uncert__all_fields",
            "generic_uncertainty": {
                ":inner": [],
                "_id_parent": null,
                "_id": 5,
                ":inner:all": [],
                "_version": 3
            },
            "_system_object_id": 111523,
            "_format": "standard",
            "_uuid": "21f7fea3-a95e-42d5-ad96-c41c918bcd97",
            "_path": [
                {
                    "_mask": "generic_uncert__all_fields",
                    "_objecttype": "generic_uncertainty",
                    "_system_object_id": 111523,
                    "_format": "standard",
                    "_uuid": "21f7fea3-a95e-42d5-ad96-c41c918bcd97",
                    "generic_uncertainty": {
                        ":inner": [],
                        "_id_parent": null,
                        "_id": 5,
                        ":inner:all": [],
                        "_version": 3
                    },
                    "_has_children": false,
                    "_standard": {
                        "1": {
                            "html": {
                                "it-IT": "<span class=\"ez-output-1\"><span class=\"ez-format-comma\">ungenau</span></span>",
                                "de-DE": "<span class=\"ez-output-1\"><span class=\"ez-format-comma\">ungenau</span></span>",
                                "en-US": "<span class=\"ez-output-1\"><span class=\"ez-format-comma\">imprecise</span></span>",
                                "fr-FR": "<span class=\"ez-output-1\"><span class=\"ez-format-comma\">ungenau</span></span>"
                            },
                            "text": {
                                "it-IT": "ungenau",
                                "de-DE": "ungenau",
                                "en-US": "imprecise",
                                "fr-FR": "ungenau"
                            }
                        }
                    },
                    "_global_object_id": "111523@8ef36ec7-a3a5-4d62-acd5-1ee839f35aa5"
                }
            ],
            "_objecttype": "generic_uncertainty",
            "_sort": {
                "it-IT": "ungenau                                                         ungenau {5} ",
                "de-DE": "ungenau                                                         ungenau {5} ",
                "en-US": "imprecise                                                       imprecise {5} ",
                "fr-FR": "ungenau                                                         ungenau {5} "
            },
            "_global_object_id": "111523@8ef36ec7-a3a5-4d62-acd5-1ee839f35aa5",
            "_standard": {
                "1": {
                    "html": {
                        "it-IT": "<span class=\"ez-output-1\"><span class=\"ez-format-comma\">ungenau</span></span>",
                        "de-DE": "<span class=\"ez-output-1\"><span class=\"ez-format-comma\">ungenau</span></span>",
                        "en-US": "<span class=\"ez-output-1\"><span class=\"ez-format-comma\">imprecise</span></span>",
                        "fr-FR": "<span class=\"ez-output-1\"><span class=\"ez-format-comma\">ungenau</span></span>"
                    },
                    "text": {
                        "it-IT": "ungenau",
                        "de-DE": "ungenau",
                        "en-US": "imprecise",
                        "fr-FR": "ungenau"
                    }
                }
            }
        },
        ":inner:all": [],
        "_version": 13,
        "oeu_descr_legacy_places": "Objektort: Horb am Neckar",
        "_nested:oeu__oeu_archive_ar_creation": [
            {
                "oeu_archive_ar_creation_actor": {
                    "_mask": "act__shortest",
                    "act": {
                        "_pool": {
                            "pool": {
                                "name": {
                                    "de-DE": "Dataset B",
                                    "en-US": "Dataset B"
                                },
                                "_id": 32,
                                "_id_parent": 4
                            },
                            "_level": 4,
                            "_path": [
                                {
                                    "pool": {
                                        "name": {
                                            "de-DE": "Alle Pools",
                                            "en-US": "All pools"
                                        },
                                        "_id": 1
                                    },
                                    "_basetype": "pool"
                                },
                                {
                                    "pool": {
                                        "name": {
                                            "de-DE": "Reference Data",
                                            "en-US": "Reference Data"
                                        },
                                        "_id": 3,
                                        "_id_parent": 1
                                    },
                                    "_basetype": "pool"
                                },
                                {
                                    "pool": {
                                        "name": {
                                            "de-DE": "gta Digital",
                                            "en-US": "gta Digital"
                                        },
                                        "_id": 4,
                                        "_id_parent": 3
                                    },
                                    "_basetype": "pool"
                                },
                                {
                                    "pool": {
                                        "name": {
                                            "de-DE": "Dataset B",
                                            "en-US": "Dataset B"
                                        },
                                        "_id": 32,
                                        "_id_parent": 4
                                    },
                                    "_basetype": "pool"
                                }
                            ],
                            "_basetype": "pool"
                        },
                        "_id": 28184,
                        "_id_parent": null,
                        "_version": 28
                    },
                    "_tags": [
                        {
                            "_id": 31
                        },
                        {
                            "_id": 77
                        },
                        {
                            "_id": 88
                        },
                        {
                            "_id": 176
                        }
                    ],
                    "_path": [
                        {
                            "_system_object_id": 54908,
                            "act": {
                                "_id": 28184,
                                "_id_parent": null,
                                "_version": 28
                            },
                            "_tags": [
                                {
                                    "_id": 31
                                },
                                {
                                    "_id": 77
                                },
                                {
                                    "_id": 88
                                },
                                {
                                    "_id": 176
                                }
                            ],
                            "_mask": "act__shortest",
                            "_format": "standard",
                            "_objecttype": "act",
                            "_uuid": "40c02a93-9a52-482a-9175-9b1a1eb7cbfd",
                            "_has_children": false,
                            "_standard": {
                                "1": {
                                    "html": {
                                        "it-IT": "<span class=\"ez-output-1\"><span class=\"ez-format-space\">Isler, Heinz</span><span class=\"ez-format-square-brackets\">Isler, Heinz</span><span class=\"ez-format-round-parentheses\">Schweizer Ingenieur, geboren 1926</span><span class=\"ez-format-round-parentheses\">Swiss engineer, born 1926</span></span>",
                                        "de-DE": "<span class=\"ez-output-1\"><span class=\"ez-format-space\">Isler, Heinz</span><span class=\"ez-format-round-parentheses\">Schweizer Bauingenieur, 1926-2009</span><span class=\"ez-format-square-brackets\">Isler, Heinz</span><span class=\"ez-format-round-parentheses\">Schweizer Ingenieur, geboren 1926</span><span class=\"ez-format-round-parentheses\">Swiss engineer, born 1926</span></span>",
                                        "en-US": "<span class=\"ez-output-1\"><span class=\"ez-format-space\">Isler, Heinz</span><span class=\"ez-format-square-brackets\">Isler, Heinz</span><span class=\"ez-format-round-parentheses\">Schweizer Ingenieur, geboren 1926</span><span class=\"ez-format-round-parentheses\">Swiss engineer, born 1926</span></span>",
                                        "fr-FR": "<span class=\"ez-output-1\"><span class=\"ez-format-space\">Isler, Heinz</span><span class=\"ez-format-square-brackets\">Isler, Heinz</span><span class=\"ez-format-round-parentheses\">Schweizer Ingenieur, geboren 1926</span><span class=\"ez-format-round-parentheses\">Swiss engineer, born 1926</span></span>"
                                    },
                                    "text": {
                                        "it-IT": "Isler, Heinz [Isler, Heinz] (Schweizer Ingenieur, geboren 1926) (Swiss engineer, born 1926)",
                                        "de-DE": "Isler, Heinz (Schweizer Bauingenieur, 1926-2009) [Isler, Heinz] (Schweizer Ingenieur, geboren 1926) (Swiss engineer, born 1926)",
                                        "en-US": "Isler, Heinz [Isler, Heinz] (Schweizer Ingenieur, geboren 1926) (Swiss engineer, born 1926)",
                                        "fr-FR": "Isler, Heinz [Isler, Heinz] (Schweizer Ingenieur, geboren 1926) (Swiss engineer, born 1926)"
                                    }
                                }
                            },
                            "_global_object_id": "54908@8ef36ec7-a3a5-4d62-acd5-1ee839f35aa5"
                        }
                    ],
                    "_sort": {
                        "it-IT": "Isler, Heinz [Isler, Heinz] (Schweizer Ingenieur, geboren 1926) (Swiss engineer, born 1926)Isler, Heinz [Isler, Heinz] (Schweizer Ingenieur, geboren 1926) (Swiss engineer, born 1926) {28184} ",
                        "de-DE": "Isler, Heinz (Schweizer Bauingenieur, 1926-2009) [Isler, Heinz] (Schweizer Ingenieur, geboren 1926) (Swiss engineer, born 1926)Isler, Heinz (Schweizer Bauingenieur, 1926-2009) [Isler, Heinz] (Schweizer Ingenieur, geboren 1926) (Swiss engineer, born 1926) {28184} ",
                        "en-US": "Isler, Heinz [Isler, Heinz] (Schweizer Ingenieur, geboren 1926) (Swiss engineer, born 1926)Isler, Heinz [Isler, Heinz] (Schweizer Ingenieur, geboren 1926) (Swiss engineer, born 1926) {28184} ",
                        "fr-FR": "Isler, Heinz [Isler, Heinz] (Schweizer Ingenieur, geboren 1926) (Swiss engineer, born 1926)Isler, Heinz [Isler, Heinz] (Schweizer Ingenieur, geboren 1926) (Swiss engineer, born 1926) {28184} "
                    },
                    "_standard": {
                        "1": {
                            "html": {
                                "it-IT": "<span class=\"ez-output-1\"><span class=\"ez-format-space\">Isler, Heinz</span><span class=\"ez-format-square-brackets\">Isler, Heinz</span><span class=\"ez-format-round-parentheses\">Schweizer Ingenieur, geboren 1926</span><span class=\"ez-format-round-parentheses\">Swiss engineer, born 1926</span></span>",
                                "de-DE": "<span class=\"ez-output-1\"><span class=\"ez-format-space\">Isler, Heinz</span><span class=\"ez-format-round-parentheses\">Schweizer Bauingenieur, 1926-2009</span><span class=\"ez-format-square-brackets\">Isler, Heinz</span><span class=\"ez-format-round-parentheses\">Schweizer Ingenieur, geboren 1926</span><span class=\"ez-format-round-parentheses\">Swiss engineer, born 1926</span></span>",
                                "en-US": "<span class=\"ez-output-1\"><span class=\"ez-format-space\">Isler, Heinz</span><span class=\"ez-format-square-brackets\">Isler, Heinz</span><span class=\"ez-format-round-parentheses\">Schweizer Ingenieur, geboren 1926</span><span class=\"ez-format-round-parentheses\">Swiss engineer, born 1926</span></span>",
                                "fr-FR": "<span class=\"ez-output-1\"><span class=\"ez-format-space\">Isler, Heinz</span><span class=\"ez-format-square-brackets\">Isler, Heinz</span><span class=\"ez-format-round-parentheses\">Schweizer Ingenieur, geboren 1926</span><span class=\"ez-format-round-parentheses\">Swiss engineer, born 1926</span></span>"
                            },
                            "text": {
                                "it-IT": "Isler, Heinz [Isler, Heinz] (Schweizer Ingenieur, geboren 1926) (Swiss engineer, born 1926)",
                                "de-DE": "Isler, Heinz (Schweizer Bauingenieur, 1926-2009) [Isler, Heinz] (Schweizer Ingenieur, geboren 1926) (Swiss engineer, born 1926)",
                                "en-US": "Isler, Heinz [Isler, Heinz] (Schweizer Ingenieur, geboren 1926) (Swiss engineer, born 1926)",
                                "fr-FR": "Isler, Heinz [Isler, Heinz] (Schweizer Ingenieur, geboren 1926) (Swiss engineer, born 1926)"
                            }
                        }
                    },
                    "_global_object_id": "54908@8ef36ec7-a3a5-4d62-acd5-1ee839f35aa5",
                    "_uuid": "40c02a93-9a52-482a-9175-9b1a1eb7cbfd",
                    "_level": 1,
                    "_has_children": false,
                    "_system_object_id": 54908,
                    "_format": "standard",
                    "_objecttype": "act"
                },
                "oeu_archive_ar_creation_actor_role": {
                    "_mask": "act_role__all_fields",
                    "_tags": [],
                    "_path": [
                        {
                            "_mask": "act_role__all_fields",
                            "_objecttype": "act_role",
                            "_tags": [],
                            "_system_object_id": 639073,
                            "_format": "standard",
                            "_uuid": "d37e37c0-c91b-4ada-a2c0-3698ad72e684",
                            "_has_children": true,
                            "act_role": {
                                ":inner": [],
                                "_id_parent": null,
                                "_id": 188,
                                ":inner:all": [],
                                "_version": 2
                            },
                            "_global_object_id": "639073@8ef36ec7-a3a5-4d62-acd5-1ee839f35aa5",
                            "_standard": {
                                "1": {
                                    "html": {
                                        "it-IT": "<span class=\"ez-output-1\"><span class=\"ez-format-comma\">[Oeuvres/Projects]</span></span>",
                                        "de-DE": "<span class=\"ez-output-1\"><span class=\"ez-format-comma\">[Oeuvres/Projects]</span></span>",
                                        "en-US": "<span class=\"ez-output-1\"><span class=\"ez-format-comma\">[Oeuvres/Projects]</span></span>",
                                        "fr-FR": "<span class=\"ez-output-1\"><span class=\"ez-format-comma\">[Oeuvres/Projects]</span></span>"
                                    },
                                    "text": {
                                        "it-IT": "[Oeuvres/Projects]",
                                        "de-DE": "[Oeuvres/Projects]",
                                        "en-US": "[Oeuvres/Projects]",
                                        "fr-FR": "[Oeuvres/Projects]"
                                    }
                                }
                            }
                        },
                        {
                            "_mask": "act_role__all_fields",
                            "_objecttype": "act_role",
                            "_tags": [],
                            "_system_object_id": 49949,
                            "_format": "standard",
                            "_uuid": "a1e1d619-d742-4f8f-930e-5d08c297bae6",
                            "_has_children": false,
                            "_global_object_id": "49949@8ef36ec7-a3a5-4d62-acd5-1ee839f35aa5",
                            "_standard": {
                                "1": {
                                    "html": {
                                        "it-IT": "<span class=\"ez-output-1\"><span class=\"ez-format-comma\">Ingenieur</span></span>",
                                        "de-DE": "<span class=\"ez-output-1\"><span class=\"ez-format-comma\">Ingenieur</span></span>",
                                        "en-US": "<span class=\"ez-output-1\"><span class=\"ez-format-comma\">Ingenieur</span></span>",
                                        "fr-FR": "<span class=\"ez-output-1\"><span class=\"ez-format-comma\">Ingenieur</span></span>"
                                    },
                                    "text": {
                                        "it-IT": "Ingenieur",
                                        "de-DE": "Ingenieur",
                                        "en-US": "Ingenieur",
                                        "fr-FR": "Ingenieur"
                                    }
                                }
                            },
                            "act_role": {
                                ":inner": [],
                                "_id_parent": 188,
                                "_id": 84,
                                ":inner:all": [],
                                "_version": 2
                            }
                        }
                    ],
                    "_sort": {
                        "it-IT": "Ingenieur                                                       [Oeuvres/Projects] {188} Ingenieur {84} ",
                        "de-DE": "Ingenieur                                                       [Oeuvres/Projects] {188} Ingenieur {84} ",
                        "en-US": "Ingenieur                                                       [Oeuvres/Projects] {188} Ingenieur {84} ",
                        "fr-FR": "Ingenieur                                                       [Oeuvres/Projects] {188} Ingenieur {84} "
                    },
                    "_global_object_id": "49949@8ef36ec7-a3a5-4d62-acd5-1ee839f35aa5",
                    "_standard": {
                        "1": {
                            "html": {
                                "it-IT": "<span class=\"ez-output-1\"><span class=\"ez-format-comma\">Ingenieur</span></span>",
                                "de-DE": "<span class=\"ez-output-1\"><span class=\"ez-format-comma\">Ingenieur</span></span>",
                                "en-US": "<span class=\"ez-output-1\"><span class=\"ez-format-comma\">Ingenieur</span></span>",
                                "fr-FR": "<span class=\"ez-output-1\"><span class=\"ez-format-comma\">Ingenieur</span></span>"
                            },
                            "text": {
                                "it-IT": "Ingenieur",
                                "de-DE": "Ingenieur",
                                "en-US": "Ingenieur",
                                "fr-FR": "Ingenieur"
                            }
                        }
                    },
                    "_uuid": "a1e1d619-d742-4f8f-930e-5d08c297bae6",
                    "_level": 2,
                    "_has_children": false,
                    "_system_object_id": 49949,
                    "_format": "standard",
                    "_objecttype": "act_role",
                    "act_role": {
                        ":inner": [],
                        "_id_parent": 188,
                        "_id": 84,
                        ":inner:all": [],
                        "_version": 2
                    }
                },
                "_standard": {}
            },
            {
                "oeu_archive_ar_creation_actor": {
                    "_mask": "act__shortest",
                    "act": {
                        "_pool": {
                            "pool": {
                                "name": {
                                    "de-DE": "Dataset A",
                                    "en-US": "Dataset A"
                                },
                                "_id": 33,
                                "_id_parent": 4
                            },
                            "_level": 4,
                            "_path": [
                                {
                                    "pool": {
                                        "name": {
                                            "de-DE": "Alle Pools",
                                            "en-US": "All pools"
                                        },
                                        "_id": 1
                                    },
                                    "_basetype": "pool"
                                },
                                {
                                    "pool": {
                                        "name": {
                                            "de-DE": "Reference Data",
                                            "en-US": "Reference Data"
                                        },
                                        "_id": 3,
                                        "_id_parent": 1
                                    },
                                    "_basetype": "pool"
                                },
                                {
                                    "pool": {
                                        "name": {
                                            "de-DE": "gta Digital",
                                            "en-US": "gta Digital"
                                        },
                                        "_id": 4,
                                        "_id_parent": 3
                                    },
                                    "_basetype": "pool"
                                },
                                {
                                    "pool": {
                                        "name": {
                                            "de-DE": "Dataset A",
                                            "en-US": "Dataset A"
                                        },
                                        "_id": 33,
                                        "_id_parent": 4
                                    },
                                    "_basetype": "pool"
                                }
                            ],
                            "_basetype": "pool"
                        },
                        "_id": 11132,
                        "_id_parent": null,
                        "_version": 12
                    },
                    "_tags": [
                        {
                            "_id": 88
                        },
                        {
                            "_id": 176
                        }
                    ],
                    "_path": [
                        {
                            "_system_object_id": 32968,
                            "act": {
                                "_id": 11132,
                                "_id_parent": null,
                                "_version": 12
                            },
                            "_tags": [
                                {
                                    "_id": 88
                                },
                                {
                                    "_id": 176
                                }
                            ],
                            "_mask": "act__shortest",
                            "_format": "standard",
                            "_objecttype": "act",
                            "_uuid": "278ba0c7-3f5d-452a-865e-f506325ccf40",
                            "_has_children": false,
                            "_standard": {
                                "1": {
                                    "html": {
                                        "it-IT": "<span class=\"ez-output-1\"><span class=\"ez-format-space\">Hierath, Johannes</span><span class=\"ez-format-square-brackets\">Hierath, Johannes</span></span>",
                                        "de-DE": "<span class=\"ez-output-1\"><span class=\"ez-format-space\">Hierath, Johannes</span><span class=\"ez-format-square-brackets\">Hierath, Johannes</span></span>",
                                        "en-US": "<span class=\"ez-output-1\"><span class=\"ez-format-space\">Hierath, Johannes</span><span class=\"ez-format-square-brackets\">Hierath, Johannes</span></span>",
                                        "fr-FR": "<span class=\"ez-output-1\"><span class=\"ez-format-space\">Hierath, Johannes</span><span class=\"ez-format-square-brackets\">Hierath, Johannes</span></span>"
                                    },
                                    "text": {
                                        "it-IT": "Hierath, Johannes [Hierath, Johannes]",
                                        "de-DE": "Hierath, Johannes [Hierath, Johannes]",
                                        "en-US": "Hierath, Johannes [Hierath, Johannes]",
                                        "fr-FR": "Hierath, Johannes [Hierath, Johannes]"
                                    }
                                }
                            },
                            "_global_object_id": "32968@8ef36ec7-a3a5-4d62-acd5-1ee839f35aa5"
                        }
                    ],
                    "_sort": {
                        "it-IT": "Hierath, Johannes [Hierath, Johannes]                           Hierath, Johannes [Hierath, Johannes] {11132} ",
                        "de-DE": "Hierath, Johannes [Hierath, Johannes]                           Hierath, Johannes [Hierath, Johannes] {11132} ",
                        "en-US": "Hierath, Johannes [Hierath, Johannes]                           Hierath, Johannes [Hierath, Johannes] {11132} ",
                        "fr-FR": "Hierath, Johannes [Hierath, Johannes]                           Hierath, Johannes [Hierath, Johannes] {11132} "
                    },
                    "_standard": {
                        "1": {
                            "html": {
                                "it-IT": "<span class=\"ez-output-1\"><span class=\"ez-format-space\">Hierath, Johannes</span><span class=\"ez-format-square-brackets\">Hierath, Johannes</span></span>",
                                "de-DE": "<span class=\"ez-output-1\"><span class=\"ez-format-space\">Hierath, Johannes</span><span class=\"ez-format-square-brackets\">Hierath, Johannes</span></span>",
                                "en-US": "<span class=\"ez-output-1\"><span class=\"ez-format-space\">Hierath, Johannes</span><span class=\"ez-format-square-brackets\">Hierath, Johannes</span></span>",
                                "fr-FR": "<span class=\"ez-output-1\"><span class=\"ez-format-space\">Hierath, Johannes</span><span class=\"ez-format-square-brackets\">Hierath, Johannes</span></span>"
                            },
                            "text": {
                                "it-IT": "Hierath, Johannes [Hierath, Johannes]",
                                "de-DE": "Hierath, Johannes [Hierath, Johannes]",
                                "en-US": "Hierath, Johannes [Hierath, Johannes]",
                                "fr-FR": "Hierath, Johannes [Hierath, Johannes]"
                            }
                        }
                    },
                    "_global_object_id": "32968@8ef36ec7-a3a5-4d62-acd5-1ee839f35aa5",
                    "_uuid": "278ba0c7-3f5d-452a-865e-f506325ccf40",
                    "_level": 1,
                    "_has_children": false,
                    "_system_object_id": 32968,
                    "_format": "standard",
                    "_objecttype": "act"
                },
                "oeu_archive_ar_creation_actor_role": {
                    "_mask": "act_role__all_fields",
                    "_tags": [],
                    "_path": [
                        {
                            "_mask": "act_role__all_fields",
                            "_objecttype": "act_role",
                            "_tags": [],
                            "_system_object_id": 639073,
                            "_format": "standard",
                            "_uuid": "d37e37c0-c91b-4ada-a2c0-3698ad72e684",
                            "_has_children": true,
                            "act_role": {
                                ":inner": [],
                                "_id_parent": null,
                                "_id": 188,
                                ":inner:all": [],
                                "_version": 2
                            },
                            "_global_object_id": "639073@8ef36ec7-a3a5-4d62-acd5-1ee839f35aa5",
                            "_standard": {
                                "1": {
                                    "html": {
                                        "it-IT": "<span class=\"ez-output-1\"><span class=\"ez-format-comma\">[Oeuvres/Projects]</span></span>",
                                        "de-DE": "<span class=\"ez-output-1\"><span class=\"ez-format-comma\">[Oeuvres/Projects]</span></span>",
                                        "en-US": "<span class=\"ez-output-1\"><span class=\"ez-format-comma\">[Oeuvres/Projects]</span></span>",
                                        "fr-FR": "<span class=\"ez-output-1\"><span class=\"ez-format-comma\">[Oeuvres/Projects]</span></span>"
                                    },
                                    "text": {
                                        "it-IT": "[Oeuvres/Projects]",
                                        "de-DE": "[Oeuvres/Projects]",
                                        "en-US": "[Oeuvres/Projects]",
                                        "fr-FR": "[Oeuvres/Projects]"
                                    }
                                }
                            }
                        },
                        {
                            "_mask": "act_role__all_fields",
                            "_objecttype": "act_role",
                            "_tags": [],
                            "_system_object_id": 49909,
                            "_format": "standard",
                            "_uuid": "0a12db32-849a-48db-a354-0fa4977d0f11",
                            "_has_children": false,
                            "_global_object_id": "49909@8ef36ec7-a3a5-4d62-acd5-1ee839f35aa5",
                            "_standard": {
                                "1": {
                                    "html": {
                                        "it-IT": "<span class=\"ez-output-1\"><span class=\"ez-format-comma\">Architekt</span></span>",
                                        "de-DE": "<span class=\"ez-output-1\"><span class=\"ez-format-comma\">Architekt</span></span>",
                                        "en-US": "<span class=\"ez-output-1\"><span class=\"ez-format-comma\">Architekt</span></span>",
                                        "fr-FR": "<span class=\"ez-output-1\"><span class=\"ez-format-comma\">Architekt</span></span>"
                                    },
                                    "text": {
                                        "it-IT": "Architekt",
                                        "de-DE": "Architekt",
                                        "en-US": "Architekt",
                                        "fr-FR": "Architekt"
                                    }
                                }
                            },
                            "act_role": {
                                ":inner": [],
                                "_id_parent": 188,
                                "_id": 44,
                                ":inner:all": [],
                                "_version": 2
                            }
                        }
                    ],
                    "_sort": {
                        "it-IT": "Architekt                                                       [Oeuvres/Projects] {188} Architekt {44} ",
                        "de-DE": "Architekt                                                       [Oeuvres/Projects] {188} Architekt {44} ",
                        "en-US": "Architekt                                                       [Oeuvres/Projects] {188} Architekt {44} ",
                        "fr-FR": "Architekt                                                       [Oeuvres/Projects] {188} Architekt {44} "
                    },
                    "_global_object_id": "49909@8ef36ec7-a3a5-4d62-acd5-1ee839f35aa5",
                    "_standard": {
                        "1": {
                            "html": {
                                "it-IT": "<span class=\"ez-output-1\"><span class=\"ez-format-comma\">Architekt</span></span>",
                                "de-DE": "<span class=\"ez-output-1\"><span class=\"ez-format-comma\">Architekt</span></span>",
                                "en-US": "<span class=\"ez-output-1\"><span class=\"ez-format-comma\">Architekt</span></span>",
                                "fr-FR": "<span class=\"ez-output-1\"><span class=\"ez-format-comma\">Architekt</span></span>"
                            },
                            "text": {
                                "it-IT": "Architekt",
                                "de-DE": "Architekt",
                                "en-US": "Architekt",
                                "fr-FR": "Architekt"
                            }
                        }
                    },
                    "_uuid": "0a12db32-849a-48db-a354-0fa4977d0f11",
                    "_level": 2,
                    "_has_children": false,
                    "_system_object_id": 49909,
                    "_format": "standard",
                    "_objecttype": "act_role",
                    "act_role": {
                        ":inner": [],
                        "_id_parent": 188,
                        "_id": 44,
                        ":inner:all": [],
                        "_version": 2
                    }
                },
                "_standard": {}
            }
        ]
    },
    "_published": [],
    "_path": [
        {
            "_system_object_id": 115040,
            "oeu": {
                ":inner": [],
                "_id_parent": null,
                "_id": 20396,
                ":inner:all": [],
                "_version": 13
            },
            "_mask": "oeu__all_fields",
            "_objecttype": "oeu",
            "_tags": [
                {
                    "_id": 19
                },
                {
                    "_id": 91
                }
            ],
            "_format": "standard",
            "_uuid": "86ce2248-2d35-4116-836d-c10881e27e87",
            "_has_children": true,
            "_global_object_id": "115040@8ef36ec7-a3a5-4d62-acd5-1ee839f35aa5",
            "_standard": {
                "1": {
                    "html": {
                        "it-IT": "<span class=\"ez-output-1\"><span class=\"ez-format-space\">Horb am Neckar (Siedlung)</span></span>",
                        "de-DE": "<span class=\"ez-output-1\"><span class=\"ez-format-space\">Kimmich &amp; Co</span><span class=\"ez-format-space\">Horb am Neckar (Siedlung)</span></span>",
                        "en-US": "<span class=\"ez-output-1\"><span class=\"ez-format-space\">Horb am Neckar (inhabited places)</span></span>",
                        "fr-FR": "<span class=\"ez-output-1\"><span class=\"ez-format-space\">Horb am Neckar (Siedlung)</span></span>"
                    },
                    "text": {
                        "it-IT": "Horb am Neckar (Siedlung)",
                        "de-DE": "Kimmich & Co Horb am Neckar (Siedlung)",
                        "en-US": "Horb am Neckar (inhabited places)",
                        "fr-FR": "Horb am Neckar (Siedlung)"
                    }
                },
                "2": {
                    "html": {
                        "it-IT": "<span class=\"ez-format-space\">Isler, Heinz [Isler, Heinz] (Schweizer Ingenieur, geboren 1926) (Swiss engineer, born 1926)</span><span class=\"ez-format-brackets\">Ingenieur</span><span class=\"ez-format-space\">Hierath, Johannes [Hierath, Johannes]</span><span class=\"ez-format-brackets\">Architekt</span>",
                        "de-DE": "<span class=\"ez-format-space\">Isler, Heinz (Schweizer Bauingenieur, 1926-2009) [Isler, Heinz] (Schweizer Ingenieur, geboren 1926) (Swiss engineer, born 1926)</span><span class=\"ez-format-brackets\">Ingenieur</span><span class=\"ez-format-space\">Hierath, Johannes [Hierath, Johannes]</span><span class=\"ez-format-brackets\">Architekt</span>",
                        "en-US": "<span class=\"ez-format-space\">Isler, Heinz [Isler, Heinz] (Schweizer Ingenieur, geboren 1926) (Swiss engineer, born 1926)</span><span class=\"ez-format-brackets\">Ingenieur</span><span class=\"ez-format-space\">Hierath, Johannes [Hierath, Johannes]</span><span class=\"ez-format-brackets\">Architekt</span>",
                        "fr-FR": "<span class=\"ez-format-space\">Isler, Heinz [Isler, Heinz] (Schweizer Ingenieur, geboren 1926) (Swiss engineer, born 1926)</span><span class=\"ez-format-brackets\">Ingenieur</span><span class=\"ez-format-space\">Hierath, Johannes [Hierath, Johannes]</span><span class=\"ez-format-brackets\">Architekt</span>"
                    },
                    "text": {
                        "it-IT": "Isler, Heinz [Isler, Heinz] (Schweizer Ingenieur, geboren 1926) (Swiss engineer, born 1926) <Ingenieur> Hierath, Johannes [Hierath, Johannes] <Architekt>",
                        "de-DE": "Isler, Heinz (Schweizer Bauingenieur, 1926-2009) [Isler, Heinz] (Schweizer Ingenieur, geboren 1926) (Swiss engineer, born 1926) <Ingenieur> Hierath, Johannes [Hierath, Johannes] <Architekt>",
                        "en-US": "Isler, Heinz [Isler, Heinz] (Schweizer Ingenieur, geboren 1926) (Swiss engineer, born 1926) <Ingenieur> Hierath, Johannes [Hierath, Johannes] <Architekt>",
                        "fr-FR": "Isler, Heinz [Isler, Heinz] (Schweizer Ingenieur, geboren 1926) (Swiss engineer, born 1926) <Ingenieur> Hierath, Johannes [Hierath, Johannes] <Architekt>"
                    }
                },
                "3": {
                    "html": {
                        "it-IT": "<span class=\"ez-format-space\">1969 - 1970</span><span class=\"ez-format-round-parentheses\">ungenau</span>",
                        "de-DE": "<span class=\"ez-format-space\">1969 - 1970</span><span class=\"ez-format-round-parentheses\">ungenau</span>",
                        "en-US": "<span class=\"ez-format-space\">1969 - 1970</span><span class=\"ez-format-round-parentheses\">imprecise</span>",
                        "fr-FR": "<span class=\"ez-format-space\">1969 - 1970</span><span class=\"ez-format-round-parentheses\">ungenau</span>"
                    },
                    "text": {
                        "it-IT": "1969 - 1970 (ungenau)",
                        "de-DE": "1969 - 1970 (ungenau)",
                        "en-US": "1969 - 1970 (imprecise)",
                        "fr-FR": "1969 - 1970 (ungenau)"
                    }
                }
            }
        }
    ],
    "_created": "2020-01-16T20:53:57Z",
    "_published_count": 0,
    "_mask": "oeu__all_fields",
    "_uuid": "86ce2248-2d35-4116-836d-c10881e27e87",
    "_last_modified": "2021-07-23T12:00:55Z",
    "_objecttype": "oeu",
    "_has_children": true,
    "_global_object_id": "115040@8ef36ec7-a3a5-4d62-acd5-1ee839f35aa5",
    "_standard": {
        "1": {
            "html": {
                "de-DE": "<span class=\"ez-output-1\"><span class=\"ez-format-space\">Kimmich &amp; Co</span><span class=\"ez-format-space\">Horb am Neckar (Siedlung)</span></span>",
                "en-US": "<span class=\"ez-output-1\"><span class=\"ez-format-space\">Horb am Neckar (inhabited places)</span></span>"
            },
            "text": {
                "de-DE": "Kimmich & Co Horb am Neckar (Siedlung)",
                "en-US": "Horb am Neckar (inhabited places)"
            }
        },
        "2": {
            "html": {
                "de-DE": "<span class=\"ez-format-space\">Isler, Heinz (Schweizer Bauingenieur, 1926-2009) [Isler, Heinz] (Schweizer Ingenieur, geboren 1926) (Swiss engineer, born 1926)</span><span class=\"ez-format-brackets\">Ingenieur</span><span class=\"ez-format-space\">Hierath, Johannes [Hierath, Johannes]</span><span class=\"ez-format-brackets\">Architekt</span>",
                "en-US": "<span class=\"ez-format-space\">Isler, Heinz [Isler, Heinz] (Schweizer Ingenieur, geboren 1926) (Swiss engineer, born 1926)</span><span class=\"ez-format-brackets\">Ingenieur</span><span class=\"ez-format-space\">Hierath, Johannes [Hierath, Johannes]</span><span class=\"ez-format-brackets\">Architekt</span>"
            },
            "text": {
                "de-DE": "Isler, Heinz (Schweizer Bauingenieur, 1926-2009) [Isler, Heinz] (Schweizer Ingenieur, geboren 1926) (Swiss engineer, born 1926) <Ingenieur> Hierath, Johannes [Hierath, Johannes] <Architekt>",
                "en-US": "Isler, Heinz [Isler, Heinz] (Schweizer Ingenieur, geboren 1926) (Swiss engineer, born 1926) <Ingenieur> Hierath, Johannes [Hierath, Johannes] <Architekt>"
            }
        },
        "3": {
            "html": {
                "de-DE": "<span class=\"ez-format-space\">1969 - 1970</span><span class=\"ez-format-round-parentheses\">ungenau</span>",
                "en-US": "<span class=\"ez-format-space\">1969 - 1970</span><span class=\"ez-format-round-parentheses\">imprecise</span>"
            },
            "text": {
                "de-DE": "1969 - 1970 (ungenau)",
                "en-US": "1969 - 1970 (imprecise)"
            }
        }
    },
    "_format": "long",
    "_level": 1,
    "_sort": [
        115040
    ]
}