{
    "_system_object_id": 115702,
    "_tags": [
        {
            "_id": 19,
            "_name": {
                "de-DE": "Select Isler Project",
                "en-US": "Select Isler Project"
            }
        },
        {
            "_id": 91,
            "_name": {
                "de-DE": "Œuvres",
                "en-US": "Œuvres"
            }
        }
    ],
    "_exported_at": "2022-09-09T13:51:36+02:00",
    "oeu": {
        "oeu_import_missing_term_place": false,
        ":inner": [],
        "_id": 21058,
        "_nested:oeu__oeu_archive_exist_construct_places": [
            {
                "oeu_archive_exist_construct_place_v2": {
                    "_mask": "pl_display_short",
                    "_tags": [
                        {
                            "_id": 7
                        },
                        {
                            "_id": 176
                        }
                    ],
                    "_path": [
                        {
                            "_mask": "pl_display_short",
                            "_objecttype": "pl",
                            "_tags": [
                                {
                                    "_id": 136
                                },
                                {
                                    "_id": 176
                                }
                            ],
                            "_system_object_id": 95963,
                            "_format": "standard",
                            "_uuid": "6fcb97c3-7e11-4d53-a0ad-9e208766a986",
                            "pl": {
                                "_id": 29843,
                                "_id_parent": null,
                                "_version": 17
                            },
                            "_global_object_id": "95963@8ef36ec7-a3a5-4d62-acd5-1ee839f35aa5",
                            "_standard": {
                                "1": {
                                    "html": {
                                        "it-IT": "<span class=\"ez-output-1\"><span class=\"ez-format-space\">World</span><span class=\"ez-format-round-parentheses\">Facetten (kontrolliertes Vokabular)</span></span>",
                                        "de-DE": "<span class=\"ez-output-1\"><span class=\"ez-format-space\">World</span><span class=\"ez-format-round-parentheses\">Facetten (kontrolliertes Vokabular)</span></span>",
                                        "en-US": "<span class=\"ez-output-1\"><span class=\"ez-format-space\">World</span><span class=\"ez-format-round-parentheses\">facets (controlled vocabulary)</span></span>",
                                        "fr-FR": "<span class=\"ez-output-1\"><span class=\"ez-format-space\">World</span><span class=\"ez-format-round-parentheses\">Facetten (kontrolliertes Vokabular)</span></span>"
                                    },
                                    "text": {
                                        "it-IT": "World (Facetten (kontrolliertes Vokabular))",
                                        "de-DE": "World (Facetten (kontrolliertes Vokabular))",
                                        "en-US": "World (facets (controlled vocabulary))",
                                        "fr-FR": "World (Facetten (kontrolliertes Vokabular))"
                                    }
                                }
                            },
                            "_has_children": true
                        },
                        {
                            "_mask": "pl_display_short",
                            "_objecttype": "pl",
                            "_tags": [
                                {
                                    "_id": 23
                                },
                                {
                                    "_id": 136
                                },
                                {
                                    "_id": 143
                                },
                                {
                                    "_id": 148
                                },
                                {
                                    "_id": 176
                                }
                            ],
                            "_system_object_id": 97704,
                            "_format": "standard",
                            "_uuid": "f2419b9d-172f-4ffc-97ea-020272da7988",
                            "pl": {
                                "_id": 31584,
                                "_id_parent": 29843,
                                "_version": 26
                            },
                            "_global_object_id": "97704@8ef36ec7-a3a5-4d62-acd5-1ee839f35aa5",
                            "_standard": {
                                "1": {
                                    "html": {
                                        "it-IT": "<span class=\"ez-output-1\"><span class=\"ez-format-space\">Europe</span><span class=\"ez-format-round-parentheses\">Kontinent</span></span>",
                                        "de-DE": "<span class=\"ez-output-1\"><span class=\"ez-format-space\">Europe</span><span class=\"ez-format-round-parentheses\">Kontinent</span></span>",
                                        "en-US": "<span class=\"ez-output-1\"><span class=\"ez-format-space\">Europe</span><span class=\"ez-format-round-parentheses\">continents</span></span>",
                                        "fr-FR": "<span class=\"ez-output-1\"><span class=\"ez-format-space\">Europe</span><span class=\"ez-format-round-parentheses\">Kontinent</span></span>"
                                    },
                                    "text": {
                                        "it-IT": "Europe (Kontinent)",
                                        "de-DE": "Europe (Kontinent)",
                                        "en-US": "Europe (continents)",
                                        "fr-FR": "Europe (Kontinent)"
                                    }
                                }
                            },
                            "_has_children": true
                        },
                        {
                            "_mask": "pl_display_short",
                            "_objecttype": "pl",
                            "_tags": [
                                {
                                    "_id": 24
                                },
                                {
                                    "_id": 176
                                }
                            ],
                            "_system_object_id": 297859,
                            "_format": "standard",
                            "_uuid": "5d2dcfe8-033d-4e47-b014-cf8db88eacde",
                            "pl": {
                                "_id": 44788,
                                "_id_parent": 31584,
                                "_version": 13
                            },
                            "_global_object_id": "297859@8ef36ec7-a3a5-4d62-acd5-1ee839f35aa5",
                            "_standard": {
                                "1": {
                                    "html": {
                                        "it-IT": "<span class=\"ez-output-1\"><span class=\"ez-format-space\">Schweiz</span><span class=\"ez-format-round-parentheses\">Land</span></span>",
                                        "de-DE": "<span class=\"ez-output-1\"><span class=\"ez-format-space\">Schweiz</span><span class=\"ez-format-round-parentheses\">Land</span></span>",
                                        "en-US": "<span class=\"ez-output-1\"><span class=\"ez-format-space\">Schweiz</span><span class=\"ez-format-round-parentheses\">Country</span></span>",
                                        "fr-FR": "<span class=\"ez-output-1\"><span class=\"ez-format-space\">Schweiz</span><span class=\"ez-format-round-parentheses\">Land</span></span>"
                                    },
                                    "text": {
                                        "it-IT": "Schweiz (Land)",
                                        "de-DE": "Schweiz (Land)",
                                        "en-US": "Schweiz (Country)",
                                        "fr-FR": "Schweiz (Land)"
                                    }
                                }
                            },
                            "_has_children": true
                        },
                        {
                            "_mask": "pl_display_short",
                            "_objecttype": "pl",
                            "_tags": [
                                {
                                    "_id": 24
                                },
                                {
                                    "_id": 176
                                }
                            ],
                            "_system_object_id": 299759,
                            "_format": "standard",
                            "_uuid": "902e66aa-8ae1-4ac2-9537-f80b11970cac",
                            "pl": {
                                "_id": 46688,
                                "_id_parent": 44788,
                                "_version": 22
                            },
                            "_global_object_id": "299759@8ef36ec7-a3a5-4d62-acd5-1ee839f35aa5",
                            "_standard": {
                                "1": {
                                    "html": {
                                        "it-IT": "<span class=\"ez-output-1\"><span class=\"ez-format-space\">Bern</span><span class=\"ez-format-round-parentheses\">Kanton</span></span>",
                                        "de-DE": "<span class=\"ez-output-1\"><span class=\"ez-format-space\">Bern</span><span class=\"ez-format-round-parentheses\">Kanton</span></span>",
                                        "en-US": "<span class=\"ez-output-1\"><span class=\"ez-format-space\">Bern</span><span class=\"ez-format-round-parentheses\">Canton</span></span>",
                                        "fr-FR": "<span class=\"ez-output-1\"><span class=\"ez-format-space\">Bern</span><span class=\"ez-format-round-parentheses\">Kanton</span></span>"
                                    },
                                    "text": {
                                        "it-IT": "Bern (Kanton)",
                                        "de-DE": "Bern (Kanton)",
                                        "en-US": "Bern (Canton)",
                                        "fr-FR": "Bern (Kanton)"
                                    }
                                }
                            },
                            "_has_children": true
                        },
                        {
                            "_mask": "pl_display_short",
                            "_objecttype": "pl",
                            "_tags": [
                                {
                                    "_id": 24
                                },
                                {
                                    "_id": 176
                                }
                            ],
                            "_system_object_id": 299959,
                            "_format": "standard",
                            "_uuid": "026dfdea-fa3e-44c5-8dbd-8c3d2b4d98db",
                            "pl": {
                                "_id": 46888,
                                "_id_parent": 46688,
                                "_version": 11
                            },
                            "_global_object_id": "299959@8ef36ec7-a3a5-4d62-acd5-1ee839f35aa5",
                            "_standard": {
                                "1": {
                                    "html": {
                                        "it-IT": "<span class=\"ez-output-1\"><span class=\"ez-format-space\">Oberaargau</span><span class=\"ez-format-round-parentheses\">Bezirk</span></span>",
                                        "de-DE": "<span class=\"ez-output-1\"><span class=\"ez-format-space\">Oberaargau</span><span class=\"ez-format-round-parentheses\">Bezirk</span></span>",
                                        "en-US": "<span class=\"ez-output-1\"><span class=\"ez-format-space\">Oberaargau</span><span class=\"ez-format-round-parentheses\">District</span></span>",
                                        "fr-FR": "<span class=\"ez-output-1\"><span class=\"ez-format-space\">Oberaargau</span><span class=\"ez-format-round-parentheses\">Bezirk</span></span>"
                                    },
                                    "text": {
                                        "it-IT": "Oberaargau (Bezirk)",
                                        "de-DE": "Oberaargau (Bezirk)",
                                        "en-US": "Oberaargau (District)",
                                        "fr-FR": "Oberaargau (Bezirk)"
                                    }
                                }
                            },
                            "_has_children": true
                        },
                        {
                            "_mask": "pl_display_short",
                            "_objecttype": "pl",
                            "_tags": [
                                {
                                    "_id": 24
                                },
                                {
                                    "_id": 176
                                }
                            ],
                            "_system_object_id": 299975,
                            "_format": "standard",
                            "_uuid": "3a144422-ce1e-4027-9a5e-561538b5093d",
                            "pl": {
                                "_id": 46904,
                                "_id_parent": 46888,
                                "_version": 15
                            },
                            "_global_object_id": "299975@8ef36ec7-a3a5-4d62-acd5-1ee839f35aa5",
                            "_standard": {
                                "1": {
                                    "html": {
                                        "it-IT": "<span class=\"ez-output-1\"><span class=\"ez-format-space\">Lotzwil</span><span class=\"ez-format-round-parentheses\">Politische Gemeinde</span></span>",
                                        "de-DE": "<span class=\"ez-output-1\"><span class=\"ez-format-space\">Lotzwil</span><span class=\"ez-format-round-parentheses\">Politische Gemeinde</span></span>",
                                        "en-US": "<span class=\"ez-output-1\"><span class=\"ez-format-space\">Lotzwil</span><span class=\"ez-format-round-parentheses\">Municipality</span></span>",
                                        "fr-FR": "<span class=\"ez-output-1\"><span class=\"ez-format-space\">Lotzwil</span><span class=\"ez-format-round-parentheses\">Politische Gemeinde</span></span>"
                                    },
                                    "text": {
                                        "it-IT": "Lotzwil (Politische Gemeinde)",
                                        "de-DE": "Lotzwil (Politische Gemeinde)",
                                        "en-US": "Lotzwil (Municipality)",
                                        "fr-FR": "Lotzwil (Politische Gemeinde)"
                                    }
                                }
                            },
                            "_has_children": true
                        },
                        {
                            "_mask": "pl_display_short",
                            "_objecttype": "pl",
                            "_tags": [
                                {
                                    "_id": 7
                                },
                                {
                                    "_id": 176
                                }
                            ],
                            "_system_object_id": 651872,
                            "_format": "standard",
                            "_uuid": "6bf97423-029c-45f9-ac8e-6268bacf142d",
                            "pl": {
                                "_id": 110053,
                                "_id_parent": 46904,
                                "_version": 4
                            },
                            "_global_object_id": "651872@8ef36ec7-a3a5-4d62-acd5-1ee839f35aa5",
                            "_standard": {
                                "1": {
                                    "html": {
                                        "it-IT": "<span class=\"ez-output-1\"><span class=\"ez-format-space\">Lotzwil, Langenthalstrasse</span><span class=\"ez-format-round-parentheses\">Stra&#xDF;e</span></span>",
                                        "de-DE": "<span class=\"ez-output-1\"><span class=\"ez-format-space\">Lotzwil, Langenthalstrasse</span><span class=\"ez-format-round-parentheses\">Stra&#xDF;e</span></span>",
                                        "en-US": "<span class=\"ez-output-1\"><span class=\"ez-format-space\">Lotzwil, Langenthalstrasse</span><span class=\"ez-format-round-parentheses\">roads</span></span>",
                                        "fr-FR": "<span class=\"ez-output-1\"><span class=\"ez-format-space\">Lotzwil, Langenthalstrasse</span><span class=\"ez-format-round-parentheses\">Stra&#xDF;e</span></span>"
                                    },
                                    "text": {
                                        "it-IT": "Lotzwil, Langenthalstrasse (Straße)",
                                        "de-DE": "Lotzwil, Langenthalstrasse (Straße)",
                                        "en-US": "Lotzwil, Langenthalstrasse (roads)",
                                        "fr-FR": "Lotzwil, Langenthalstrasse (Straße)"
                                    }
                                }
                            },
                            "_has_children": false
                        }
                    ],
                    "_sort": {
                        "it-IT": "Lotzwil, Langenthalstrasse (Straße)                            World (Facetten (kontrolliertes Vokabular)) {29843} Europe (Kontinent) {31584} Schweiz (Land) {44788} Bern (Kanton) {46688} Oberaargau (Bezirk) {46888} Lotzwil (Politische Gemeinde) {46904} Lotzwil, Langenthalstrasse (Straße) {110053} ",
                        "de-DE": "Lotzwil, Langenthalstrasse (Straße)                            World (Facetten (kontrolliertes Vokabular)) {29843} Europe (Kontinent) {31584} Schweiz (Land) {44788} Bern (Kanton) {46688} Oberaargau (Bezirk) {46888} Lotzwil (Politische Gemeinde) {46904} Lotzwil, Langenthalstrasse (Straße) {110053} ",
                        "en-US": "Lotzwil, Langenthalstrasse (roads)                              World (facets (controlled vocabulary)) {29843} Europe (continents) {31584} Schweiz (Country) {44788} Bern (Canton) {46688} Oberaargau (District) {46888} Lotzwil (Municipality) {46904} Lotzwil, Langenthalstrasse (roads) {110053} ",
                        "fr-FR": "Lotzwil, Langenthalstrasse (Straße)                            World (Facetten (kontrolliertes Vokabular)) {29843} Europe (Kontinent) {31584} Schweiz (Land) {44788} Bern (Kanton) {46688} Oberaargau (Bezirk) {46888} Lotzwil (Politische Gemeinde) {46904} Lotzwil, Langenthalstrasse (Straße) {110053} "
                    },
                    "pl": {
                        "_pool": {
                            "pool": {
                                "name": {
                                    "de-DE": "gta Digital",
                                    "en-US": "gta Digital"
                                },
                                "_id": 4,
                                "_id_parent": 3
                            },
                            "_level": 3,
                            "_path": [
                                {
                                    "pool": {
                                        "name": {
                                            "de-DE": "Alle Pools",
                                            "en-US": "All pools"
                                        },
                                        "_id": 1
                                    },
                                    "_basetype": "pool"
                                },
                                {
                                    "pool": {
                                        "name": {
                                            "de-DE": "Reference Data",
                                            "en-US": "Reference Data"
                                        },
                                        "_id": 3,
                                        "_id_parent": 1
                                    },
                                    "_basetype": "pool"
                                },
                                {
                                    "pool": {
                                        "name": {
                                            "de-DE": "gta Digital",
                                            "en-US": "gta Digital"
                                        },
                                        "_id": 4,
                                        "_id_parent": 3
                                    },
                                    "_basetype": "pool"
                                }
                            ],
                            "_basetype": "pool"
                        },
                        "_id": 110053,
                        "_id_parent": 46904,
                        "_version": 4
                    },
                    "_global_object_id": "651872@8ef36ec7-a3a5-4d62-acd5-1ee839f35aa5",
                    "_standard": {
                        "1": {
                            "html": {
                                "it-IT": "<span class=\"ez-output-1\"><span class=\"ez-format-space\">Lotzwil, Langenthalstrasse</span><span class=\"ez-format-round-parentheses\">Stra&#xDF;e</span></span>",
                                "de-DE": "<span class=\"ez-output-1\"><span class=\"ez-format-space\">Lotzwil, Langenthalstrasse</span><span class=\"ez-format-round-parentheses\">Stra&#xDF;e</span></span>",
                                "en-US": "<span class=\"ez-output-1\"><span class=\"ez-format-space\">Lotzwil, Langenthalstrasse</span><span class=\"ez-format-round-parentheses\">roads</span></span>",
                                "fr-FR": "<span class=\"ez-output-1\"><span class=\"ez-format-space\">Lotzwil, Langenthalstrasse</span><span class=\"ez-format-round-parentheses\">Stra&#xDF;e</span></span>"
                            },
                            "text": {
                                "it-IT": "Lotzwil, Langenthalstrasse (Straße)",
                                "de-DE": "Lotzwil, Langenthalstrasse (Straße)",
                                "en-US": "Lotzwil, Langenthalstrasse (roads)",
                                "fr-FR": "Lotzwil, Langenthalstrasse (Straße)"
                            }
                        }
                    },
                    "_uuid": "6bf97423-029c-45f9-ac8e-6268bacf142d",
                    "_level": 7,
                    "_has_children": false,
                    "_system_object_id": 651872,
                    "_format": "standard",
                    "_objecttype": "pl"
                },
                "_standard": {}
            },
            {
                "oeu_archive_exist_construct_place_v2": {
                    "_mask": "pl_display_short",
                    "_tags": [
                        {
                            "_id": 7
                        },
                        {
                            "_id": 176
                        }
                    ],
                    "_path": [
                        {
                            "_mask": "pl_display_short",
                            "_objecttype": "pl",
                            "_tags": [
                                {
                                    "_id": 136
                                },
                                {
                                    "_id": 176
                                }
                            ],
                            "_system_object_id": 95963,
                            "_format": "standard",
                            "_uuid": "6fcb97c3-7e11-4d53-a0ad-9e208766a986",
                            "pl": {
                                "_id": 29843,
                                "_id_parent": null,
                                "_version": 17
                            },
                            "_global_object_id": "95963@8ef36ec7-a3a5-4d62-acd5-1ee839f35aa5",
                            "_standard": {
                                "1": {
                                    "html": {
                                        "it-IT": "<span class=\"ez-output-1\"><span class=\"ez-format-space\">World</span><span class=\"ez-format-round-parentheses\">Facetten (kontrolliertes Vokabular)</span></span>",
                                        "de-DE": "<span class=\"ez-output-1\"><span class=\"ez-format-space\">World</span><span class=\"ez-format-round-parentheses\">Facetten (kontrolliertes Vokabular)</span></span>",
                                        "en-US": "<span class=\"ez-output-1\"><span class=\"ez-format-space\">World</span><span class=\"ez-format-round-parentheses\">facets (controlled vocabulary)</span></span>",
                                        "fr-FR": "<span class=\"ez-output-1\"><span class=\"ez-format-space\">World</span><span class=\"ez-format-round-parentheses\">Facetten (kontrolliertes Vokabular)</span></span>"
                                    },
                                    "text": {
                                        "it-IT": "World (Facetten (kontrolliertes Vokabular))",
                                        "de-DE": "World (Facetten (kontrolliertes Vokabular))",
                                        "en-US": "World (facets (controlled vocabulary))",
                                        "fr-FR": "World (Facetten (kontrolliertes Vokabular))"
                                    }
                                }
                            },
                            "_has_children": true
                        },
                        {
                            "_mask": "pl_display_short",
                            "_objecttype": "pl",
                            "_tags": [
                                {
                                    "_id": 23
                                },
                                {
                                    "_id": 136
                                },
                                {
                                    "_id": 143
                                },
                                {
                                    "_id": 148
                                },
                                {
                                    "_id": 176
                                }
                            ],
                            "_system_object_id": 97704,
                            "_format": "standard",
                            "_uuid": "f2419b9d-172f-4ffc-97ea-020272da7988",
                            "pl": {
                                "_id": 31584,
                                "_id_parent": 29843,
                                "_version": 26
                            },
                            "_global_object_id": "97704@8ef36ec7-a3a5-4d62-acd5-1ee839f35aa5",
                            "_standard": {
                                "1": {
                                    "html": {
                                        "it-IT": "<span class=\"ez-output-1\"><span class=\"ez-format-space\">Europe</span><span class=\"ez-format-round-parentheses\">Kontinent</span></span>",
                                        "de-DE": "<span class=\"ez-output-1\"><span class=\"ez-format-space\">Europe</span><span class=\"ez-format-round-parentheses\">Kontinent</span></span>",
                                        "en-US": "<span class=\"ez-output-1\"><span class=\"ez-format-space\">Europe</span><span class=\"ez-format-round-parentheses\">continents</span></span>",
                                        "fr-FR": "<span class=\"ez-output-1\"><span class=\"ez-format-space\">Europe</span><span class=\"ez-format-round-parentheses\">Kontinent</span></span>"
                                    },
                                    "text": {
                                        "it-IT": "Europe (Kontinent)",
                                        "de-DE": "Europe (Kontinent)",
                                        "en-US": "Europe (continents)",
                                        "fr-FR": "Europe (Kontinent)"
                                    }
                                }
                            },
                            "_has_children": true
                        },
                        {
                            "_mask": "pl_display_short",
                            "_objecttype": "pl",
                            "_tags": [
                                {
                                    "_id": 24
                                },
                                {
                                    "_id": 176
                                }
                            ],
                            "_system_object_id": 297859,
                            "_format": "standard",
                            "_uuid": "5d2dcfe8-033d-4e47-b014-cf8db88eacde",
                            "pl": {
                                "_id": 44788,
                                "_id_parent": 31584,
                                "_version": 13
                            },
                            "_global_object_id": "297859@8ef36ec7-a3a5-4d62-acd5-1ee839f35aa5",
                            "_standard": {
                                "1": {
                                    "html": {
                                        "it-IT": "<span class=\"ez-output-1\"><span class=\"ez-format-space\">Schweiz</span><span class=\"ez-format-round-parentheses\">Land</span></span>",
                                        "de-DE": "<span class=\"ez-output-1\"><span class=\"ez-format-space\">Schweiz</span><span class=\"ez-format-round-parentheses\">Land</span></span>",
                                        "en-US": "<span class=\"ez-output-1\"><span class=\"ez-format-space\">Schweiz</span><span class=\"ez-format-round-parentheses\">Country</span></span>",
                                        "fr-FR": "<span class=\"ez-output-1\"><span class=\"ez-format-space\">Schweiz</span><span class=\"ez-format-round-parentheses\">Land</span></span>"
                                    },
                                    "text": {
                                        "it-IT": "Schweiz (Land)",
                                        "de-DE": "Schweiz (Land)",
                                        "en-US": "Schweiz (Country)",
                                        "fr-FR": "Schweiz (Land)"
                                    }
                                }
                            },
                            "_has_children": true
                        },
                        {
                            "_mask": "pl_display_short",
                            "_objecttype": "pl",
                            "_tags": [
                                {
                                    "_id": 24
                                },
                                {
                                    "_id": 176
                                }
                            ],
                            "_system_object_id": 299759,
                            "_format": "standard",
                            "_uuid": "902e66aa-8ae1-4ac2-9537-f80b11970cac",
                            "pl": {
                                "_id": 46688,
                                "_id_parent": 44788,
                                "_version": 22
                            },
                            "_global_object_id": "299759@8ef36ec7-a3a5-4d62-acd5-1ee839f35aa5",
                            "_standard": {
                                "1": {
                                    "html": {
                                        "it-IT": "<span class=\"ez-output-1\"><span class=\"ez-format-space\">Bern</span><span class=\"ez-format-round-parentheses\">Kanton</span></span>",
                                        "de-DE": "<span class=\"ez-output-1\"><span class=\"ez-format-space\">Bern</span><span class=\"ez-format-round-parentheses\">Kanton</span></span>",
                                        "en-US": "<span class=\"ez-output-1\"><span class=\"ez-format-space\">Bern</span><span class=\"ez-format-round-parentheses\">Canton</span></span>",
                                        "fr-FR": "<span class=\"ez-output-1\"><span class=\"ez-format-space\">Bern</span><span class=\"ez-format-round-parentheses\">Kanton</span></span>"
                                    },
                                    "text": {
                                        "it-IT": "Bern (Kanton)",
                                        "de-DE": "Bern (Kanton)",
                                        "en-US": "Bern (Canton)",
                                        "fr-FR": "Bern (Kanton)"
                                    }
                                }
                            },
                            "_has_children": true
                        },
                        {
                            "_mask": "pl_display_short",
                            "_objecttype": "pl",
                            "_tags": [
                                {
                                    "_id": 24
                                },
                                {
                                    "_id": 176
                                }
                            ],
                            "_system_object_id": 299959,
                            "_format": "standard",
                            "_uuid": "026dfdea-fa3e-44c5-8dbd-8c3d2b4d98db",
                            "pl": {
                                "_id": 46888,
                                "_id_parent": 46688,
                                "_version": 11
                            },
                            "_global_object_id": "299959@8ef36ec7-a3a5-4d62-acd5-1ee839f35aa5",
                            "_standard": {
                                "1": {
                                    "html": {
                                        "it-IT": "<span class=\"ez-output-1\"><span class=\"ez-format-space\">Oberaargau</span><span class=\"ez-format-round-parentheses\">Bezirk</span></span>",
                                        "de-DE": "<span class=\"ez-output-1\"><span class=\"ez-format-space\">Oberaargau</span><span class=\"ez-format-round-parentheses\">Bezirk</span></span>",
                                        "en-US": "<span class=\"ez-output-1\"><span class=\"ez-format-space\">Oberaargau</span><span class=\"ez-format-round-parentheses\">District</span></span>",
                                        "fr-FR": "<span class=\"ez-output-1\"><span class=\"ez-format-space\">Oberaargau</span><span class=\"ez-format-round-parentheses\">Bezirk</span></span>"
                                    },
                                    "text": {
                                        "it-IT": "Oberaargau (Bezirk)",
                                        "de-DE": "Oberaargau (Bezirk)",
                                        "en-US": "Oberaargau (District)",
                                        "fr-FR": "Oberaargau (Bezirk)"
                                    }
                                }
                            },
                            "_has_children": true
                        },
                        {
                            "_mask": "pl_display_short",
                            "_objecttype": "pl",
                            "_tags": [
                                {
                                    "_id": 24
                                },
                                {
                                    "_id": 176
                                }
                            ],
                            "_system_object_id": 299975,
                            "_format": "standard",
                            "_uuid": "3a144422-ce1e-4027-9a5e-561538b5093d",
                            "pl": {
                                "_id": 46904,
                                "_id_parent": 46888,
                                "_version": 15
                            },
                            "_global_object_id": "299975@8ef36ec7-a3a5-4d62-acd5-1ee839f35aa5",
                            "_standard": {
                                "1": {
                                    "html": {
                                        "it-IT": "<span class=\"ez-output-1\"><span class=\"ez-format-space\">Lotzwil</span><span class=\"ez-format-round-parentheses\">Politische Gemeinde</span></span>",
                                        "de-DE": "<span class=\"ez-output-1\"><span class=\"ez-format-space\">Lotzwil</span><span class=\"ez-format-round-parentheses\">Politische Gemeinde</span></span>",
                                        "en-US": "<span class=\"ez-output-1\"><span class=\"ez-format-space\">Lotzwil</span><span class=\"ez-format-round-parentheses\">Municipality</span></span>",
                                        "fr-FR": "<span class=\"ez-output-1\"><span class=\"ez-format-space\">Lotzwil</span><span class=\"ez-format-round-parentheses\">Politische Gemeinde</span></span>"
                                    },
                                    "text": {
                                        "it-IT": "Lotzwil (Politische Gemeinde)",
                                        "de-DE": "Lotzwil (Politische Gemeinde)",
                                        "en-US": "Lotzwil (Municipality)",
                                        "fr-FR": "Lotzwil (Politische Gemeinde)"
                                    }
                                }
                            },
                            "_has_children": true
                        },
                        {
                            "_mask": "pl_display_short",
                            "_objecttype": "pl",
                            "_tags": [
                                {
                                    "_id": 7
                                },
                                {
                                    "_id": 176
                                }
                            ],
                            "_system_object_id": 652482,
                            "_format": "standard",
                            "_uuid": "55a77daa-9845-432a-9a27-6037496a6f87",
                            "pl": {
                                "_id": 110252,
                                "_id_parent": 46904,
                                "_version": 4
                            },
                            "_global_object_id": "652482@8ef36ec7-a3a5-4d62-acd5-1ee839f35aa5",
                            "_standard": {
                                "1": {
                                    "html": {
                                        "it-IT": "<span class=\"ez-output-1\"><span class=\"ez-format-space\">Lotzwil, Erlenweg</span><span class=\"ez-format-round-parentheses\">Stra&#xDF;e</span></span>",
                                        "de-DE": "<span class=\"ez-output-1\"><span class=\"ez-format-space\">Lotzwil, Erlenweg</span><span class=\"ez-format-round-parentheses\">Stra&#xDF;e</span></span>",
                                        "en-US": "<span class=\"ez-output-1\"><span class=\"ez-format-space\">Lotzwil, Erlenweg</span><span class=\"ez-format-round-parentheses\">roads</span></span>",
                                        "fr-FR": "<span class=\"ez-output-1\"><span class=\"ez-format-space\">Lotzwil, Erlenweg</span><span class=\"ez-format-round-parentheses\">Stra&#xDF;e</span></span>"
                                    },
                                    "text": {
                                        "it-IT": "Lotzwil, Erlenweg (Straße)",
                                        "de-DE": "Lotzwil, Erlenweg (Straße)",
                                        "en-US": "Lotzwil, Erlenweg (roads)",
                                        "fr-FR": "Lotzwil, Erlenweg (Straße)"
                                    }
                                }
                            },
                            "_has_children": false
                        }
                    ],
                    "_sort": {
                        "it-IT": "Lotzwil, Erlenweg (Straße)                                     World (Facetten (kontrolliertes Vokabular)) {29843} Europe (Kontinent) {31584} Schweiz (Land) {44788} Bern (Kanton) {46688} Oberaargau (Bezirk) {46888} Lotzwil (Politische Gemeinde) {46904} Lotzwil, Erlenweg (Straße) {110252} ",
                        "de-DE": "Lotzwil, Erlenweg (Straße)                                     World (Facetten (kontrolliertes Vokabular)) {29843} Europe (Kontinent) {31584} Schweiz (Land) {44788} Bern (Kanton) {46688} Oberaargau (Bezirk) {46888} Lotzwil (Politische Gemeinde) {46904} Lotzwil, Erlenweg (Straße) {110252} ",
                        "en-US": "Lotzwil, Erlenweg (roads)                                       World (facets (controlled vocabulary)) {29843} Europe (continents) {31584} Schweiz (Country) {44788} Bern (Canton) {46688} Oberaargau (District) {46888} Lotzwil (Municipality) {46904} Lotzwil, Erlenweg (roads) {110252} ",
                        "fr-FR": "Lotzwil, Erlenweg (Straße)                                     World (Facetten (kontrolliertes Vokabular)) {29843} Europe (Kontinent) {31584} Schweiz (Land) {44788} Bern (Kanton) {46688} Oberaargau (Bezirk) {46888} Lotzwil (Politische Gemeinde) {46904} Lotzwil, Erlenweg (Straße) {110252} "
                    },
                    "pl": {
                        "_pool": {
                            "pool": {
                                "name": {
                                    "de-DE": "gta Digital",
                                    "en-US": "gta Digital"
                                },
                                "_id": 4,
                                "_id_parent": 3
                            },
                            "_level": 3,
                            "_path": [
                                {
                                    "pool": {
                                        "name": {
                                            "de-DE": "Alle Pools",
                                            "en-US": "All pools"
                                        },
                                        "_id": 1
                                    },
                                    "_basetype": "pool"
                                },
                                {
                                    "pool": {
                                        "name": {
                                            "de-DE": "Reference Data",
                                            "en-US": "Reference Data"
                                        },
                                        "_id": 3,
                                        "_id_parent": 1
                                    },
                                    "_basetype": "pool"
                                },
                                {
                                    "pool": {
                                        "name": {
                                            "de-DE": "gta Digital",
                                            "en-US": "gta Digital"
                                        },
                                        "_id": 4,
                                        "_id_parent": 3
                                    },
                                    "_basetype": "pool"
                                }
                            ],
                            "_basetype": "pool"
                        },
                        "_id": 110252,
                        "_id_parent": 46904,
                        "_version": 4
                    },
                    "_global_object_id": "652482@8ef36ec7-a3a5-4d62-acd5-1ee839f35aa5",
                    "_standard": {
                        "1": {
                            "html": {
                                "it-IT": "<span class=\"ez-output-1\"><span class=\"ez-format-space\">Lotzwil, Erlenweg</span><span class=\"ez-format-round-parentheses\">Stra&#xDF;e</span></span>",
                                "de-DE": "<span class=\"ez-output-1\"><span class=\"ez-format-space\">Lotzwil, Erlenweg</span><span class=\"ez-format-round-parentheses\">Stra&#xDF;e</span></span>",
                                "en-US": "<span class=\"ez-output-1\"><span class=\"ez-format-space\">Lotzwil, Erlenweg</span><span class=\"ez-format-round-parentheses\">roads</span></span>",
                                "fr-FR": "<span class=\"ez-output-1\"><span class=\"ez-format-space\">Lotzwil, Erlenweg</span><span class=\"ez-format-round-parentheses\">Stra&#xDF;e</span></span>"
                            },
                            "text": {
                                "it-IT": "Lotzwil, Erlenweg (Straße)",
                                "de-DE": "Lotzwil, Erlenweg (Straße)",
                                "en-US": "Lotzwil, Erlenweg (roads)",
                                "fr-FR": "Lotzwil, Erlenweg (Straße)"
                            }
                        }
                    },
                    "_uuid": "55a77daa-9845-432a-9a27-6037496a6f87",
                    "_level": 7,
                    "_has_children": false,
                    "_system_object_id": 652482,
                    "_format": "standard",
                    "_objecttype": "pl"
                },
                "_standard": {}
            }
        ],
        "oeu_descr_legacy_chronology": "ausgeführt 1970",
        "oeu_nc_name": {
            "de-DE": "Garage Reber"
        },
        "oeu_descr_notes": "alte Büronummer: neu SB 165",
        "_id_parent": null,
        "_pool": {
            "pool": {
                "name": {
                    "de-DE": "gta Aarchives",
                    "en-US": "gta Archives"
                },
                "_id": 92,
                "_id_parent": 91
            },
            "_level": 5,
            "_path": [
                {
                    "pool": {
                        "name": {
                            "de-DE": "Alle Pools",
                            "en-US": "All pools"
                        },
                        "_id": 1
                    },
                    "_basetype": "pool"
                },
                {
                    "pool": {
                        "name": {
                            "de-DE": "Reference Data",
                            "en-US": "Reference Data"
                        },
                        "_id": 3,
                        "_id_parent": 1
                    },
                    "_basetype": "pool"
                },
                {
                    "pool": {
                        "name": {
                            "de-DE": "Generic",
                            "en-US": "Generic"
                        },
                        "_id": 90,
                        "_id_parent": 3
                    },
                    "_basetype": "pool"
                },
                {
                    "pool": {
                        "name": {
                            "de-DE": "gta Institute",
                            "en-US": "gta Institute"
                        },
                        "_id": 91,
                        "_id_parent": 90
                    },
                    "_basetype": "pool"
                },
                {
                    "pool": {
                        "name": {
                            "de-DE": "gta Aarchives",
                            "en-US": "gta Archives"
                        },
                        "_id": 92,
                        "_id_parent": 91
                    },
                    "_basetype": "pool"
                }
            ],
            "_basetype": "pool"
        },
        "oeu_descr_scientificcomment": {
            "de-DE": "Neubau Werkstatt und Ausstellungshalle, 2 Industrie-Schalen 15 x 15 m, 450 m2."
        },
        "oeu_nc_type": {
            "_has_children": false,
            "_level": 1,
            "_system_object_id": 63559,
            "_mask": "oeu_type__all_fields",
            "oeu_nc_type": {
                ":inner": [],
                "_id_parent": null,
                "_id": 1,
                ":inner:all": [],
                "_version": 4
            },
            "_uuid": "a321550f-d644-4ebc-9e41-93bac85aded7",
            "_format": "standard",
            "_path": [
                {
                    "oeu_nc_type": {
                        ":inner": [],
                        "_id_parent": null,
                        "_id": 1,
                        ":inner:all": [],
                        "_version": 4
                    },
                    "_mask": "oeu_type__all_fields",
                    "_objecttype": "oeu_nc_type",
                    "_system_object_id": 63559,
                    "_uuid": "a321550f-d644-4ebc-9e41-93bac85aded7",
                    "_format": "standard",
                    "_has_children": false,
                    "_standard": {
                        "1": {
                            "html": {
                                "it-IT": "<span class=\"ez-output-1\"><span class=\"ez-format-comma\">Oeuvre</span></span>",
                                "de-DE": "<span class=\"ez-output-1\"><span class=\"ez-format-comma\">Oeuvre</span></span>",
                                "en-US": "<span class=\"ez-output-1\"><span class=\"ez-format-comma\">Oeuvre</span></span>",
                                "fr-FR": "<span class=\"ez-output-1\"><span class=\"ez-format-comma\">Oeuvre</span></span>"
                            },
                            "text": {
                                "it-IT": "Oeuvre",
                                "de-DE": "Oeuvre",
                                "en-US": "Oeuvre",
                                "fr-FR": "Oeuvre"
                            }
                        }
                    },
                    "_global_object_id": "63559@8ef36ec7-a3a5-4d62-acd5-1ee839f35aa5"
                }
            ],
            "_objecttype": "oeu_nc_type",
            "_sort": {
                "it-IT": "Oeuvre                                                          Oeuvre {1} ",
                "de-DE": "Oeuvre                                                          Oeuvre {1} ",
                "en-US": "Oeuvre                                                          Oeuvre {1} ",
                "fr-FR": "Oeuvre                                                          Oeuvre {1} "
            },
            "_global_object_id": "63559@8ef36ec7-a3a5-4d62-acd5-1ee839f35aa5",
            "_standard": {
                "1": {
                    "html": {
                        "it-IT": "<span class=\"ez-output-1\"><span class=\"ez-format-comma\">Oeuvre</span></span>",
                        "de-DE": "<span class=\"ez-output-1\"><span class=\"ez-format-comma\">Oeuvre</span></span>",
                        "en-US": "<span class=\"ez-output-1\"><span class=\"ez-format-comma\">Oeuvre</span></span>",
                        "fr-FR": "<span class=\"ez-output-1\"><span class=\"ez-format-comma\">Oeuvre</span></span>"
                    },
                    "text": {
                        "it-IT": "Oeuvre",
                        "de-DE": "Oeuvre",
                        "en-US": "Oeuvre",
                        "fr-FR": "Oeuvre"
                    }
                }
            }
        },
        "oeu_archive_exist_construct_timespan": {
            "_middle": "1970-07-02T11:59:59Z",
            "_from": "1970-01-01T00:00:00Z",
            "from": "1970",
            "to": "1970",
            "_to": "1970-12-31T23:59:59Z"
        },
        "oeu_import_missing_term_person": false,
        "oeu_descr_legacy_person": "Ingenieur: Heinz Isler; Architekt: BALOAG (Lotzwil); Bauherr(en): Garage Peter Reber",
        "oeu_import_uuid": "BFF51AF4-7403-4B3D-8DF0-F4C6E11006BD",
        "oeu_import_uuid_hierarchical": "BFF51AF4-7403-4B3D-8DF0-F4C6E11006BD",
        "oeu_archive_exist_construct_timespan_uncert": {
            "_level": 1,
            "_has_children": false,
            "_mask": "generic_uncert__all_fields",
            "_system_object_id": 111523,
            "_uuid": "21f7fea3-a95e-42d5-ad96-c41c918bcd97",
            "_format": "standard",
            "generic_uncertainty": {
                ":inner": [],
                "_id_parent": null,
                "_id": 5,
                ":inner:all": [],
                "_version": 3
            },
            "_path": [
                {
                    "_mask": "generic_uncert__all_fields",
                    "_objecttype": "generic_uncertainty",
                    "_system_object_id": 111523,
                    "_format": "standard",
                    "_uuid": "21f7fea3-a95e-42d5-ad96-c41c918bcd97",
                    "generic_uncertainty": {
                        ":inner": [],
                        "_id_parent": null,
                        "_id": 5,
                        ":inner:all": [],
                        "_version": 3
                    },
                    "_has_children": false,
                    "_standard": {
                        "1": {
                            "html": {
                                "it-IT": "<span class=\"ez-output-1\"><span class=\"ez-format-comma\">ungenau</span></span>",
                                "de-DE": "<span class=\"ez-output-1\"><span class=\"ez-format-comma\">ungenau</span></span>",
                                "en-US": "<span class=\"ez-output-1\"><span class=\"ez-format-comma\">imprecise</span></span>",
                                "fr-FR": "<span class=\"ez-output-1\"><span class=\"ez-format-comma\">ungenau</span></span>"
                            },
                            "text": {
                                "it-IT": "ungenau",
                                "de-DE": "ungenau",
                                "en-US": "imprecise",
                                "fr-FR": "ungenau"
                            }
                        }
                    },
                    "_global_object_id": "111523@8ef36ec7-a3a5-4d62-acd5-1ee839f35aa5"
                }
            ],
            "_objecttype": "generic_uncertainty",
            "_sort": {
                "it-IT": "ungenau                                                         ungenau {5} ",
                "de-DE": "ungenau                                                         ungenau {5} ",
                "en-US": "imprecise                                                       imprecise {5} ",
                "fr-FR": "ungenau                                                         ungenau {5} "
            },
            "_global_object_id": "111523@8ef36ec7-a3a5-4d62-acd5-1ee839f35aa5",
            "_standard": {
                "1": {
                    "html": {
                        "it-IT": "<span class=\"ez-output-1\"><span class=\"ez-format-comma\">ungenau</span></span>",
                        "de-DE": "<span class=\"ez-output-1\"><span class=\"ez-format-comma\">ungenau</span></span>",
                        "en-US": "<span class=\"ez-output-1\"><span class=\"ez-format-comma\">imprecise</span></span>",
                        "fr-FR": "<span class=\"ez-output-1\"><span class=\"ez-format-comma\">ungenau</span></span>"
                    },
                    "text": {
                        "it-IT": "ungenau",
                        "de-DE": "ungenau",
                        "en-US": "imprecise",
                        "fr-FR": "ungenau"
                    }
                }
            }
        },
        ":inner:all": [],
        "_version": 14,
        "oeu_descr_legacy_places": "Objektort: Langenthalstrasse 84/Erlenweg, Lotzwil/BE",
        "_nested:oeu__oeu_archive_ar_creation": [
            {
                "oeu_archive_ar_creation_actor": {
                    "_mask": "act__shortest",
                    "act": {
                        "_pool": {
                            "pool": {
                                "name": {
                                    "de-DE": "Dataset B",
                                    "en-US": "Dataset B"
                                },
                                "_id": 32,
                                "_id_parent": 4
                            },
                            "_level": 4,
                            "_path": [
                                {
                                    "pool": {
                                        "name": {
                                            "de-DE": "Alle Pools",
                                            "en-US": "All pools"
                                        },
                                        "_id": 1
                                    },
                                    "_basetype": "pool"
                                },
                                {
                                    "pool": {
                                        "name": {
                                            "de-DE": "Reference Data",
                                            "en-US": "Reference Data"
                                        },
                                        "_id": 3,
                                        "_id_parent": 1
                                    },
                                    "_basetype": "pool"
                                },
                                {
                                    "pool": {
                                        "name": {
                                            "de-DE": "gta Digital",
                                            "en-US": "gta Digital"
                                        },
                                        "_id": 4,
                                        "_id_parent": 3
                                    },
                                    "_basetype": "pool"
                                },
                                {
                                    "pool": {
                                        "name": {
                                            "de-DE": "Dataset B",
                                            "en-US": "Dataset B"
                                        },
                                        "_id": 32,
                                        "_id_parent": 4
                                    },
                                    "_basetype": "pool"
                                }
                            ],
                            "_basetype": "pool"
                        },
                        "_id": 28184,
                        "_id_parent": null,
                        "_version": 28
                    },
                    "_tags": [
                        {
                            "_id": 31
                        },
                        {
                            "_id": 77
                        },
                        {
                            "_id": 88
                        },
                        {
                            "_id": 176
                        }
                    ],
                    "_path": [
                        {
                            "_system_object_id": 54908,
                            "act": {
                                "_id": 28184,
                                "_id_parent": null,
                                "_version": 28
                            },
                            "_tags": [
                                {
                                    "_id": 31
                                },
                                {
                                    "_id": 77
                                },
                                {
                                    "_id": 88
                                },
                                {
                                    "_id": 176
                                }
                            ],
                            "_mask": "act__shortest",
                            "_format": "standard",
                            "_objecttype": "act",
                            "_uuid": "40c02a93-9a52-482a-9175-9b1a1eb7cbfd",
                            "_has_children": false,
                            "_standard": {
                                "1": {
                                    "html": {
                                        "it-IT": "<span class=\"ez-output-1\"><span class=\"ez-format-space\">Isler, Heinz</span><span class=\"ez-format-square-brackets\">Isler, Heinz</span><span class=\"ez-format-round-parentheses\">Schweizer Ingenieur, geboren 1926</span><span class=\"ez-format-round-parentheses\">Swiss engineer, born 1926</span></span>",
                                        "de-DE": "<span class=\"ez-output-1\"><span class=\"ez-format-space\">Isler, Heinz</span><span class=\"ez-format-round-parentheses\">Schweizer Bauingenieur, 1926-2009</span><span class=\"ez-format-square-brackets\">Isler, Heinz</span><span class=\"ez-format-round-parentheses\">Schweizer Ingenieur, geboren 1926</span><span class=\"ez-format-round-parentheses\">Swiss engineer, born 1926</span></span>",
                                        "en-US": "<span class=\"ez-output-1\"><span class=\"ez-format-space\">Isler, Heinz</span><span class=\"ez-format-square-brackets\">Isler, Heinz</span><span class=\"ez-format-round-parentheses\">Schweizer Ingenieur, geboren 1926</span><span class=\"ez-format-round-parentheses\">Swiss engineer, born 1926</span></span>",
                                        "fr-FR": "<span class=\"ez-output-1\"><span class=\"ez-format-space\">Isler, Heinz</span><span class=\"ez-format-square-brackets\">Isler, Heinz</span><span class=\"ez-format-round-parentheses\">Schweizer Ingenieur, geboren 1926</span><span class=\"ez-format-round-parentheses\">Swiss engineer, born 1926</span></span>"
                                    },
                                    "text": {
                                        "it-IT": "Isler, Heinz [Isler, Heinz] (Schweizer Ingenieur, geboren 1926) (Swiss engineer, born 1926)",
                                        "de-DE": "Isler, Heinz (Schweizer Bauingenieur, 1926-2009) [Isler, Heinz] (Schweizer Ingenieur, geboren 1926) (Swiss engineer, born 1926)",
                                        "en-US": "Isler, Heinz [Isler, Heinz] (Schweizer Ingenieur, geboren 1926) (Swiss engineer, born 1926)",
                                        "fr-FR": "Isler, Heinz [Isler, Heinz] (Schweizer Ingenieur, geboren 1926) (Swiss engineer, born 1926)"
                                    }
                                }
                            },
                            "_global_object_id": "54908@8ef36ec7-a3a5-4d62-acd5-1ee839f35aa5"
                        }
                    ],
                    "_sort": {
                        "it-IT": "Isler, Heinz [Isler, Heinz] (Schweizer Ingenieur, geboren 1926) (Swiss engineer, born 1926)Isler, Heinz [Isler, Heinz] (Schweizer Ingenieur, geboren 1926) (Swiss engineer, born 1926) {28184} ",
                        "de-DE": "Isler, Heinz (Schweizer Bauingenieur, 1926-2009) [Isler, Heinz] (Schweizer Ingenieur, geboren 1926) (Swiss engineer, born 1926)Isler, Heinz (Schweizer Bauingenieur, 1926-2009) [Isler, Heinz] (Schweizer Ingenieur, geboren 1926) (Swiss engineer, born 1926) {28184} ",
                        "en-US": "Isler, Heinz [Isler, Heinz] (Schweizer Ingenieur, geboren 1926) (Swiss engineer, born 1926)Isler, Heinz [Isler, Heinz] (Schweizer Ingenieur, geboren 1926) (Swiss engineer, born 1926) {28184} ",
                        "fr-FR": "Isler, Heinz [Isler, Heinz] (Schweizer Ingenieur, geboren 1926) (Swiss engineer, born 1926)Isler, Heinz [Isler, Heinz] (Schweizer Ingenieur, geboren 1926) (Swiss engineer, born 1926) {28184} "
                    },
                    "_global_object_id": "54908@8ef36ec7-a3a5-4d62-acd5-1ee839f35aa5",
                    "_standard": {
                        "1": {
                            "html": {
                                "it-IT": "<span class=\"ez-output-1\"><span class=\"ez-format-space\">Isler, Heinz</span><span class=\"ez-format-square-brackets\">Isler, Heinz</span><span class=\"ez-format-round-parentheses\">Schweizer Ingenieur, geboren 1926</span><span class=\"ez-format-round-parentheses\">Swiss engineer, born 1926</span></span>",
                                "de-DE": "<span class=\"ez-output-1\"><span class=\"ez-format-space\">Isler, Heinz</span><span class=\"ez-format-round-parentheses\">Schweizer Bauingenieur, 1926-2009</span><span class=\"ez-format-square-brackets\">Isler, Heinz</span><span class=\"ez-format-round-parentheses\">Schweizer Ingenieur, geboren 1926</span><span class=\"ez-format-round-parentheses\">Swiss engineer, born 1926</span></span>",
                                "en-US": "<span class=\"ez-output-1\"><span class=\"ez-format-space\">Isler, Heinz</span><span class=\"ez-format-square-brackets\">Isler, Heinz</span><span class=\"ez-format-round-parentheses\">Schweizer Ingenieur, geboren 1926</span><span class=\"ez-format-round-parentheses\">Swiss engineer, born 1926</span></span>",
                                "fr-FR": "<span class=\"ez-output-1\"><span class=\"ez-format-space\">Isler, Heinz</span><span class=\"ez-format-square-brackets\">Isler, Heinz</span><span class=\"ez-format-round-parentheses\">Schweizer Ingenieur, geboren 1926</span><span class=\"ez-format-round-parentheses\">Swiss engineer, born 1926</span></span>"
                            },
                            "text": {
                                "it-IT": "Isler, Heinz [Isler, Heinz] (Schweizer Ingenieur, geboren 1926) (Swiss engineer, born 1926)",
                                "de-DE": "Isler, Heinz (Schweizer Bauingenieur, 1926-2009) [Isler, Heinz] (Schweizer Ingenieur, geboren 1926) (Swiss engineer, born 1926)",
                                "en-US": "Isler, Heinz [Isler, Heinz] (Schweizer Ingenieur, geboren 1926) (Swiss engineer, born 1926)",
                                "fr-FR": "Isler, Heinz [Isler, Heinz] (Schweizer Ingenieur, geboren 1926) (Swiss engineer, born 1926)"
                            }
                        }
                    },
                    "_uuid": "40c02a93-9a52-482a-9175-9b1a1eb7cbfd",
                    "_level": 1,
                    "_has_children": false,
                    "_system_object_id": 54908,
                    "_format": "standard",
                    "_objecttype": "act"
                },
                "oeu_archive_ar_creation_actor_role": {
                    "_mask": "act_role__all_fields",
                    "_tags": [],
                    "_path": [
                        {
                            "_mask": "act_role__all_fields",
                            "_objecttype": "act_role",
                            "_tags": [],
                            "_system_object_id": 639073,
                            "_format": "standard",
                            "_uuid": "d37e37c0-c91b-4ada-a2c0-3698ad72e684",
                            "_has_children": true,
                            "_global_object_id": "639073@8ef36ec7-a3a5-4d62-acd5-1ee839f35aa5",
                            "_standard": {
                                "1": {
                                    "html": {
                                        "it-IT": "<span class=\"ez-output-1\"><span class=\"ez-format-comma\">[Oeuvres/Projects]</span></span>",
                                        "de-DE": "<span class=\"ez-output-1\"><span class=\"ez-format-comma\">[Oeuvres/Projects]</span></span>",
                                        "en-US": "<span class=\"ez-output-1\"><span class=\"ez-format-comma\">[Oeuvres/Projects]</span></span>",
                                        "fr-FR": "<span class=\"ez-output-1\"><span class=\"ez-format-comma\">[Oeuvres/Projects]</span></span>"
                                    },
                                    "text": {
                                        "it-IT": "[Oeuvres/Projects]",
                                        "de-DE": "[Oeuvres/Projects]",
                                        "en-US": "[Oeuvres/Projects]",
                                        "fr-FR": "[Oeuvres/Projects]"
                                    }
                                }
                            },
                            "act_role": {
                                ":inner": [],
                                "_id_parent": null,
                                "_id": 188,
                                ":inner:all": [],
                                "_version": 2
                            }
                        },
                        {
                            "_mask": "act_role__all_fields",
                            "_objecttype": "act_role",
                            "_tags": [],
                            "_system_object_id": 49949,
                            "_format": "standard",
                            "_uuid": "a1e1d619-d742-4f8f-930e-5d08c297bae6",
                            "_has_children": false,
                            "_global_object_id": "49949@8ef36ec7-a3a5-4d62-acd5-1ee839f35aa5",
                            "_standard": {
                                "1": {
                                    "html": {
                                        "it-IT": "<span class=\"ez-output-1\"><span class=\"ez-format-comma\">Ingenieur</span></span>",
                                        "de-DE": "<span class=\"ez-output-1\"><span class=\"ez-format-comma\">Ingenieur</span></span>",
                                        "en-US": "<span class=\"ez-output-1\"><span class=\"ez-format-comma\">Ingenieur</span></span>",
                                        "fr-FR": "<span class=\"ez-output-1\"><span class=\"ez-format-comma\">Ingenieur</span></span>"
                                    },
                                    "text": {
                                        "it-IT": "Ingenieur",
                                        "de-DE": "Ingenieur",
                                        "en-US": "Ingenieur",
                                        "fr-FR": "Ingenieur"
                                    }
                                }
                            },
                            "act_role": {
                                ":inner": [],
                                "_id_parent": 188,
                                "_id": 84,
                                ":inner:all": [],
                                "_version": 2
                            }
                        }
                    ],
                    "_sort": {
                        "it-IT": "Ingenieur                                                       [Oeuvres/Projects] {188} Ingenieur {84} ",
                        "de-DE": "Ingenieur                                                       [Oeuvres/Projects] {188} Ingenieur {84} ",
                        "en-US": "Ingenieur                                                       [Oeuvres/Projects] {188} Ingenieur {84} ",
                        "fr-FR": "Ingenieur                                                       [Oeuvres/Projects] {188} Ingenieur {84} "
                    },
                    "_global_object_id": "49949@8ef36ec7-a3a5-4d62-acd5-1ee839f35aa5",
                    "_standard": {
                        "1": {
                            "html": {
                                "it-IT": "<span class=\"ez-output-1\"><span class=\"ez-format-comma\">Ingenieur</span></span>",
                                "de-DE": "<span class=\"ez-output-1\"><span class=\"ez-format-comma\">Ingenieur</span></span>",
                                "en-US": "<span class=\"ez-output-1\"><span class=\"ez-format-comma\">Ingenieur</span></span>",
                                "fr-FR": "<span class=\"ez-output-1\"><span class=\"ez-format-comma\">Ingenieur</span></span>"
                            },
                            "text": {
                                "it-IT": "Ingenieur",
                                "de-DE": "Ingenieur",
                                "en-US": "Ingenieur",
                                "fr-FR": "Ingenieur"
                            }
                        }
                    },
                    "_uuid": "a1e1d619-d742-4f8f-930e-5d08c297bae6",
                    "_level": 2,
                    "_has_children": false,
                    "_system_object_id": 49949,
                    "_format": "standard",
                    "_objecttype": "act_role",
                    "act_role": {
                        ":inner": [],
                        "_id_parent": 188,
                        "_id": 84,
                        ":inner:all": [],
                        "_version": 2
                    }
                },
                "_standard": {}
            },
            {
                "oeu_archive_ar_creation_actor": {
                    "_mask": "act__shortest",
                    "act": {
                        "_pool": {
                            "pool": {
                                "name": {
                                    "de-DE": "Dataset A",
                                    "en-US": "Dataset A"
                                },
                                "_id": 33,
                                "_id_parent": 4
                            },
                            "_level": 4,
                            "_path": [
                                {
                                    "pool": {
                                        "name": {
                                            "de-DE": "Alle Pools",
                                            "en-US": "All pools"
                                        },
                                        "_id": 1
                                    },
                                    "_basetype": "pool"
                                },
                                {
                                    "pool": {
                                        "name": {
                                            "de-DE": "Reference Data",
                                            "en-US": "Reference Data"
                                        },
                                        "_id": 3,
                                        "_id_parent": 1
                                    },
                                    "_basetype": "pool"
                                },
                                {
                                    "pool": {
                                        "name": {
                                            "de-DE": "gta Digital",
                                            "en-US": "gta Digital"
                                        },
                                        "_id": 4,
                                        "_id_parent": 3
                                    },
                                    "_basetype": "pool"
                                },
                                {
                                    "pool": {
                                        "name": {
                                            "de-DE": "Dataset A",
                                            "en-US": "Dataset A"
                                        },
                                        "_id": 33,
                                        "_id_parent": 4
                                    },
                                    "_basetype": "pool"
                                }
                            ],
                            "_basetype": "pool"
                        },
                        "_id": 21857,
                        "_id_parent": null,
                        "_version": 11
                    },
                    "_tags": [
                        {
                            "_id": 90
                        },
                        {
                            "_id": 176
                        }
                    ],
                    "_path": [
                        {
                            "_system_object_id": 43693,
                            "act": {
                                "_id": 21857,
                                "_id_parent": null,
                                "_version": 11
                            },
                            "_tags": [
                                {
                                    "_id": 90
                                },
                                {
                                    "_id": 176
                                }
                            ],
                            "_mask": "act__shortest",
                            "_format": "standard",
                            "_objecttype": "act",
                            "_uuid": "c17cde50-6205-403b-858e-db13ddc42cfe",
                            "_has_children": false,
                            "_standard": {
                                "1": {
                                    "html": {
                                        "it-IT": "<span class=\"ez-output-1\"><span class=\"ez-format-space\">BALOAG</span><span class=\"ez-format-square-brackets\">BALOAG</span></span>",
                                        "de-DE": "<span class=\"ez-output-1\"><span class=\"ez-format-space\">BALOAG</span><span class=\"ez-format-square-brackets\">BALOAG</span></span>",
                                        "en-US": "<span class=\"ez-output-1\"><span class=\"ez-format-space\">BALOAG</span><span class=\"ez-format-square-brackets\">BALOAG</span></span>",
                                        "fr-FR": "<span class=\"ez-output-1\"><span class=\"ez-format-space\">BALOAG</span><span class=\"ez-format-square-brackets\">BALOAG</span></span>"
                                    },
                                    "text": {
                                        "it-IT": "BALOAG [BALOAG]",
                                        "de-DE": "BALOAG [BALOAG]",
                                        "en-US": "BALOAG [BALOAG]",
                                        "fr-FR": "BALOAG [BALOAG]"
                                    }
                                }
                            },
                            "_global_object_id": "43693@8ef36ec7-a3a5-4d62-acd5-1ee839f35aa5"
                        }
                    ],
                    "_sort": {
                        "it-IT": "BALOAG [BALOAG]                                                 BALOAG [BALOAG] {21857} ",
                        "de-DE": "BALOAG [BALOAG]                                                 BALOAG [BALOAG] {21857} ",
                        "en-US": "BALOAG [BALOAG]                                                 BALOAG [BALOAG] {21857} ",
                        "fr-FR": "BALOAG [BALOAG]                                                 BALOAG [BALOAG] {21857} "
                    },
                    "_global_object_id": "43693@8ef36ec7-a3a5-4d62-acd5-1ee839f35aa5",
                    "_standard": {
                        "1": {
                            "html": {
                                "it-IT": "<span class=\"ez-output-1\"><span class=\"ez-format-space\">BALOAG</span><span class=\"ez-format-square-brackets\">BALOAG</span></span>",
                                "de-DE": "<span class=\"ez-output-1\"><span class=\"ez-format-space\">BALOAG</span><span class=\"ez-format-square-brackets\">BALOAG</span></span>",
                                "en-US": "<span class=\"ez-output-1\"><span class=\"ez-format-space\">BALOAG</span><span class=\"ez-format-square-brackets\">BALOAG</span></span>",
                                "fr-FR": "<span class=\"ez-output-1\"><span class=\"ez-format-space\">BALOAG</span><span class=\"ez-format-square-brackets\">BALOAG</span></span>"
                            },
                            "text": {
                                "it-IT": "BALOAG [BALOAG]",
                                "de-DE": "BALOAG [BALOAG]",
                                "en-US": "BALOAG [BALOAG]",
                                "fr-FR": "BALOAG [BALOAG]"
                            }
                        }
                    },
                    "_uuid": "c17cde50-6205-403b-858e-db13ddc42cfe",
                    "_level": 1,
                    "_has_children": false,
                    "_system_object_id": 43693,
                    "_format": "standard",
                    "_objecttype": "act"
                },
                "oeu_archive_ar_creation_actor_role": {
                    "_mask": "act_role__all_fields",
                    "_tags": [],
                    "_path": [
                        {
                            "_mask": "act_role__all_fields",
                            "_objecttype": "act_role",
                            "_tags": [],
                            "_system_object_id": 639073,
                            "_format": "standard",
                            "_uuid": "d37e37c0-c91b-4ada-a2c0-3698ad72e684",
                            "_has_children": true,
                            "_global_object_id": "639073@8ef36ec7-a3a5-4d62-acd5-1ee839f35aa5",
                            "_standard": {
                                "1": {
                                    "html": {
                                        "it-IT": "<span class=\"ez-output-1\"><span class=\"ez-format-comma\">[Oeuvres/Projects]</span></span>",
                                        "de-DE": "<span class=\"ez-output-1\"><span class=\"ez-format-comma\">[Oeuvres/Projects]</span></span>",
                                        "en-US": "<span class=\"ez-output-1\"><span class=\"ez-format-comma\">[Oeuvres/Projects]</span></span>",
                                        "fr-FR": "<span class=\"ez-output-1\"><span class=\"ez-format-comma\">[Oeuvres/Projects]</span></span>"
                                    },
                                    "text": {
                                        "it-IT": "[Oeuvres/Projects]",
                                        "de-DE": "[Oeuvres/Projects]",
                                        "en-US": "[Oeuvres/Projects]",
                                        "fr-FR": "[Oeuvres/Projects]"
                                    }
                                }
                            },
                            "act_role": {
                                ":inner": [],
                                "_id_parent": null,
                                "_id": 188,
                                ":inner:all": [],
                                "_version": 2
                            }
                        },
                        {
                            "_mask": "act_role__all_fields",
                            "_objecttype": "act_role",
                            "_tags": [],
                            "_system_object_id": 49909,
                            "_format": "standard",
                            "_uuid": "0a12db32-849a-48db-a354-0fa4977d0f11",
                            "_has_children": false,
                            "_global_object_id": "49909@8ef36ec7-a3a5-4d62-acd5-1ee839f35aa5",
                            "_standard": {
                                "1": {
                                    "html": {
                                        "it-IT": "<span class=\"ez-output-1\"><span class=\"ez-format-comma\">Architekt</span></span>",
                                        "de-DE": "<span class=\"ez-output-1\"><span class=\"ez-format-comma\">Architekt</span></span>",
                                        "en-US": "<span class=\"ez-output-1\"><span class=\"ez-format-comma\">Architekt</span></span>",
                                        "fr-FR": "<span class=\"ez-output-1\"><span class=\"ez-format-comma\">Architekt</span></span>"
                                    },
                                    "text": {
                                        "it-IT": "Architekt",
                                        "de-DE": "Architekt",
                                        "en-US": "Architekt",
                                        "fr-FR": "Architekt"
                                    }
                                }
                            },
                            "act_role": {
                                ":inner": [],
                                "_id_parent": 188,
                                "_id": 44,
                                ":inner:all": [],
                                "_version": 2
                            }
                        }
                    ],
                    "_sort": {
                        "it-IT": "Architekt                                                       [Oeuvres/Projects] {188} Architekt {44} ",
                        "de-DE": "Architekt                                                       [Oeuvres/Projects] {188} Architekt {44} ",
                        "en-US": "Architekt                                                       [Oeuvres/Projects] {188} Architekt {44} ",
                        "fr-FR": "Architekt                                                       [Oeuvres/Projects] {188} Architekt {44} "
                    },
                    "_global_object_id": "49909@8ef36ec7-a3a5-4d62-acd5-1ee839f35aa5",
                    "_standard": {
                        "1": {
                            "html": {
                                "it-IT": "<span class=\"ez-output-1\"><span class=\"ez-format-comma\">Architekt</span></span>",
                                "de-DE": "<span class=\"ez-output-1\"><span class=\"ez-format-comma\">Architekt</span></span>",
                                "en-US": "<span class=\"ez-output-1\"><span class=\"ez-format-comma\">Architekt</span></span>",
                                "fr-FR": "<span class=\"ez-output-1\"><span class=\"ez-format-comma\">Architekt</span></span>"
                            },
                            "text": {
                                "it-IT": "Architekt",
                                "de-DE": "Architekt",
                                "en-US": "Architekt",
                                "fr-FR": "Architekt"
                            }
                        }
                    },
                    "_uuid": "0a12db32-849a-48db-a354-0fa4977d0f11",
                    "_level": 2,
                    "_has_children": false,
                    "_system_object_id": 49909,
                    "_format": "standard",
                    "_objecttype": "act_role",
                    "act_role": {
                        ":inner": [],
                        "_id_parent": 188,
                        "_id": 44,
                        ":inner:all": [],
                        "_version": 2
                    }
                },
                "_standard": {}
            }
        ]
    },
    "_published": [],
    "_path": [
        {
            "_system_object_id": 115702,
            "oeu": {
                ":inner": [],
                "_id_parent": null,
                "_id": 21058,
                ":inner:all": [],
                "_version": 14
            },
            "_mask": "oeu__all_fields",
            "_objecttype": "oeu",
            "_tags": [
                {
                    "_id": 19
                },
                {
                    "_id": 91
                }
            ],
            "_format": "standard",
            "_uuid": "2c468a5e-9fd8-4260-85c8-106f2840815e",
            "_has_children": true,
            "_global_object_id": "115702@8ef36ec7-a3a5-4d62-acd5-1ee839f35aa5",
            "_standard": {
                "1": {
                    "html": {
                        "it-IT": "<span class=\"ez-output-1\"><span class=\"ez-format-space\">Lotzwil, Langenthalstrasse (Stra&#xDF;e)</span><span class=\"ez-format-space\">Lotzwil, Erlenweg (Stra&#xDF;e)</span></span>",
                        "de-DE": "<span class=\"ez-output-1\"><span class=\"ez-format-space\">Garage Reber</span><span class=\"ez-format-space\">Lotzwil, Langenthalstrasse (Stra&#xDF;e)</span><span class=\"ez-format-space\">Lotzwil, Erlenweg (Stra&#xDF;e)</span></span>",
                        "en-US": "<span class=\"ez-output-1\"><span class=\"ez-format-space\">Lotzwil, Langenthalstrasse (roads)</span><span class=\"ez-format-space\">Lotzwil, Erlenweg (roads)</span></span>",
                        "fr-FR": "<span class=\"ez-output-1\"><span class=\"ez-format-space\">Lotzwil, Langenthalstrasse (Stra&#xDF;e)</span><span class=\"ez-format-space\">Lotzwil, Erlenweg (Stra&#xDF;e)</span></span>"
                    },
                    "text": {
                        "it-IT": "Lotzwil, Langenthalstrasse (Straße) Lotzwil, Erlenweg (Straße)",
                        "de-DE": "Garage Reber Lotzwil, Langenthalstrasse (Straße) Lotzwil, Erlenweg (Straße)",
                        "en-US": "Lotzwil, Langenthalstrasse (roads) Lotzwil, Erlenweg (roads)",
                        "fr-FR": "Lotzwil, Langenthalstrasse (Straße) Lotzwil, Erlenweg (Straße)"
                    }
                },
                "2": {
                    "html": {
                        "it-IT": "<span class=\"ez-format-space\">Isler, Heinz [Isler, Heinz] (Schweizer Ingenieur, geboren 1926) (Swiss engineer, born 1926)</span><span class=\"ez-format-brackets\">Ingenieur</span><span class=\"ez-format-space\">BALOAG [BALOAG]</span><span class=\"ez-format-brackets\">Architekt</span>",
                        "de-DE": "<span class=\"ez-format-space\">Isler, Heinz (Schweizer Bauingenieur, 1926-2009) [Isler, Heinz] (Schweizer Ingenieur, geboren 1926) (Swiss engineer, born 1926)</span><span class=\"ez-format-brackets\">Ingenieur</span><span class=\"ez-format-space\">BALOAG [BALOAG]</span><span class=\"ez-format-brackets\">Architekt</span>",
                        "en-US": "<span class=\"ez-format-space\">Isler, Heinz [Isler, Heinz] (Schweizer Ingenieur, geboren 1926) (Swiss engineer, born 1926)</span><span class=\"ez-format-brackets\">Ingenieur</span><span class=\"ez-format-space\">BALOAG [BALOAG]</span><span class=\"ez-format-brackets\">Architekt</span>",
                        "fr-FR": "<span class=\"ez-format-space\">Isler, Heinz [Isler, Heinz] (Schweizer Ingenieur, geboren 1926) (Swiss engineer, born 1926)</span><span class=\"ez-format-brackets\">Ingenieur</span><span class=\"ez-format-space\">BALOAG [BALOAG]</span><span class=\"ez-format-brackets\">Architekt</span>"
                    },
                    "text": {
                        "it-IT": "Isler, Heinz [Isler, Heinz] (Schweizer Ingenieur, geboren 1926) (Swiss engineer, born 1926) <Ingenieur> BALOAG [BALOAG] <Architekt>",
                        "de-DE": "Isler, Heinz (Schweizer Bauingenieur, 1926-2009) [Isler, Heinz] (Schweizer Ingenieur, geboren 1926) (Swiss engineer, born 1926) <Ingenieur> BALOAG [BALOAG] <Architekt>",
                        "en-US": "Isler, Heinz [Isler, Heinz] (Schweizer Ingenieur, geboren 1926) (Swiss engineer, born 1926) <Ingenieur> BALOAG [BALOAG] <Architekt>",
                        "fr-FR": "Isler, Heinz [Isler, Heinz] (Schweizer Ingenieur, geboren 1926) (Swiss engineer, born 1926) <Ingenieur> BALOAG [BALOAG] <Architekt>"
                    }
                },
                "3": {
                    "html": {
                        "it-IT": "<span class=\"ez-format-space\">1970</span><span class=\"ez-format-round-parentheses\">ungenau</span>",
                        "de-DE": "<span class=\"ez-format-space\">1970</span><span class=\"ez-format-round-parentheses\">ungenau</span>",
                        "en-US": "<span class=\"ez-format-space\">1970</span><span class=\"ez-format-round-parentheses\">imprecise</span>",
                        "fr-FR": "<span class=\"ez-format-space\">1970</span><span class=\"ez-format-round-parentheses\">ungenau</span>"
                    },
                    "text": {
                        "it-IT": "1970 (ungenau)",
                        "de-DE": "1970 (ungenau)",
                        "en-US": "1970 (imprecise)",
                        "fr-FR": "1970 (ungenau)"
                    }
                }
            }
        }
    ],
    "_created": "2020-01-16T20:54:18Z",
    "_published_count": 0,
    "_mask": "oeu__all_fields",
    "_uuid": "2c468a5e-9fd8-4260-85c8-106f2840815e",
    "_last_modified": "2021-07-23T12:00:55Z",
    "_objecttype": "oeu",
    "_has_children": true,
    "_global_object_id": "115702@8ef36ec7-a3a5-4d62-acd5-1ee839f35aa5",
    "_standard": {
        "1": {
            "html": {
                "de-DE": "<span class=\"ez-output-1\"><span class=\"ez-format-space\">Garage Reber</span><span class=\"ez-format-space\">Lotzwil, Langenthalstrasse (Stra&#xDF;e)</span><span class=\"ez-format-space\">Lotzwil, Erlenweg (Stra&#xDF;e)</span></span>",
                "en-US": "<span class=\"ez-output-1\"><span class=\"ez-format-space\">Lotzwil, Langenthalstrasse (roads)</span><span class=\"ez-format-space\">Lotzwil, Erlenweg (roads)</span></span>"
            },
            "text": {
                "de-DE": "Garage Reber Lotzwil, Langenthalstrasse (Straße) Lotzwil, Erlenweg (Straße)",
                "en-US": "Lotzwil, Langenthalstrasse (roads) Lotzwil, Erlenweg (roads)"
            }
        },
        "2": {
            "html": {
                "de-DE": "<span class=\"ez-format-space\">Isler, Heinz (Schweizer Bauingenieur, 1926-2009) [Isler, Heinz] (Schweizer Ingenieur, geboren 1926) (Swiss engineer, born 1926)</span><span class=\"ez-format-brackets\">Ingenieur</span><span class=\"ez-format-space\">BALOAG [BALOAG]</span><span class=\"ez-format-brackets\">Architekt</span>",
                "en-US": "<span class=\"ez-format-space\">Isler, Heinz [Isler, Heinz] (Schweizer Ingenieur, geboren 1926) (Swiss engineer, born 1926)</span><span class=\"ez-format-brackets\">Ingenieur</span><span class=\"ez-format-space\">BALOAG [BALOAG]</span><span class=\"ez-format-brackets\">Architekt</span>"
            },
            "text": {
                "de-DE": "Isler, Heinz (Schweizer Bauingenieur, 1926-2009) [Isler, Heinz] (Schweizer Ingenieur, geboren 1926) (Swiss engineer, born 1926) <Ingenieur> BALOAG [BALOAG] <Architekt>",
                "en-US": "Isler, Heinz [Isler, Heinz] (Schweizer Ingenieur, geboren 1926) (Swiss engineer, born 1926) <Ingenieur> BALOAG [BALOAG] <Architekt>"
            }
        },
        "3": {
            "html": {
                "de-DE": "<span class=\"ez-format-space\">1970</span><span class=\"ez-format-round-parentheses\">ungenau</span>",
                "en-US": "<span class=\"ez-format-space\">1970</span><span class=\"ez-format-round-parentheses\">imprecise</span>"
            },
            "text": {
                "de-DE": "1970 (ungenau)",
                "en-US": "1970 (imprecise)"
            }
        }
    },
    "_format": "long",
    "_level": 1,
    "_sort": [
        115702
    ]
}