{
    "_system_object_id": 116125,
    "_tags": [
        {
            "_id": 19,
            "_name": {
                "de-DE": "Select Isler Project",
                "en-US": "Select Isler Project"
            }
        },
        {
            "_id": 91,
            "_name": {
                "de-DE": "Œuvres",
                "en-US": "Œuvres"
            }
        },
        {
            "_id": 53,
            "_name": {
                "de-DE": "Hierarchy ok!",
                "en-US": "Hierarchy ok!"
            }
        }
    ],
    "_exported_at": "2022-09-09T13:51:36+02:00",
    "oeu": {
        "_id": 21481,
        ":inner": [],
        "oeu_import_missing_term_place": false,
        "_nested:oeu__oeu_archive_exist_construct_places": [
            {
                "oeu_archive_exist_construct_place_v2": {
                    "_mask": "pl_display_short",
                    "_tags": [
                        {
                            "_id": 7
                        },
                        {
                            "_id": 176
                        }
                    ],
                    "_path": [
                        {
                            "_mask": "pl_display_short",
                            "_objecttype": "pl",
                            "_tags": [
                                {
                                    "_id": 136
                                },
                                {
                                    "_id": 176
                                }
                            ],
                            "_system_object_id": 95963,
                            "_format": "standard",
                            "_uuid": "6fcb97c3-7e11-4d53-a0ad-9e208766a986",
                            "pl": {
                                "_id": 29843,
                                "_id_parent": null,
                                "_version": 17
                            },
                            "_global_object_id": "95963@8ef36ec7-a3a5-4d62-acd5-1ee839f35aa5",
                            "_standard": {
                                "1": {
                                    "html": {
                                        "it-IT": "<span class=\"ez-output-1\"><span class=\"ez-format-space\">World</span><span class=\"ez-format-round-parentheses\">Facetten (kontrolliertes Vokabular)</span></span>",
                                        "de-DE": "<span class=\"ez-output-1\"><span class=\"ez-format-space\">World</span><span class=\"ez-format-round-parentheses\">Facetten (kontrolliertes Vokabular)</span></span>",
                                        "en-US": "<span class=\"ez-output-1\"><span class=\"ez-format-space\">World</span><span class=\"ez-format-round-parentheses\">facets (controlled vocabulary)</span></span>",
                                        "fr-FR": "<span class=\"ez-output-1\"><span class=\"ez-format-space\">World</span><span class=\"ez-format-round-parentheses\">Facetten (kontrolliertes Vokabular)</span></span>"
                                    },
                                    "text": {
                                        "it-IT": "World (Facetten (kontrolliertes Vokabular))",
                                        "de-DE": "World (Facetten (kontrolliertes Vokabular))",
                                        "en-US": "World (facets (controlled vocabulary))",
                                        "fr-FR": "World (Facetten (kontrolliertes Vokabular))"
                                    }
                                }
                            },
                            "_has_children": true
                        },
                        {
                            "_mask": "pl_display_short",
                            "_objecttype": "pl",
                            "_tags": [
                                {
                                    "_id": 23
                                },
                                {
                                    "_id": 136
                                },
                                {
                                    "_id": 143
                                },
                                {
                                    "_id": 148
                                },
                                {
                                    "_id": 176
                                }
                            ],
                            "_system_object_id": 97704,
                            "_format": "standard",
                            "_uuid": "f2419b9d-172f-4ffc-97ea-020272da7988",
                            "pl": {
                                "_id": 31584,
                                "_id_parent": 29843,
                                "_version": 26
                            },
                            "_global_object_id": "97704@8ef36ec7-a3a5-4d62-acd5-1ee839f35aa5",
                            "_standard": {
                                "1": {
                                    "html": {
                                        "it-IT": "<span class=\"ez-output-1\"><span class=\"ez-format-space\">Europe</span><span class=\"ez-format-round-parentheses\">Kontinent</span></span>",
                                        "de-DE": "<span class=\"ez-output-1\"><span class=\"ez-format-space\">Europe</span><span class=\"ez-format-round-parentheses\">Kontinent</span></span>",
                                        "en-US": "<span class=\"ez-output-1\"><span class=\"ez-format-space\">Europe</span><span class=\"ez-format-round-parentheses\">continents</span></span>",
                                        "fr-FR": "<span class=\"ez-output-1\"><span class=\"ez-format-space\">Europe</span><span class=\"ez-format-round-parentheses\">Kontinent</span></span>"
                                    },
                                    "text": {
                                        "it-IT": "Europe (Kontinent)",
                                        "de-DE": "Europe (Kontinent)",
                                        "en-US": "Europe (continents)",
                                        "fr-FR": "Europe (Kontinent)"
                                    }
                                }
                            },
                            "_has_children": true
                        },
                        {
                            "_mask": "pl_display_short",
                            "_objecttype": "pl",
                            "_tags": [
                                {
                                    "_id": 24
                                },
                                {
                                    "_id": 176
                                }
                            ],
                            "_system_object_id": 297859,
                            "_format": "standard",
                            "_uuid": "5d2dcfe8-033d-4e47-b014-cf8db88eacde",
                            "pl": {
                                "_id": 44788,
                                "_id_parent": 31584,
                                "_version": 13
                            },
                            "_global_object_id": "297859@8ef36ec7-a3a5-4d62-acd5-1ee839f35aa5",
                            "_standard": {
                                "1": {
                                    "html": {
                                        "it-IT": "<span class=\"ez-output-1\"><span class=\"ez-format-space\">Schweiz</span><span class=\"ez-format-round-parentheses\">Land</span></span>",
                                        "de-DE": "<span class=\"ez-output-1\"><span class=\"ez-format-space\">Schweiz</span><span class=\"ez-format-round-parentheses\">Land</span></span>",
                                        "en-US": "<span class=\"ez-output-1\"><span class=\"ez-format-space\">Schweiz</span><span class=\"ez-format-round-parentheses\">Country</span></span>",
                                        "fr-FR": "<span class=\"ez-output-1\"><span class=\"ez-format-space\">Schweiz</span><span class=\"ez-format-round-parentheses\">Land</span></span>"
                                    },
                                    "text": {
                                        "it-IT": "Schweiz (Land)",
                                        "de-DE": "Schweiz (Land)",
                                        "en-US": "Schweiz (Country)",
                                        "fr-FR": "Schweiz (Land)"
                                    }
                                }
                            },
                            "_has_children": true
                        },
                        {
                            "_mask": "pl_display_short",
                            "_objecttype": "pl",
                            "_tags": [
                                {
                                    "_id": 24
                                },
                                {
                                    "_id": 176
                                }
                            ],
                            "_system_object_id": 300359,
                            "_format": "standard",
                            "_uuid": "13872de4-4a45-4c95-9423-fb4c3648ae3d",
                            "pl": {
                                "_id": 47288,
                                "_id_parent": 44788,
                                "_version": 12
                            },
                            "_global_object_id": "300359@8ef36ec7-a3a5-4d62-acd5-1ee839f35aa5",
                            "_standard": {
                                "1": {
                                    "html": {
                                        "it-IT": "<span class=\"ez-output-1\"><span class=\"ez-format-space\">Ticino</span><span class=\"ez-format-round-parentheses\">Kanton</span></span>",
                                        "de-DE": "<span class=\"ez-output-1\"><span class=\"ez-format-space\">Ticino</span><span class=\"ez-format-round-parentheses\">Kanton</span></span>",
                                        "en-US": "<span class=\"ez-output-1\"><span class=\"ez-format-space\">Ticino</span><span class=\"ez-format-round-parentheses\">Canton</span></span>",
                                        "fr-FR": "<span class=\"ez-output-1\"><span class=\"ez-format-space\">Ticino</span><span class=\"ez-format-round-parentheses\">Kanton</span></span>"
                                    },
                                    "text": {
                                        "it-IT": "Ticino (Kanton)",
                                        "de-DE": "Ticino (Kanton)",
                                        "en-US": "Ticino (Canton)",
                                        "fr-FR": "Ticino (Kanton)"
                                    }
                                }
                            },
                            "_has_children": true
                        },
                        {
                            "_mask": "pl_display_short",
                            "_objecttype": "pl",
                            "_tags": [
                                {
                                    "_id": 24
                                },
                                {
                                    "_id": 176
                                }
                            ],
                            "_system_object_id": 300461,
                            "_format": "standard",
                            "_uuid": "0b5c7ec6-93c4-4f92-827c-4164afd94250",
                            "pl": {
                                "_id": 47390,
                                "_id_parent": 47288,
                                "_version": 12
                            },
                            "_global_object_id": "300461@8ef36ec7-a3a5-4d62-acd5-1ee839f35aa5",
                            "_standard": {
                                "1": {
                                    "html": {
                                        "it-IT": "<span class=\"ez-output-1\"><span class=\"ez-format-space\">Locarno</span><span class=\"ez-format-round-parentheses\">Bezirk</span></span>",
                                        "de-DE": "<span class=\"ez-output-1\"><span class=\"ez-format-space\">Locarno</span><span class=\"ez-format-round-parentheses\">Bezirk</span></span>",
                                        "en-US": "<span class=\"ez-output-1\"><span class=\"ez-format-space\">Locarno</span><span class=\"ez-format-round-parentheses\">District</span></span>",
                                        "fr-FR": "<span class=\"ez-output-1\"><span class=\"ez-format-space\">Locarno</span><span class=\"ez-format-round-parentheses\">Bezirk</span></span>"
                                    },
                                    "text": {
                                        "it-IT": "Locarno (Bezirk)",
                                        "de-DE": "Locarno (Bezirk)",
                                        "en-US": "Locarno (District)",
                                        "fr-FR": "Locarno (Bezirk)"
                                    }
                                }
                            },
                            "_has_children": true
                        },
                        {
                            "_mask": "pl_display_short",
                            "_objecttype": "pl",
                            "_tags": [
                                {
                                    "_id": 24
                                },
                                {
                                    "_id": 176
                                }
                            ],
                            "_system_object_id": 300486,
                            "_format": "standard",
                            "_uuid": "dc3ff98e-e287-4a24-8f06-86bb0ddeb87c",
                            "pl": {
                                "_id": 47415,
                                "_id_parent": 47390,
                                "_version": 18
                            },
                            "_global_object_id": "300486@8ef36ec7-a3a5-4d62-acd5-1ee839f35aa5",
                            "_standard": {
                                "1": {
                                    "html": {
                                        "it-IT": "<span class=\"ez-output-1\"><span class=\"ez-format-space\">Losone</span><span class=\"ez-format-round-parentheses\">Politische Gemeinde</span></span>",
                                        "de-DE": "<span class=\"ez-output-1\"><span class=\"ez-format-space\">Losone</span><span class=\"ez-format-round-parentheses\">Politische Gemeinde</span></span>",
                                        "en-US": "<span class=\"ez-output-1\"><span class=\"ez-format-space\">Losone</span><span class=\"ez-format-round-parentheses\">Municipality</span></span>",
                                        "fr-FR": "<span class=\"ez-output-1\"><span class=\"ez-format-space\">Losone</span><span class=\"ez-format-round-parentheses\">Politische Gemeinde</span></span>"
                                    },
                                    "text": {
                                        "it-IT": "Losone (Politische Gemeinde)",
                                        "de-DE": "Losone (Politische Gemeinde)",
                                        "en-US": "Losone (Municipality)",
                                        "fr-FR": "Losone (Politische Gemeinde)"
                                    }
                                }
                            },
                            "_has_children": true
                        },
                        {
                            "_mask": "pl_display_short",
                            "_objecttype": "pl",
                            "_tags": [
                                {
                                    "_id": 7
                                },
                                {
                                    "_id": 176
                                }
                            ],
                            "_system_object_id": 651852,
                            "_format": "standard",
                            "_uuid": "82c1457f-9e32-4e16-8211-e04566b80bda",
                            "pl": {
                                "_id": 110042,
                                "_id_parent": 47415,
                                "_version": 4
                            },
                            "_global_object_id": "651852@8ef36ec7-a3a5-4d62-acd5-1ee839f35aa5",
                            "_standard": {
                                "1": {
                                    "html": {
                                        "it-IT": "<span class=\"ez-output-1\"><span class=\"ez-format-space\">Losone, Via dei Pioppi</span><span class=\"ez-format-round-parentheses\">Stra&#xDF;e</span></span>",
                                        "de-DE": "<span class=\"ez-output-1\"><span class=\"ez-format-space\">Losone, Via dei Pioppi</span><span class=\"ez-format-round-parentheses\">Stra&#xDF;e</span></span>",
                                        "en-US": "<span class=\"ez-output-1\"><span class=\"ez-format-space\">Losone, Via dei Pioppi</span><span class=\"ez-format-round-parentheses\">roads</span></span>",
                                        "fr-FR": "<span class=\"ez-output-1\"><span class=\"ez-format-space\">Losone, Via dei Pioppi</span><span class=\"ez-format-round-parentheses\">Stra&#xDF;e</span></span>"
                                    },
                                    "text": {
                                        "it-IT": "Losone, Via dei Pioppi (Straße)",
                                        "de-DE": "Losone, Via dei Pioppi (Straße)",
                                        "en-US": "Losone, Via dei Pioppi (roads)",
                                        "fr-FR": "Losone, Via dei Pioppi (Straße)"
                                    }
                                }
                            },
                            "_has_children": false
                        }
                    ],
                    "_sort": {
                        "it-IT": "Losone, Via dei Pioppi (Straße)                                World (Facetten (kontrolliertes Vokabular)) {29843} Europe (Kontinent) {31584} Schweiz (Land) {44788} Ticino (Kanton) {47288} Locarno (Bezirk) {47390} Losone (Politische Gemeinde) {47415} Losone, Via dei Pioppi (Straße) {110042} ",
                        "de-DE": "Losone, Via dei Pioppi (Straße)                                World (Facetten (kontrolliertes Vokabular)) {29843} Europe (Kontinent) {31584} Schweiz (Land) {44788} Ticino (Kanton) {47288} Locarno (Bezirk) {47390} Losone (Politische Gemeinde) {47415} Losone, Via dei Pioppi (Straße) {110042} ",
                        "en-US": "Losone, Via dei Pioppi (roads)                                  World (facets (controlled vocabulary)) {29843} Europe (continents) {31584} Schweiz (Country) {44788} Ticino (Canton) {47288} Locarno (District) {47390} Losone (Municipality) {47415} Losone, Via dei Pioppi (roads) {110042} ",
                        "fr-FR": "Losone, Via dei Pioppi (Straße)                                World (Facetten (kontrolliertes Vokabular)) {29843} Europe (Kontinent) {31584} Schweiz (Land) {44788} Ticino (Kanton) {47288} Locarno (Bezirk) {47390} Losone (Politische Gemeinde) {47415} Losone, Via dei Pioppi (Straße) {110042} "
                    },
                    "pl": {
                        "_pool": {
                            "pool": {
                                "name": {
                                    "de-DE": "gta Digital",
                                    "en-US": "gta Digital"
                                },
                                "_id": 4,
                                "_id_parent": 3
                            },
                            "_level": 3,
                            "_path": [
                                {
                                    "pool": {
                                        "name": {
                                            "de-DE": "Alle Pools",
                                            "en-US": "All pools"
                                        },
                                        "_id": 1
                                    },
                                    "_basetype": "pool"
                                },
                                {
                                    "pool": {
                                        "name": {
                                            "de-DE": "Reference Data",
                                            "en-US": "Reference Data"
                                        },
                                        "_id": 3,
                                        "_id_parent": 1
                                    },
                                    "_basetype": "pool"
                                },
                                {
                                    "pool": {
                                        "name": {
                                            "de-DE": "gta Digital",
                                            "en-US": "gta Digital"
                                        },
                                        "_id": 4,
                                        "_id_parent": 3
                                    },
                                    "_basetype": "pool"
                                }
                            ],
                            "_basetype": "pool"
                        },
                        "_id": 110042,
                        "_id_parent": 47415,
                        "_version": 4
                    },
                    "_global_object_id": "651852@8ef36ec7-a3a5-4d62-acd5-1ee839f35aa5",
                    "_standard": {
                        "1": {
                            "html": {
                                "it-IT": "<span class=\"ez-output-1\"><span class=\"ez-format-space\">Losone, Via dei Pioppi</span><span class=\"ez-format-round-parentheses\">Stra&#xDF;e</span></span>",
                                "de-DE": "<span class=\"ez-output-1\"><span class=\"ez-format-space\">Losone, Via dei Pioppi</span><span class=\"ez-format-round-parentheses\">Stra&#xDF;e</span></span>",
                                "en-US": "<span class=\"ez-output-1\"><span class=\"ez-format-space\">Losone, Via dei Pioppi</span><span class=\"ez-format-round-parentheses\">roads</span></span>",
                                "fr-FR": "<span class=\"ez-output-1\"><span class=\"ez-format-space\">Losone, Via dei Pioppi</span><span class=\"ez-format-round-parentheses\">Stra&#xDF;e</span></span>"
                            },
                            "text": {
                                "it-IT": "Losone, Via dei Pioppi (Straße)",
                                "de-DE": "Losone, Via dei Pioppi (Straße)",
                                "en-US": "Losone, Via dei Pioppi (roads)",
                                "fr-FR": "Losone, Via dei Pioppi (Straße)"
                            }
                        }
                    },
                    "_uuid": "82c1457f-9e32-4e16-8211-e04566b80bda",
                    "_level": 7,
                    "_has_children": false,
                    "_system_object_id": 651852,
                    "_format": "standard",
                    "_objecttype": "pl"
                },
                "_standard": {}
            }
        ],
        "oeu_descr_legacy_chronology": "ausgeführt 1956",
        "oeu_nc_name": {
            "de-DE": "Agie SA"
        },
        "oeu_descr_notes": "Keine Büronummer. - Negative und Kontaktbögen siehe - Vgl. auch das Vorprojekt von 1964/66 (10031:15).",
        "_id_parent": null,
        "_pool": {
            "pool": {
                "name": {
                    "de-DE": "gta Aarchives",
                    "en-US": "gta Archives"
                },
                "_id": 92,
                "_id_parent": 91
            },
            "_level": 5,
            "_path": [
                {
                    "pool": {
                        "name": {
                            "de-DE": "Alle Pools",
                            "en-US": "All pools"
                        },
                        "_id": 1
                    },
                    "_basetype": "pool"
                },
                {
                    "pool": {
                        "name": {
                            "de-DE": "Reference Data",
                            "en-US": "Reference Data"
                        },
                        "_id": 3,
                        "_id_parent": 1
                    },
                    "_basetype": "pool"
                },
                {
                    "pool": {
                        "name": {
                            "de-DE": "Generic",
                            "en-US": "Generic"
                        },
                        "_id": 90,
                        "_id_parent": 3
                    },
                    "_basetype": "pool"
                },
                {
                    "pool": {
                        "name": {
                            "de-DE": "gta Institute",
                            "en-US": "gta Institute"
                        },
                        "_id": 91,
                        "_id_parent": 90
                    },
                    "_basetype": "pool"
                },
                {
                    "pool": {
                        "name": {
                            "de-DE": "gta Aarchives",
                            "en-US": "gta Archives"
                        },
                        "_id": 92,
                        "_id_parent": 91
                    },
                    "_basetype": "pool"
                }
            ],
            "_basetype": "pool"
        },
        "oeu_archive_exist_construct_timespan": {
            "_middle": "1956-07-01T23:59:59Z",
            "_from": "1956-01-01T00:00:00Z",
            "from": "1956",
            "to": "1956",
            "_to": "1956-12-31T23:59:59Z"
        },
        "oeu_descr_scientificcomment": {
            "de-DE": "Schalenshed, 570 m2. - Projekt und Bauleitung durch Isler."
        },
        "oeu_nc_type": {
            "_has_children": false,
            "_level": 1,
            "_system_object_id": 63559,
            "_mask": "oeu_type__all_fields",
            "oeu_nc_type": {
                ":inner": [],
                "_id_parent": null,
                "_id": 1,
                ":inner:all": [],
                "_version": 4
            },
            "_uuid": "a321550f-d644-4ebc-9e41-93bac85aded7",
            "_format": "standard",
            "_path": [
                {
                    "oeu_nc_type": {
                        ":inner": [],
                        "_id_parent": null,
                        "_id": 1,
                        ":inner:all": [],
                        "_version": 4
                    },
                    "_mask": "oeu_type__all_fields",
                    "_objecttype": "oeu_nc_type",
                    "_system_object_id": 63559,
                    "_uuid": "a321550f-d644-4ebc-9e41-93bac85aded7",
                    "_format": "standard",
                    "_has_children": false,
                    "_standard": {
                        "1": {
                            "html": {
                                "it-IT": "<span class=\"ez-output-1\"><span class=\"ez-format-comma\">Oeuvre</span></span>",
                                "de-DE": "<span class=\"ez-output-1\"><span class=\"ez-format-comma\">Oeuvre</span></span>",
                                "en-US": "<span class=\"ez-output-1\"><span class=\"ez-format-comma\">Oeuvre</span></span>",
                                "fr-FR": "<span class=\"ez-output-1\"><span class=\"ez-format-comma\">Oeuvre</span></span>"
                            },
                            "text": {
                                "it-IT": "Oeuvre",
                                "de-DE": "Oeuvre",
                                "en-US": "Oeuvre",
                                "fr-FR": "Oeuvre"
                            }
                        }
                    },
                    "_global_object_id": "63559@8ef36ec7-a3a5-4d62-acd5-1ee839f35aa5"
                }
            ],
            "_objecttype": "oeu_nc_type",
            "_sort": {
                "it-IT": "Oeuvre                                                          Oeuvre {1} ",
                "de-DE": "Oeuvre                                                          Oeuvre {1} ",
                "en-US": "Oeuvre                                                          Oeuvre {1} ",
                "fr-FR": "Oeuvre                                                          Oeuvre {1} "
            },
            "_global_object_id": "63559@8ef36ec7-a3a5-4d62-acd5-1ee839f35aa5",
            "_standard": {
                "1": {
                    "html": {
                        "it-IT": "<span class=\"ez-output-1\"><span class=\"ez-format-comma\">Oeuvre</span></span>",
                        "de-DE": "<span class=\"ez-output-1\"><span class=\"ez-format-comma\">Oeuvre</span></span>",
                        "en-US": "<span class=\"ez-output-1\"><span class=\"ez-format-comma\">Oeuvre</span></span>",
                        "fr-FR": "<span class=\"ez-output-1\"><span class=\"ez-format-comma\">Oeuvre</span></span>"
                    },
                    "text": {
                        "it-IT": "Oeuvre",
                        "de-DE": "Oeuvre",
                        "en-US": "Oeuvre",
                        "fr-FR": "Oeuvre"
                    }
                }
            }
        },
        "oeu_import_missing_term_person": false,
        "oeu_descr_legacy_person": "Ingenieure: Heinz Isler, Weder & Prim (Burgdorf); Bauherr(en): Agie SA",
        "oeu_import_uuid": "D40CD22B-3D15-48FA-BF8A-66105C1AADE0",
        "oeu_import_uuid_hierarchical": "D40CD22B-3D15-48FA-BF8A-66105C1AADE0",
        "oeu_archive_exist_construct_timespan_uncert": {
            "_level": 1,
            "_has_children": false,
            "_mask": "generic_uncert__all_fields",
            "_system_object_id": 111523,
            "_uuid": "21f7fea3-a95e-42d5-ad96-c41c918bcd97",
            "_format": "standard",
            "generic_uncertainty": {
                ":inner": [],
                "_id_parent": null,
                "_id": 5,
                ":inner:all": [],
                "_version": 3
            },
            "_path": [
                {
                    "_mask": "generic_uncert__all_fields",
                    "_objecttype": "generic_uncertainty",
                    "_system_object_id": 111523,
                    "_format": "standard",
                    "_uuid": "21f7fea3-a95e-42d5-ad96-c41c918bcd97",
                    "generic_uncertainty": {
                        ":inner": [],
                        "_id_parent": null,
                        "_id": 5,
                        ":inner:all": [],
                        "_version": 3
                    },
                    "_has_children": false,
                    "_standard": {
                        "1": {
                            "html": {
                                "it-IT": "<span class=\"ez-output-1\"><span class=\"ez-format-comma\">ungenau</span></span>",
                                "de-DE": "<span class=\"ez-output-1\"><span class=\"ez-format-comma\">ungenau</span></span>",
                                "en-US": "<span class=\"ez-output-1\"><span class=\"ez-format-comma\">imprecise</span></span>",
                                "fr-FR": "<span class=\"ez-output-1\"><span class=\"ez-format-comma\">ungenau</span></span>"
                            },
                            "text": {
                                "it-IT": "ungenau",
                                "de-DE": "ungenau",
                                "en-US": "imprecise",
                                "fr-FR": "ungenau"
                            }
                        }
                    },
                    "_global_object_id": "111523@8ef36ec7-a3a5-4d62-acd5-1ee839f35aa5"
                }
            ],
            "_objecttype": "generic_uncertainty",
            "_sort": {
                "it-IT": "ungenau                                                         ungenau {5} ",
                "de-DE": "ungenau                                                         ungenau {5} ",
                "en-US": "imprecise                                                       imprecise {5} ",
                "fr-FR": "ungenau                                                         ungenau {5} "
            },
            "_global_object_id": "111523@8ef36ec7-a3a5-4d62-acd5-1ee839f35aa5",
            "_standard": {
                "1": {
                    "html": {
                        "it-IT": "<span class=\"ez-output-1\"><span class=\"ez-format-comma\">ungenau</span></span>",
                        "de-DE": "<span class=\"ez-output-1\"><span class=\"ez-format-comma\">ungenau</span></span>",
                        "en-US": "<span class=\"ez-output-1\"><span class=\"ez-format-comma\">imprecise</span></span>",
                        "fr-FR": "<span class=\"ez-output-1\"><span class=\"ez-format-comma\">ungenau</span></span>"
                    },
                    "text": {
                        "it-IT": "ungenau",
                        "de-DE": "ungenau",
                        "en-US": "imprecise",
                        "fr-FR": "ungenau"
                    }
                }
            }
        },
        ":inner:all": [],
        "_version": 15,
        "oeu_descr_legacy_places": "Objektort: Via dei Pioppi 2, Losone/TI",
        "_nested:oeu__oeu_archive_ar_creation": [
            {
                "oeu_archive_ar_creation_actor": {
                    "_mask": "act__shortest",
                    "act": {
                        "_pool": {
                            "pool": {
                                "name": {
                                    "de-DE": "Dataset B",
                                    "en-US": "Dataset B"
                                },
                                "_id": 32,
                                "_id_parent": 4
                            },
                            "_level": 4,
                            "_path": [
                                {
                                    "pool": {
                                        "name": {
                                            "de-DE": "Alle Pools",
                                            "en-US": "All pools"
                                        },
                                        "_id": 1
                                    },
                                    "_basetype": "pool"
                                },
                                {
                                    "pool": {
                                        "name": {
                                            "de-DE": "Reference Data",
                                            "en-US": "Reference Data"
                                        },
                                        "_id": 3,
                                        "_id_parent": 1
                                    },
                                    "_basetype": "pool"
                                },
                                {
                                    "pool": {
                                        "name": {
                                            "de-DE": "gta Digital",
                                            "en-US": "gta Digital"
                                        },
                                        "_id": 4,
                                        "_id_parent": 3
                                    },
                                    "_basetype": "pool"
                                },
                                {
                                    "pool": {
                                        "name": {
                                            "de-DE": "Dataset B",
                                            "en-US": "Dataset B"
                                        },
                                        "_id": 32,
                                        "_id_parent": 4
                                    },
                                    "_basetype": "pool"
                                }
                            ],
                            "_basetype": "pool"
                        },
                        "_id": 28184,
                        "_id_parent": null,
                        "_version": 28
                    },
                    "_tags": [
                        {
                            "_id": 31
                        },
                        {
                            "_id": 77
                        },
                        {
                            "_id": 88
                        },
                        {
                            "_id": 176
                        }
                    ],
                    "_path": [
                        {
                            "_system_object_id": 54908,
                            "act": {
                                "_id": 28184,
                                "_id_parent": null,
                                "_version": 28
                            },
                            "_tags": [
                                {
                                    "_id": 31
                                },
                                {
                                    "_id": 77
                                },
                                {
                                    "_id": 88
                                },
                                {
                                    "_id": 176
                                }
                            ],
                            "_mask": "act__shortest",
                            "_format": "standard",
                            "_objecttype": "act",
                            "_uuid": "40c02a93-9a52-482a-9175-9b1a1eb7cbfd",
                            "_has_children": false,
                            "_standard": {
                                "1": {
                                    "html": {
                                        "it-IT": "<span class=\"ez-output-1\"><span class=\"ez-format-space\">Isler, Heinz</span><span class=\"ez-format-square-brackets\">Isler, Heinz</span><span class=\"ez-format-round-parentheses\">Schweizer Ingenieur, geboren 1926</span><span class=\"ez-format-round-parentheses\">Swiss engineer, born 1926</span></span>",
                                        "de-DE": "<span class=\"ez-output-1\"><span class=\"ez-format-space\">Isler, Heinz</span><span class=\"ez-format-round-parentheses\">Schweizer Bauingenieur, 1926-2009</span><span class=\"ez-format-square-brackets\">Isler, Heinz</span><span class=\"ez-format-round-parentheses\">Schweizer Ingenieur, geboren 1926</span><span class=\"ez-format-round-parentheses\">Swiss engineer, born 1926</span></span>",
                                        "en-US": "<span class=\"ez-output-1\"><span class=\"ez-format-space\">Isler, Heinz</span><span class=\"ez-format-square-brackets\">Isler, Heinz</span><span class=\"ez-format-round-parentheses\">Schweizer Ingenieur, geboren 1926</span><span class=\"ez-format-round-parentheses\">Swiss engineer, born 1926</span></span>",
                                        "fr-FR": "<span class=\"ez-output-1\"><span class=\"ez-format-space\">Isler, Heinz</span><span class=\"ez-format-square-brackets\">Isler, Heinz</span><span class=\"ez-format-round-parentheses\">Schweizer Ingenieur, geboren 1926</span><span class=\"ez-format-round-parentheses\">Swiss engineer, born 1926</span></span>"
                                    },
                                    "text": {
                                        "it-IT": "Isler, Heinz [Isler, Heinz] (Schweizer Ingenieur, geboren 1926) (Swiss engineer, born 1926)",
                                        "de-DE": "Isler, Heinz (Schweizer Bauingenieur, 1926-2009) [Isler, Heinz] (Schweizer Ingenieur, geboren 1926) (Swiss engineer, born 1926)",
                                        "en-US": "Isler, Heinz [Isler, Heinz] (Schweizer Ingenieur, geboren 1926) (Swiss engineer, born 1926)",
                                        "fr-FR": "Isler, Heinz [Isler, Heinz] (Schweizer Ingenieur, geboren 1926) (Swiss engineer, born 1926)"
                                    }
                                }
                            },
                            "_global_object_id": "54908@8ef36ec7-a3a5-4d62-acd5-1ee839f35aa5"
                        }
                    ],
                    "_sort": {
                        "it-IT": "Isler, Heinz [Isler, Heinz] (Schweizer Ingenieur, geboren 1926) (Swiss engineer, born 1926)Isler, Heinz [Isler, Heinz] (Schweizer Ingenieur, geboren 1926) (Swiss engineer, born 1926) {28184} ",
                        "de-DE": "Isler, Heinz (Schweizer Bauingenieur, 1926-2009) [Isler, Heinz] (Schweizer Ingenieur, geboren 1926) (Swiss engineer, born 1926)Isler, Heinz (Schweizer Bauingenieur, 1926-2009) [Isler, Heinz] (Schweizer Ingenieur, geboren 1926) (Swiss engineer, born 1926) {28184} ",
                        "en-US": "Isler, Heinz [Isler, Heinz] (Schweizer Ingenieur, geboren 1926) (Swiss engineer, born 1926)Isler, Heinz [Isler, Heinz] (Schweizer Ingenieur, geboren 1926) (Swiss engineer, born 1926) {28184} ",
                        "fr-FR": "Isler, Heinz [Isler, Heinz] (Schweizer Ingenieur, geboren 1926) (Swiss engineer, born 1926)Isler, Heinz [Isler, Heinz] (Schweizer Ingenieur, geboren 1926) (Swiss engineer, born 1926) {28184} "
                    },
                    "_global_object_id": "54908@8ef36ec7-a3a5-4d62-acd5-1ee839f35aa5",
                    "_standard": {
                        "1": {
                            "html": {
                                "it-IT": "<span class=\"ez-output-1\"><span class=\"ez-format-space\">Isler, Heinz</span><span class=\"ez-format-square-brackets\">Isler, Heinz</span><span class=\"ez-format-round-parentheses\">Schweizer Ingenieur, geboren 1926</span><span class=\"ez-format-round-parentheses\">Swiss engineer, born 1926</span></span>",
                                "de-DE": "<span class=\"ez-output-1\"><span class=\"ez-format-space\">Isler, Heinz</span><span class=\"ez-format-round-parentheses\">Schweizer Bauingenieur, 1926-2009</span><span class=\"ez-format-square-brackets\">Isler, Heinz</span><span class=\"ez-format-round-parentheses\">Schweizer Ingenieur, geboren 1926</span><span class=\"ez-format-round-parentheses\">Swiss engineer, born 1926</span></span>",
                                "en-US": "<span class=\"ez-output-1\"><span class=\"ez-format-space\">Isler, Heinz</span><span class=\"ez-format-square-brackets\">Isler, Heinz</span><span class=\"ez-format-round-parentheses\">Schweizer Ingenieur, geboren 1926</span><span class=\"ez-format-round-parentheses\">Swiss engineer, born 1926</span></span>",
                                "fr-FR": "<span class=\"ez-output-1\"><span class=\"ez-format-space\">Isler, Heinz</span><span class=\"ez-format-square-brackets\">Isler, Heinz</span><span class=\"ez-format-round-parentheses\">Schweizer Ingenieur, geboren 1926</span><span class=\"ez-format-round-parentheses\">Swiss engineer, born 1926</span></span>"
                            },
                            "text": {
                                "it-IT": "Isler, Heinz [Isler, Heinz] (Schweizer Ingenieur, geboren 1926) (Swiss engineer, born 1926)",
                                "de-DE": "Isler, Heinz (Schweizer Bauingenieur, 1926-2009) [Isler, Heinz] (Schweizer Ingenieur, geboren 1926) (Swiss engineer, born 1926)",
                                "en-US": "Isler, Heinz [Isler, Heinz] (Schweizer Ingenieur, geboren 1926) (Swiss engineer, born 1926)",
                                "fr-FR": "Isler, Heinz [Isler, Heinz] (Schweizer Ingenieur, geboren 1926) (Swiss engineer, born 1926)"
                            }
                        }
                    },
                    "_uuid": "40c02a93-9a52-482a-9175-9b1a1eb7cbfd",
                    "_level": 1,
                    "_has_children": false,
                    "_system_object_id": 54908,
                    "_format": "standard",
                    "_objecttype": "act"
                },
                "oeu_archive_ar_creation_actor_role": {
                    "_mask": "act_role__all_fields",
                    "_tags": [],
                    "_path": [
                        {
                            "_mask": "act_role__all_fields",
                            "_objecttype": "act_role",
                            "_tags": [],
                            "_system_object_id": 639073,
                            "_format": "standard",
                            "_uuid": "d37e37c0-c91b-4ada-a2c0-3698ad72e684",
                            "_has_children": true,
                            "_global_object_id": "639073@8ef36ec7-a3a5-4d62-acd5-1ee839f35aa5",
                            "_standard": {
                                "1": {
                                    "html": {
                                        "it-IT": "<span class=\"ez-output-1\"><span class=\"ez-format-comma\">[Oeuvres/Projects]</span></span>",
                                        "de-DE": "<span class=\"ez-output-1\"><span class=\"ez-format-comma\">[Oeuvres/Projects]</span></span>",
                                        "en-US": "<span class=\"ez-output-1\"><span class=\"ez-format-comma\">[Oeuvres/Projects]</span></span>",
                                        "fr-FR": "<span class=\"ez-output-1\"><span class=\"ez-format-comma\">[Oeuvres/Projects]</span></span>"
                                    },
                                    "text": {
                                        "it-IT": "[Oeuvres/Projects]",
                                        "de-DE": "[Oeuvres/Projects]",
                                        "en-US": "[Oeuvres/Projects]",
                                        "fr-FR": "[Oeuvres/Projects]"
                                    }
                                }
                            },
                            "act_role": {
                                ":inner": [],
                                "_id_parent": null,
                                "_id": 188,
                                ":inner:all": [],
                                "_version": 2
                            }
                        },
                        {
                            "_mask": "act_role__all_fields",
                            "_objecttype": "act_role",
                            "_tags": [],
                            "_system_object_id": 49949,
                            "_format": "standard",
                            "_uuid": "a1e1d619-d742-4f8f-930e-5d08c297bae6",
                            "_has_children": false,
                            "_global_object_id": "49949@8ef36ec7-a3a5-4d62-acd5-1ee839f35aa5",
                            "_standard": {
                                "1": {
                                    "html": {
                                        "it-IT": "<span class=\"ez-output-1\"><span class=\"ez-format-comma\">Ingenieur</span></span>",
                                        "de-DE": "<span class=\"ez-output-1\"><span class=\"ez-format-comma\">Ingenieur</span></span>",
                                        "en-US": "<span class=\"ez-output-1\"><span class=\"ez-format-comma\">Ingenieur</span></span>",
                                        "fr-FR": "<span class=\"ez-output-1\"><span class=\"ez-format-comma\">Ingenieur</span></span>"
                                    },
                                    "text": {
                                        "it-IT": "Ingenieur",
                                        "de-DE": "Ingenieur",
                                        "en-US": "Ingenieur",
                                        "fr-FR": "Ingenieur"
                                    }
                                }
                            },
                            "act_role": {
                                ":inner": [],
                                "_id_parent": 188,
                                "_id": 84,
                                ":inner:all": [],
                                "_version": 2
                            }
                        }
                    ],
                    "_sort": {
                        "it-IT": "Ingenieur                                                       [Oeuvres/Projects] {188} Ingenieur {84} ",
                        "de-DE": "Ingenieur                                                       [Oeuvres/Projects] {188} Ingenieur {84} ",
                        "en-US": "Ingenieur                                                       [Oeuvres/Projects] {188} Ingenieur {84} ",
                        "fr-FR": "Ingenieur                                                       [Oeuvres/Projects] {188} Ingenieur {84} "
                    },
                    "_global_object_id": "49949@8ef36ec7-a3a5-4d62-acd5-1ee839f35aa5",
                    "_standard": {
                        "1": {
                            "html": {
                                "it-IT": "<span class=\"ez-output-1\"><span class=\"ez-format-comma\">Ingenieur</span></span>",
                                "de-DE": "<span class=\"ez-output-1\"><span class=\"ez-format-comma\">Ingenieur</span></span>",
                                "en-US": "<span class=\"ez-output-1\"><span class=\"ez-format-comma\">Ingenieur</span></span>",
                                "fr-FR": "<span class=\"ez-output-1\"><span class=\"ez-format-comma\">Ingenieur</span></span>"
                            },
                            "text": {
                                "it-IT": "Ingenieur",
                                "de-DE": "Ingenieur",
                                "en-US": "Ingenieur",
                                "fr-FR": "Ingenieur"
                            }
                        }
                    },
                    "_uuid": "a1e1d619-d742-4f8f-930e-5d08c297bae6",
                    "_level": 2,
                    "_has_children": false,
                    "_system_object_id": 49949,
                    "_format": "standard",
                    "_objecttype": "act_role",
                    "act_role": {
                        ":inner": [],
                        "_id_parent": 188,
                        "_id": 84,
                        ":inner:all": [],
                        "_version": 2
                    }
                },
                "_standard": {}
            },
            {
                "oeu_archive_ar_creation_actor": {
                    "_mask": "act__shortest",
                    "act": {
                        "_pool": {
                            "pool": {
                                "name": {
                                    "de-DE": "Dataset A",
                                    "en-US": "Dataset A"
                                },
                                "_id": 33,
                                "_id_parent": 4
                            },
                            "_level": 4,
                            "_path": [
                                {
                                    "pool": {
                                        "name": {
                                            "de-DE": "Alle Pools",
                                            "en-US": "All pools"
                                        },
                                        "_id": 1
                                    },
                                    "_basetype": "pool"
                                },
                                {
                                    "pool": {
                                        "name": {
                                            "de-DE": "Reference Data",
                                            "en-US": "Reference Data"
                                        },
                                        "_id": 3,
                                        "_id_parent": 1
                                    },
                                    "_basetype": "pool"
                                },
                                {
                                    "pool": {
                                        "name": {
                                            "de-DE": "gta Digital",
                                            "en-US": "gta Digital"
                                        },
                                        "_id": 4,
                                        "_id_parent": 3
                                    },
                                    "_basetype": "pool"
                                },
                                {
                                    "pool": {
                                        "name": {
                                            "de-DE": "Dataset A",
                                            "en-US": "Dataset A"
                                        },
                                        "_id": 33,
                                        "_id_parent": 4
                                    },
                                    "_basetype": "pool"
                                }
                            ],
                            "_basetype": "pool"
                        },
                        "_id": 27555,
                        "_id_parent": null,
                        "_version": 20
                    },
                    "_tags": [
                        {
                            "_id": 90
                        },
                        {
                            "_id": 176
                        }
                    ],
                    "_path": [
                        {
                            "_system_object_id": 49391,
                            "act": {
                                "_id": 27555,
                                "_id_parent": null,
                                "_version": 20
                            },
                            "_tags": [
                                {
                                    "_id": 90
                                },
                                {
                                    "_id": 176
                                }
                            ],
                            "_mask": "act__shortest",
                            "_format": "standard",
                            "_objecttype": "act",
                            "_uuid": "a6223c44-7421-40a0-9138-1675648946d9",
                            "_has_children": true,
                            "_standard": {
                                "1": {
                                    "html": {
                                        "it-IT": "<span class=\"ez-output-1\"><span class=\"ez-format-space\">Weder &amp; Prim</span><span class=\"ez-format-square-brackets\">Weder &amp; Prim</span><span class=\"ez-format-round-parentheses\">Ingenieurb&#xFC;ro in Z&#xFC;rich, 1950er-Jahre</span><span class=\"ez-format-round-parentheses\">Engineering firm in Zurich, 1950s</span></span>",
                                        "de-DE": "<span class=\"ez-output-1\"><span class=\"ez-format-space\">Weder &amp; Prim</span><span class=\"ez-format-round-parentheses\">Schweizer Bauingenieurb&#xFC;ro, gegr&#xFC;ndet 1950</span><span class=\"ez-format-square-brackets\">Weder &amp; Prim</span><span class=\"ez-format-round-parentheses\">Ingenieurb&#xFC;ro in Z&#xFC;rich, 1950er-Jahre</span><span class=\"ez-format-round-parentheses\">Engineering firm in Zurich, 1950s</span></span>",
                                        "en-US": "<span class=\"ez-output-1\"><span class=\"ez-format-space\">Weder &amp; Prim</span><span class=\"ez-format-square-brackets\">Weder &amp; Prim</span><span class=\"ez-format-round-parentheses\">Ingenieurb&#xFC;ro in Z&#xFC;rich, 1950er-Jahre</span><span class=\"ez-format-round-parentheses\">Engineering firm in Zurich, 1950s</span></span>",
                                        "fr-FR": "<span class=\"ez-output-1\"><span class=\"ez-format-space\">Weder &amp; Prim</span><span class=\"ez-format-square-brackets\">Weder &amp; Prim</span><span class=\"ez-format-round-parentheses\">Ingenieurb&#xFC;ro in Z&#xFC;rich, 1950er-Jahre</span><span class=\"ez-format-round-parentheses\">Engineering firm in Zurich, 1950s</span></span>"
                                    },
                                    "text": {
                                        "it-IT": "Weder & Prim [Weder & Prim] (Ingenieurbüro in Zürich, 1950er-Jahre) (Engineering firm in Zurich, 1950s)",
                                        "de-DE": "Weder & Prim (Schweizer Bauingenieurbüro, gegründet 1950) [Weder & Prim] (Ingenieurbüro in Zürich, 1950er-Jahre) (Engineering firm in Zurich, 1950s)",
                                        "en-US": "Weder & Prim [Weder & Prim] (Ingenieurbüro in Zürich, 1950er-Jahre) (Engineering firm in Zurich, 1950s)",
                                        "fr-FR": "Weder & Prim [Weder & Prim] (Ingenieurbüro in Zürich, 1950er-Jahre) (Engineering firm in Zurich, 1950s)"
                                    }
                                }
                            },
                            "_global_object_id": "49391@8ef36ec7-a3a5-4d62-acd5-1ee839f35aa5"
                        }
                    ],
                    "_sort": {
                        "it-IT": "Weder & Prim [Weder & Prim] (Ingenieurbüro in Zürich, 1950er-Jahre) (Engineering firm in Zurich, 1950s)Weder & Prim [Weder & Prim] (Ingenieurbüro in Zürich, 1950er-Jahre) (Engineering firm in Zurich, 1950s) {27555} ",
                        "de-DE": "Weder & Prim (Schweizer Bauingenieurbüro, gegründet 1950) [Weder & Prim] (Ingenieurbüro in Zürich, 1950er-Jahre) (Engineering firm in Zurich, 1950s)Weder & Prim (Schweizer Bauingenieurbüro, gegründet 1950) [Weder & Prim] (Ingenieurbüro in Zürich, 1950er-Jahre) (Engineering firm in Zurich, 1950s) {27555} ",
                        "en-US": "Weder & Prim [Weder & Prim] (Ingenieurbüro in Zürich, 1950er-Jahre) (Engineering firm in Zurich, 1950s)Weder & Prim [Weder & Prim] (Ingenieurbüro in Zürich, 1950er-Jahre) (Engineering firm in Zurich, 1950s) {27555} ",
                        "fr-FR": "Weder & Prim [Weder & Prim] (Ingenieurbüro in Zürich, 1950er-Jahre) (Engineering firm in Zurich, 1950s)Weder & Prim [Weder & Prim] (Ingenieurbüro in Zürich, 1950er-Jahre) (Engineering firm in Zurich, 1950s) {27555} "
                    },
                    "_global_object_id": "49391@8ef36ec7-a3a5-4d62-acd5-1ee839f35aa5",
                    "_standard": {
                        "1": {
                            "html": {
                                "it-IT": "<span class=\"ez-output-1\"><span class=\"ez-format-space\">Weder &amp; Prim</span><span class=\"ez-format-square-brackets\">Weder &amp; Prim</span><span class=\"ez-format-round-parentheses\">Ingenieurb&#xFC;ro in Z&#xFC;rich, 1950er-Jahre</span><span class=\"ez-format-round-parentheses\">Engineering firm in Zurich, 1950s</span></span>",
                                "de-DE": "<span class=\"ez-output-1\"><span class=\"ez-format-space\">Weder &amp; Prim</span><span class=\"ez-format-round-parentheses\">Schweizer Bauingenieurb&#xFC;ro, gegr&#xFC;ndet 1950</span><span class=\"ez-format-square-brackets\">Weder &amp; Prim</span><span class=\"ez-format-round-parentheses\">Ingenieurb&#xFC;ro in Z&#xFC;rich, 1950er-Jahre</span><span class=\"ez-format-round-parentheses\">Engineering firm in Zurich, 1950s</span></span>",
                                "en-US": "<span class=\"ez-output-1\"><span class=\"ez-format-space\">Weder &amp; Prim</span><span class=\"ez-format-square-brackets\">Weder &amp; Prim</span><span class=\"ez-format-round-parentheses\">Ingenieurb&#xFC;ro in Z&#xFC;rich, 1950er-Jahre</span><span class=\"ez-format-round-parentheses\">Engineering firm in Zurich, 1950s</span></span>",
                                "fr-FR": "<span class=\"ez-output-1\"><span class=\"ez-format-space\">Weder &amp; Prim</span><span class=\"ez-format-square-brackets\">Weder &amp; Prim</span><span class=\"ez-format-round-parentheses\">Ingenieurb&#xFC;ro in Z&#xFC;rich, 1950er-Jahre</span><span class=\"ez-format-round-parentheses\">Engineering firm in Zurich, 1950s</span></span>"
                            },
                            "text": {
                                "it-IT": "Weder & Prim [Weder & Prim] (Ingenieurbüro in Zürich, 1950er-Jahre) (Engineering firm in Zurich, 1950s)",
                                "de-DE": "Weder & Prim (Schweizer Bauingenieurbüro, gegründet 1950) [Weder & Prim] (Ingenieurbüro in Zürich, 1950er-Jahre) (Engineering firm in Zurich, 1950s)",
                                "en-US": "Weder & Prim [Weder & Prim] (Ingenieurbüro in Zürich, 1950er-Jahre) (Engineering firm in Zurich, 1950s)",
                                "fr-FR": "Weder & Prim [Weder & Prim] (Ingenieurbüro in Zürich, 1950er-Jahre) (Engineering firm in Zurich, 1950s)"
                            }
                        }
                    },
                    "_uuid": "a6223c44-7421-40a0-9138-1675648946d9",
                    "_level": 1,
                    "_has_children": true,
                    "_system_object_id": 49391,
                    "_format": "standard",
                    "_objecttype": "act"
                },
                "oeu_archive_ar_creation_actor_role": {
                    "_mask": "act_role__all_fields",
                    "_tags": [],
                    "_path": [
                        {
                            "_mask": "act_role__all_fields",
                            "_objecttype": "act_role",
                            "_tags": [],
                            "_system_object_id": 639073,
                            "_format": "standard",
                            "_uuid": "d37e37c0-c91b-4ada-a2c0-3698ad72e684",
                            "_has_children": true,
                            "_global_object_id": "639073@8ef36ec7-a3a5-4d62-acd5-1ee839f35aa5",
                            "_standard": {
                                "1": {
                                    "html": {
                                        "it-IT": "<span class=\"ez-output-1\"><span class=\"ez-format-comma\">[Oeuvres/Projects]</span></span>",
                                        "de-DE": "<span class=\"ez-output-1\"><span class=\"ez-format-comma\">[Oeuvres/Projects]</span></span>",
                                        "en-US": "<span class=\"ez-output-1\"><span class=\"ez-format-comma\">[Oeuvres/Projects]</span></span>",
                                        "fr-FR": "<span class=\"ez-output-1\"><span class=\"ez-format-comma\">[Oeuvres/Projects]</span></span>"
                                    },
                                    "text": {
                                        "it-IT": "[Oeuvres/Projects]",
                                        "de-DE": "[Oeuvres/Projects]",
                                        "en-US": "[Oeuvres/Projects]",
                                        "fr-FR": "[Oeuvres/Projects]"
                                    }
                                }
                            },
                            "act_role": {
                                ":inner": [],
                                "_id_parent": null,
                                "_id": 188,
                                ":inner:all": [],
                                "_version": 2
                            }
                        },
                        {
                            "_mask": "act_role__all_fields",
                            "_objecttype": "act_role",
                            "_tags": [],
                            "_system_object_id": 49949,
                            "_format": "standard",
                            "_uuid": "a1e1d619-d742-4f8f-930e-5d08c297bae6",
                            "_has_children": false,
                            "_global_object_id": "49949@8ef36ec7-a3a5-4d62-acd5-1ee839f35aa5",
                            "_standard": {
                                "1": {
                                    "html": {
                                        "it-IT": "<span class=\"ez-output-1\"><span class=\"ez-format-comma\">Ingenieur</span></span>",
                                        "de-DE": "<span class=\"ez-output-1\"><span class=\"ez-format-comma\">Ingenieur</span></span>",
                                        "en-US": "<span class=\"ez-output-1\"><span class=\"ez-format-comma\">Ingenieur</span></span>",
                                        "fr-FR": "<span class=\"ez-output-1\"><span class=\"ez-format-comma\">Ingenieur</span></span>"
                                    },
                                    "text": {
                                        "it-IT": "Ingenieur",
                                        "de-DE": "Ingenieur",
                                        "en-US": "Ingenieur",
                                        "fr-FR": "Ingenieur"
                                    }
                                }
                            },
                            "act_role": {
                                ":inner": [],
                                "_id_parent": 188,
                                "_id": 84,
                                ":inner:all": [],
                                "_version": 2
                            }
                        }
                    ],
                    "_sort": {
                        "it-IT": "Ingenieur                                                       [Oeuvres/Projects] {188} Ingenieur {84} ",
                        "de-DE": "Ingenieur                                                       [Oeuvres/Projects] {188} Ingenieur {84} ",
                        "en-US": "Ingenieur                                                       [Oeuvres/Projects] {188} Ingenieur {84} ",
                        "fr-FR": "Ingenieur                                                       [Oeuvres/Projects] {188} Ingenieur {84} "
                    },
                    "_global_object_id": "49949@8ef36ec7-a3a5-4d62-acd5-1ee839f35aa5",
                    "_standard": {
                        "1": {
                            "html": {
                                "it-IT": "<span class=\"ez-output-1\"><span class=\"ez-format-comma\">Ingenieur</span></span>",
                                "de-DE": "<span class=\"ez-output-1\"><span class=\"ez-format-comma\">Ingenieur</span></span>",
                                "en-US": "<span class=\"ez-output-1\"><span class=\"ez-format-comma\">Ingenieur</span></span>",
                                "fr-FR": "<span class=\"ez-output-1\"><span class=\"ez-format-comma\">Ingenieur</span></span>"
                            },
                            "text": {
                                "it-IT": "Ingenieur",
                                "de-DE": "Ingenieur",
                                "en-US": "Ingenieur",
                                "fr-FR": "Ingenieur"
                            }
                        }
                    },
                    "_uuid": "a1e1d619-d742-4f8f-930e-5d08c297bae6",
                    "_level": 2,
                    "_has_children": false,
                    "_system_object_id": 49949,
                    "_format": "standard",
                    "_objecttype": "act_role",
                    "act_role": {
                        ":inner": [],
                        "_id_parent": 188,
                        "_id": 84,
                        ":inner:all": [],
                        "_version": 2
                    }
                },
                "_standard": {}
            }
        ]
    },
    "_published": [],
    "_path": [
        {
            "_system_object_id": 116125,
            "oeu": {
                ":inner": [],
                "_id_parent": null,
                "_id": 21481,
                ":inner:all": [],
                "_version": 15
            },
            "_mask": "oeu__all_fields",
            "_objecttype": "oeu",
            "_tags": [
                {
                    "_id": 19
                },
                {
                    "_id": 91
                },
                {
                    "_id": 53
                }
            ],
            "_format": "standard",
            "_uuid": "e0848078-deb1-4fb2-af4f-740a9275bdd1",
            "_has_children": true,
            "_global_object_id": "116125@8ef36ec7-a3a5-4d62-acd5-1ee839f35aa5",
            "_standard": {
                "1": {
                    "html": {
                        "it-IT": "<span class=\"ez-output-1\"><span class=\"ez-format-space\">Losone, Via dei Pioppi (Stra&#xDF;e)</span></span>",
                        "de-DE": "<span class=\"ez-output-1\"><span class=\"ez-format-space\">Agie SA</span><span class=\"ez-format-space\">Losone, Via dei Pioppi (Stra&#xDF;e)</span></span>",
                        "en-US": "<span class=\"ez-output-1\"><span class=\"ez-format-space\">Losone, Via dei Pioppi (roads)</span></span>",
                        "fr-FR": "<span class=\"ez-output-1\"><span class=\"ez-format-space\">Losone, Via dei Pioppi (Stra&#xDF;e)</span></span>"
                    },
                    "text": {
                        "it-IT": "Losone, Via dei Pioppi (Straße)",
                        "de-DE": "Agie SA Losone, Via dei Pioppi (Straße)",
                        "en-US": "Losone, Via dei Pioppi (roads)",
                        "fr-FR": "Losone, Via dei Pioppi (Straße)"
                    }
                },
                "2": {
                    "html": {
                        "it-IT": "<span class=\"ez-format-space\">Isler, Heinz [Isler, Heinz] (Schweizer Ingenieur, geboren 1926) (Swiss engineer, born 1926)</span><span class=\"ez-format-brackets\">Ingenieur</span><span class=\"ez-format-space\">Weder &amp; Prim [Weder &amp; Prim] (Ingenieurb&#xFC;ro in Z&#xFC;rich, 1950er-Jahre) (Engineering firm in Zurich, 1950s)</span><span class=\"ez-format-brackets\">Ingenieur</span>",
                        "de-DE": "<span class=\"ez-format-space\">Isler, Heinz (Schweizer Bauingenieur, 1926-2009) [Isler, Heinz] (Schweizer Ingenieur, geboren 1926) (Swiss engineer, born 1926)</span><span class=\"ez-format-brackets\">Ingenieur</span><span class=\"ez-format-space\">Weder &amp; Prim (Schweizer Bauingenieurb&#xFC;ro, gegr&#xFC;ndet 1950) [Weder &amp; Prim] (Ingenieurb&#xFC;ro in Z&#xFC;rich, 1950er-Jahre) (Engineering firm in Zurich, 1950s)</span><span class=\"ez-format-brackets\">Ingenieur</span>",
                        "en-US": "<span class=\"ez-format-space\">Isler, Heinz [Isler, Heinz] (Schweizer Ingenieur, geboren 1926) (Swiss engineer, born 1926)</span><span class=\"ez-format-brackets\">Ingenieur</span><span class=\"ez-format-space\">Weder &amp; Prim [Weder &amp; Prim] (Ingenieurb&#xFC;ro in Z&#xFC;rich, 1950er-Jahre) (Engineering firm in Zurich, 1950s)</span><span class=\"ez-format-brackets\">Ingenieur</span>",
                        "fr-FR": "<span class=\"ez-format-space\">Isler, Heinz [Isler, Heinz] (Schweizer Ingenieur, geboren 1926) (Swiss engineer, born 1926)</span><span class=\"ez-format-brackets\">Ingenieur</span><span class=\"ez-format-space\">Weder &amp; Prim [Weder &amp; Prim] (Ingenieurb&#xFC;ro in Z&#xFC;rich, 1950er-Jahre) (Engineering firm in Zurich, 1950s)</span><span class=\"ez-format-brackets\">Ingenieur</span>"
                    },
                    "text": {
                        "it-IT": "Isler, Heinz [Isler, Heinz] (Schweizer Ingenieur, geboren 1926) (Swiss engineer, born 1926) <Ingenieur> Weder & Prim [Weder & Prim] (Ingenieurbüro in Zürich, 1950er-Jahre) (Engineering firm in Zurich, 1950s) <Ingenieur>",
                        "de-DE": "Isler, Heinz (Schweizer Bauingenieur, 1926-2009) [Isler, Heinz] (Schweizer Ingenieur, geboren 1926) (Swiss engineer, born 1926) <Ingenieur> Weder & Prim (Schweizer Bauingenieurbüro, gegründet 1950) [Weder & Prim] (Ingenieurbüro in Zürich, 1950er-Jahre) (Engineering firm in Zurich, 1950s) <Ingenieur>",
                        "en-US": "Isler, Heinz [Isler, Heinz] (Schweizer Ingenieur, geboren 1926) (Swiss engineer, born 1926) <Ingenieur> Weder & Prim [Weder & Prim] (Ingenieurbüro in Zürich, 1950er-Jahre) (Engineering firm in Zurich, 1950s) <Ingenieur>",
                        "fr-FR": "Isler, Heinz [Isler, Heinz] (Schweizer Ingenieur, geboren 1926) (Swiss engineer, born 1926) <Ingenieur> Weder & Prim [Weder & Prim] (Ingenieurbüro in Zürich, 1950er-Jahre) (Engineering firm in Zurich, 1950s) <Ingenieur>"
                    }
                },
                "3": {
                    "html": {
                        "it-IT": "<span class=\"ez-format-space\">1956</span><span class=\"ez-format-round-parentheses\">ungenau</span>",
                        "de-DE": "<span class=\"ez-format-space\">1956</span><span class=\"ez-format-round-parentheses\">ungenau</span>",
                        "en-US": "<span class=\"ez-format-space\">1956</span><span class=\"ez-format-round-parentheses\">imprecise</span>",
                        "fr-FR": "<span class=\"ez-format-space\">1956</span><span class=\"ez-format-round-parentheses\">ungenau</span>"
                    },
                    "text": {
                        "it-IT": "1956 (ungenau)",
                        "de-DE": "1956 (ungenau)",
                        "en-US": "1956 (imprecise)",
                        "fr-FR": "1956 (ungenau)"
                    }
                }
            }
        }
    ],
    "_created": "2020-01-16T20:54:31Z",
    "_published_count": 0,
    "_mask": "oeu__all_fields",
    "_uuid": "e0848078-deb1-4fb2-af4f-740a9275bdd1",
    "_last_modified": "2021-07-23T12:00:55Z",
    "_objecttype": "oeu",
    "_has_children": true,
    "_global_object_id": "116125@8ef36ec7-a3a5-4d62-acd5-1ee839f35aa5",
    "_standard": {
        "1": {
            "html": {
                "de-DE": "<span class=\"ez-output-1\"><span class=\"ez-format-space\">Agie SA</span><span class=\"ez-format-space\">Losone, Via dei Pioppi (Stra&#xDF;e)</span></span>",
                "en-US": "<span class=\"ez-output-1\"><span class=\"ez-format-space\">Losone, Via dei Pioppi (roads)</span></span>"
            },
            "text": {
                "de-DE": "Agie SA Losone, Via dei Pioppi (Straße)",
                "en-US": "Losone, Via dei Pioppi (roads)"
            }
        },
        "2": {
            "html": {
                "de-DE": "<span class=\"ez-format-space\">Isler, Heinz (Schweizer Bauingenieur, 1926-2009) [Isler, Heinz] (Schweizer Ingenieur, geboren 1926) (Swiss engineer, born 1926)</span><span class=\"ez-format-brackets\">Ingenieur</span><span class=\"ez-format-space\">Weder &amp; Prim (Schweizer Bauingenieurb&#xFC;ro, gegr&#xFC;ndet 1950) [Weder &amp; Prim] (Ingenieurb&#xFC;ro in Z&#xFC;rich, 1950er-Jahre) (Engineering firm in Zurich, 1950s)</span><span class=\"ez-format-brackets\">Ingenieur</span>",
                "en-US": "<span class=\"ez-format-space\">Isler, Heinz [Isler, Heinz] (Schweizer Ingenieur, geboren 1926) (Swiss engineer, born 1926)</span><span class=\"ez-format-brackets\">Ingenieur</span><span class=\"ez-format-space\">Weder &amp; Prim [Weder &amp; Prim] (Ingenieurb&#xFC;ro in Z&#xFC;rich, 1950er-Jahre) (Engineering firm in Zurich, 1950s)</span><span class=\"ez-format-brackets\">Ingenieur</span>"
            },
            "text": {
                "de-DE": "Isler, Heinz (Schweizer Bauingenieur, 1926-2009) [Isler, Heinz] (Schweizer Ingenieur, geboren 1926) (Swiss engineer, born 1926) <Ingenieur> Weder & Prim (Schweizer Bauingenieurbüro, gegründet 1950) [Weder & Prim] (Ingenieurbüro in Zürich, 1950er-Jahre) (Engineering firm in Zurich, 1950s) <Ingenieur>",
                "en-US": "Isler, Heinz [Isler, Heinz] (Schweizer Ingenieur, geboren 1926) (Swiss engineer, born 1926) <Ingenieur> Weder & Prim [Weder & Prim] (Ingenieurbüro in Zürich, 1950er-Jahre) (Engineering firm in Zurich, 1950s) <Ingenieur>"
            }
        },
        "3": {
            "html": {
                "de-DE": "<span class=\"ez-format-space\">1956</span><span class=\"ez-format-round-parentheses\">ungenau</span>",
                "en-US": "<span class=\"ez-format-space\">1956</span><span class=\"ez-format-round-parentheses\">imprecise</span>"
            },
            "text": {
                "de-DE": "1956 (ungenau)",
                "en-US": "1956 (imprecise)"
            }
        }
    },
    "_format": "long",
    "_level": 1,
    "_sort": [
        116125
    ]
}