{
    "_system_object_id": 189516,
    "_tags": [
        {
            "_id": 20,
            "_name": {
                "de-DE": "Correspondance Boesigerliste",
                "en-US": "Correspondance Boesigerliste"
            }
        },
        {
            "_id": 39,
            "_name": {
                "de-DE": "Presumable_Duplicate",
                "en-US": "Presumable_Duplicate"
            }
        },
        {
            "_id": 19,
            "_name": {
                "de-DE": "Select Isler Project",
                "en-US": "Select Isler Project"
            }
        },
        {
            "_id": 54,
            "_name": {
                "de-DE": "Verify Hierarchy",
                "en-US": "Verify Hierarchy"
            }
        },
        {
            "_id": 163,
            "_name": {
                "de-DE": "OK",
                "en-US": "OK"
            }
        },
        {
            "_id": 7,
            "_name": {
                "de-DE": "New",
                "en-US": "New"
            }
        }
    ],
    "_exported_at": "2022-09-09T13:51:36+02:00",
    "oeu": {
        "oeu_nc_name": {
            "de-DE": "Entrepot et bureaux"
        },
        "oeu_descr_notes": "Lagerhalle",
        ":inner": [],
        "_id": 22550,
        "oeu_import_missing_term_place": false,
        "oeu_isler_subst_surface_value": 108600,
        "_id_parent": 22542,
        "_pool": {
            "pool": {
                "name": {
                    "de-DE": "gta Isler",
                    "en-US": "gta Isler"
                },
                "_id": 95,
                "_id_parent": 91
            },
            "_level": 5,
            "_path": [
                {
                    "pool": {
                        "name": {
                            "de-DE": "Alle Pools",
                            "en-US": "All pools"
                        },
                        "_id": 1
                    },
                    "_basetype": "pool"
                },
                {
                    "pool": {
                        "name": {
                            "de-DE": "Reference Data",
                            "en-US": "Reference Data"
                        },
                        "_id": 3,
                        "_id_parent": 1
                    },
                    "_basetype": "pool"
                },
                {
                    "pool": {
                        "name": {
                            "de-DE": "Generic",
                            "en-US": "Generic"
                        },
                        "_id": 90,
                        "_id_parent": 3
                    },
                    "_basetype": "pool"
                },
                {
                    "pool": {
                        "name": {
                            "de-DE": "gta Institute",
                            "en-US": "gta Institute"
                        },
                        "_id": 91,
                        "_id_parent": 90
                    },
                    "_basetype": "pool"
                },
                {
                    "pool": {
                        "name": {
                            "de-DE": "gta Isler",
                            "en-US": "gta Isler"
                        },
                        "_id": 95,
                        "_id_parent": 91
                    },
                    "_basetype": "pool"
                }
            ],
            "_basetype": "pool"
        },
        "_nested:oeu__oeu_archive_doc_source": [
            {
                "oeu_archive_doc_source_item": {
                    "_mask": "generic_source__all_fields",
                    "generic_source_new": {
                        "_id_parent": null,
                        "_id": 4,
                        ":inner": [],
                        "_pool": {
                            "pool": {
                                "name": {
                                    "de-DE": "gta Isler",
                                    "en-US": "gta Isler"
                                },
                                "_id": 34,
                                "_id_parent": 3
                            },
                            "_level": 3,
                            "_path": [
                                {
                                    "pool": {
                                        "name": {
                                            "de-DE": "Alle Pools",
                                            "en-US": "All pools"
                                        },
                                        "_id": 1
                                    },
                                    "_basetype": "pool"
                                },
                                {
                                    "pool": {
                                        "name": {
                                            "de-DE": "Reference Data",
                                            "en-US": "Reference Data"
                                        },
                                        "_id": 3,
                                        "_id_parent": 1
                                    },
                                    "_basetype": "pool"
                                },
                                {
                                    "pool": {
                                        "name": {
                                            "de-DE": "gta Isler",
                                            "en-US": "gta Isler"
                                        },
                                        "_id": 34,
                                        "_id_parent": 3
                                    },
                                    "_basetype": "pool"
                                }
                            ],
                            "_basetype": "pool"
                        },
                        ":inner:all": [],
                        "_version": 6
                    },
                    "_system_object_id": 149856,
                    "_tags": [
                        {
                            "_id": 7
                        }
                    ],
                    "_path": [
                        {
                            "_mask": "generic_source__all_fields",
                            "_system_object_id": 149856,
                            "generic_source_new": {
                                ":inner": [],
                                "_id_parent": null,
                                "_id": 4,
                                ":inner:all": [],
                                "_version": 6
                            },
                            "_tags": [
                                {
                                    "_id": 7
                                }
                            ],
                            "_format": "standard",
                            "_objecttype": "generic_source_new",
                            "_uuid": "2ad3dd81-baa2-4366-abfa-66f84d62d8fa",
                            "_has_children": false,
                            "_global_object_id": "149856@8ef36ec7-a3a5-4d62-acd5-1ee839f35aa5",
                            "_standard": {
                                "1": {
                                    "html": {
                                        "it-IT": "<span class=\"ez-output-1\"><span class=\"ez-format-square-brackets\">B&#xF6;esigerliste A2</span></span>",
                                        "de-DE": "<span class=\"ez-output-1\"><span class=\"ez-format-space\">B&#xF6;esigerliste A2</span><span class=\"ez-format-square-brackets\">B&#xF6;esigerliste A2</span></span>",
                                        "en-US": "<span class=\"ez-output-1\"><span class=\"ez-format-space\">B&#xF6;esigerliste A2</span><span class=\"ez-format-square-brackets\">B&#xF6;esigerliste A2</span></span>",
                                        "fr-FR": "<span class=\"ez-output-1\"><span class=\"ez-format-square-brackets\">B&#xF6;esigerliste A2</span></span>"
                                    },
                                    "text": {
                                        "it-IT": "[Böesigerliste A2]",
                                        "de-DE": "Böesigerliste A2 [Böesigerliste A2]",
                                        "en-US": "Böesigerliste A2 [Böesigerliste A2]",
                                        "fr-FR": "[Böesigerliste A2]"
                                    }
                                },
                                "eas": {
                                    "1": [
                                        {
                                            "status": "done",
                                            "class_extension": "office.pdf",
                                            "technical_metadata": {
                                                "file_sha224_checksum": "bf2a16486d2f670b5673942156f262dd216edf038cbc5fe20020f0e2",
                                                "pages": 10
                                            },
                                            "date_inserted": "2020-04-08T21:47:51Z",
                                            "filesize": 3255486,
                                            "eas_parent_id": null,
                                            "date_uploaded": "2020-02-24T14:22:29Z",
                                            "class_version_status": [
                                                "office.small.done",
                                                "office.preview.done",
                                                "office.original.done"
                                            ],
                                            "original_filename_basename": "Boesiger-A2-Industrieschalen-Ausland",
                                            "extension": "pdf",
                                            "original_filepath": "Boesiger-A2-Industrieschalen-Ausland.pdf",
                                            "class": "office",
                                            "original_filename": "Boesiger-A2-Industrieschalen-Ausland.pdf",
                                            "class_version_extension": [
                                                "office.small.jpg",
                                                "office.preview.png",
                                                "office.original.pdf"
                                            ],
                                            "versions": {
                                                "small": {
                                                    "filesize": 7817,
                                                    "height": 355,
                                                    "has_more_jobs": false,
                                                    "class": "image",
                                                    "width": 250,
                                                    "url": "https://collections.gta.arch.ethz.ch/eas/partitions-inline/2/0/22000/22851/a5b7da947a38661bb581101972b7b8dbe78399df/image/jpeg",
                                                    "status": "done",
                                                    "extension": "jpg",
                                                    "aspect_ratio": 0.70399999618530273,
                                                    "dpi": 1,
                                                    "download_url": "https://collections.gta.arch.ethz.ch/eas/partitions/2/0/22000/22851/a5b7da947a38661bb581101972b7b8dbe78399df/image/jpeg/Boesiger-A2-Industrieschalen-Ausland-small.jpg",
                                                    "_download_allowed": false
                                                }
                                            },
                                            "_id": 22851,
                                            "preferred": true,
                                            "pages_allowed": false
                                        }
                                    ]
                                },
                                "3": {
                                    "html": {
                                        "de-DE": "<span class=\"ez-format-square-brackets\">#150226</span>"
                                    },
                                    "text": {
                                        "de-DE": "[#150226]"
                                    }
                                }
                            }
                        }
                    ],
                    "_uuid": "2ad3dd81-baa2-4366-abfa-66f84d62d8fa",
                    "_sort": {
                        "it-IT": "[Böesigerliste A2]                                             [Böesigerliste A2] {4} ",
                        "de-DE": "Böesigerliste A2 [Böesigerliste A2]                           Böesigerliste A2 [Böesigerliste A2] {4} ",
                        "en-US": "Böesigerliste A2 [Böesigerliste A2]                           Böesigerliste A2 [Böesigerliste A2] {4} ",
                        "fr-FR": "[Böesigerliste A2]                                             [Böesigerliste A2] {4} "
                    },
                    "_global_object_id": "149856@8ef36ec7-a3a5-4d62-acd5-1ee839f35aa5",
                    "_standard": {
                        "1": {
                            "html": {
                                "it-IT": "<span class=\"ez-output-1\"><span class=\"ez-format-square-brackets\">B&#xF6;esigerliste A2</span></span>",
                                "de-DE": "<span class=\"ez-output-1\"><span class=\"ez-format-space\">B&#xF6;esigerliste A2</span><span class=\"ez-format-square-brackets\">B&#xF6;esigerliste A2</span></span>",
                                "en-US": "<span class=\"ez-output-1\"><span class=\"ez-format-space\">B&#xF6;esigerliste A2</span><span class=\"ez-format-square-brackets\">B&#xF6;esigerliste A2</span></span>",
                                "fr-FR": "<span class=\"ez-output-1\"><span class=\"ez-format-square-brackets\">B&#xF6;esigerliste A2</span></span>"
                            },
                            "text": {
                                "it-IT": "[Böesigerliste A2]",
                                "de-DE": "Böesigerliste A2 [Böesigerliste A2]",
                                "en-US": "Böesigerliste A2 [Böesigerliste A2]",
                                "fr-FR": "[Böesigerliste A2]"
                            }
                        },
                        "eas": {
                            "1": [
                                {
                                    "status": "done",
                                    "class_extension": "office.pdf",
                                    "technical_metadata": {
                                        "file_sha224_checksum": "bf2a16486d2f670b5673942156f262dd216edf038cbc5fe20020f0e2",
                                        "pages": 10
                                    },
                                    "date_inserted": "2020-04-08T21:47:51Z",
                                    "filesize": 3255486,
                                    "eas_parent_id": null,
                                    "date_uploaded": "2020-02-24T14:22:29Z",
                                    "class_version_status": [
                                        "office.small.done",
                                        "office.preview.done",
                                        "office.original.done"
                                    ],
                                    "original_filename_basename": "Boesiger-A2-Industrieschalen-Ausland",
                                    "extension": "pdf",
                                    "original_filepath": "Boesiger-A2-Industrieschalen-Ausland.pdf",
                                    "class": "office",
                                    "original_filename": "Boesiger-A2-Industrieschalen-Ausland.pdf",
                                    "class_version_extension": [
                                        "office.small.jpg",
                                        "office.preview.png",
                                        "office.original.pdf"
                                    ],
                                    "versions": {
                                        "small": {
                                            "filesize": 7817,
                                            "height": 355,
                                            "has_more_jobs": false,
                                            "class": "image",
                                            "width": 250,
                                            "url": "https://collections.gta.arch.ethz.ch/eas/partitions-inline/2/0/22000/22851/a5b7da947a38661bb581101972b7b8dbe78399df/image/jpeg",
                                            "status": "done",
                                            "extension": "jpg",
                                            "aspect_ratio": 0.70399999618530273,
                                            "dpi": 1,
                                            "download_url": "https://collections.gta.arch.ethz.ch/eas/partitions/2/0/22000/22851/a5b7da947a38661bb581101972b7b8dbe78399df/image/jpeg/Boesiger-A2-Industrieschalen-Ausland-small.jpg",
                                            "_download_allowed": false
                                        }
                                    },
                                    "_id": 22851,
                                    "preferred": true,
                                    "pages_allowed": false
                                }
                            ]
                        },
                        "3": {
                            "html": {
                                "de-DE": "<span class=\"ez-format-square-brackets\">#150226</span>"
                            },
                            "text": {
                                "de-DE": "[#150226]"
                            }
                        }
                    },
                    "_level": 1,
                    "_has_children": false,
                    "_format": "standard",
                    "_objecttype": "generic_source_new"
                },
                "oeu_archive_doc_source_page": "7",
                "_standard": {}
            }
        ],
        "oeu_isler_name": {
            "de-DE": "Entrepot et Bureaux",
            "en-US": "Entrepot et Bureaux"
        },
        "oeu_archive_exist_destruct_timespan": {
            "_middle": "1974-07-02T11:59:59Z",
            "_from": "1974-01-01T00:00:00Z",
            "from": "1974",
            "to": "1974",
            "_to": "1974-12-31T23:59:59Z"
        },
        "oeu_import_missing_term_person": false,
        "oeu_dc_note": "von Bösigerliste übernommen und neu angelegt, Existence / Construction Place fehlt noch !",
        "oeu_descr_description": {
            "de-DE": "Lagerhalle"
        },
        "_nested:oeu__oeu_isler_nc_name_alt": [
            {
                "oeu_isler_nc_name_alt_literal": "Entrepot et bureaux, Velizy / Paris",
                "oeu_isler_nc_name_alt_lang": {
                    "_system_object_id": 111435,
                    "generic_lang": {
                        ":inner": [],
                        "_id_parent": null,
                        "_id": 4,
                        ":inner:all": [],
                        "_version": 5
                    },
                    "_path": [
                        {
                            "generic_lang": {
                                ":inner": [],
                                "_id_parent": null,
                                "_id": 4,
                                ":inner:all": [],
                                "_version": 5
                            },
                            "_mask": "generic_lang__all_fields",
                            "_objecttype": "generic_lang",
                            "_system_object_id": 111435,
                            "_format": "standard",
                            "_uuid": "21242efd-1103-46c8-b60e-f16f9ad5530e",
                            "_has_children": true,
                            "_standard": {
                                "1": {
                                    "html": {
                                        "it-IT": "<span class=\"ez-output-1\"><span class=\"ez-format-comma\">fr</span></span>",
                                        "de-DE": "<span class=\"ez-output-1\"><span class=\"ez-format-comma\">fr</span></span>",
                                        "en-US": "<span class=\"ez-output-1\"><span class=\"ez-format-comma\">fr</span></span>",
                                        "fr-FR": "<span class=\"ez-output-1\"><span class=\"ez-format-comma\">fr</span></span>"
                                    },
                                    "text": {
                                        "it-IT": "fr",
                                        "de-DE": "fr",
                                        "en-US": "fr",
                                        "fr-FR": "fr"
                                    }
                                }
                            },
                            "_global_object_id": "111435@8ef36ec7-a3a5-4d62-acd5-1ee839f35aa5"
                        }
                    ],
                    "_level": 1,
                    "_has_children": true,
                    "_mask": "generic_lang__all_fields",
                    "_format": "standard",
                    "_uuid": "21242efd-1103-46c8-b60e-f16f9ad5530e",
                    "_objecttype": "generic_lang",
                    "_sort": {
                        "it-IT": "fr                                                              fr {4} ",
                        "de-DE": "fr                                                              fr {4} ",
                        "en-US": "fr                                                              fr {4} ",
                        "fr-FR": "fr                                                              fr {4} "
                    },
                    "_global_object_id": "111435@8ef36ec7-a3a5-4d62-acd5-1ee839f35aa5",
                    "_standard": {
                        "1": {
                            "html": {
                                "it-IT": "<span class=\"ez-output-1\"><span class=\"ez-format-comma\">fr</span></span>",
                                "de-DE": "<span class=\"ez-output-1\"><span class=\"ez-format-comma\">fr</span></span>",
                                "en-US": "<span class=\"ez-output-1\"><span class=\"ez-format-comma\">fr</span></span>",
                                "fr-FR": "<span class=\"ez-output-1\"><span class=\"ez-format-comma\">fr</span></span>"
                            },
                            "text": {
                                "it-IT": "fr",
                                "de-DE": "fr",
                                "en-US": "fr",
                                "fr-FR": "fr"
                            }
                        }
                    }
                },
                "_standard": {}
            }
        ],
        "_version": 15,
        ":inner:all": [],
        "_nested:oeu__oeu_isler_subst_shell": [
            {
                "oeu_isler_subst_shell_type": {
                    "_mask": "oeu_shell__all_fields",
                    "_level": 1,
                    "_has_children": false,
                    "typology_shell": {
                        "_id_parent": null,
                        "_id": 5,
                        ":inner": [],
                        "_pool": {
                            "pool": {
                                "name": {
                                    "de-DE": "gta Isler",
                                    "en-US": "gta Isler"
                                },
                                "_id": 12,
                                "_id_parent": 11
                            },
                            "_level": 3,
                            "_path": [
                                {
                                    "pool": {
                                        "name": {
                                            "de-DE": "Alle Pools",
                                            "en-US": "All pools"
                                        },
                                        "_id": 1
                                    },
                                    "_basetype": "pool"
                                },
                                {
                                    "pool": {
                                        "name": {
                                            "de-DE": "Terminology",
                                            "en-US": "Terminology"
                                        },
                                        "_id": 11,
                                        "_id_parent": 1
                                    },
                                    "_basetype": "pool"
                                },
                                {
                                    "pool": {
                                        "name": {
                                            "de-DE": "gta Isler",
                                            "en-US": "gta Isler"
                                        },
                                        "_id": 12,
                                        "_id_parent": 11
                                    },
                                    "_basetype": "pool"
                                }
                            ],
                            "_basetype": "pool"
                        },
                        ":inner:all": [],
                        "_version": 3
                    },
                    "_system_object_id": 131572,
                    "_format": "standard",
                    "_path": [
                        {
                            "_mask": "oeu_shell__all_fields",
                            "_has_children": false,
                            "typology_shell": {
                                ":inner": [],
                                "_id_parent": null,
                                "_id": 5,
                                ":inner:all": [],
                                "_version": 3
                            },
                            "_objecttype": "typology_shell",
                            "_system_object_id": 131572,
                            "_format": "standard",
                            "_uuid": "2f1f3516-4214-462b-b6a6-11ad3bce7ab2",
                            "_standard": {
                                "1": {
                                    "html": {
                                        "it-IT": "<span class=\"ez-output-1\"><span class=\"ez-format-comma\">Buckelschale</span></span>",
                                        "de-DE": "<span class=\"ez-output-1\"><span class=\"ez-format-comma\">Buckelschale</span></span>",
                                        "en-US": "<span class=\"ez-output-1\"><span class=\"ez-format-comma\">Humpback shell</span></span>",
                                        "fr-FR": "<span class=\"ez-output-1\"><span class=\"ez-format-comma\">Buckelschale</span></span>"
                                    },
                                    "text": {
                                        "it-IT": "Buckelschale",
                                        "de-DE": "Buckelschale",
                                        "en-US": "Humpback shell",
                                        "fr-FR": "Buckelschale"
                                    }
                                }
                            },
                            "_global_object_id": "131572@8ef36ec7-a3a5-4d62-acd5-1ee839f35aa5"
                        }
                    ],
                    "_uuid": "2f1f3516-4214-462b-b6a6-11ad3bce7ab2",
                    "_objecttype": "typology_shell",
                    "_sort": {
                        "it-IT": "Buckelschale                                                    Buckelschale {5} ",
                        "de-DE": "Buckelschale                                                    Buckelschale {5} ",
                        "en-US": "Humpback shell                                                  Humpback shell {5} ",
                        "fr-FR": "Buckelschale                                                    Buckelschale {5} "
                    },
                    "_global_object_id": "131572@8ef36ec7-a3a5-4d62-acd5-1ee839f35aa5",
                    "_standard": {
                        "1": {
                            "html": {
                                "it-IT": "<span class=\"ez-output-1\"><span class=\"ez-format-comma\">Buckelschale</span></span>",
                                "de-DE": "<span class=\"ez-output-1\"><span class=\"ez-format-comma\">Buckelschale</span></span>",
                                "en-US": "<span class=\"ez-output-1\"><span class=\"ez-format-comma\">Humpback shell</span></span>",
                                "fr-FR": "<span class=\"ez-output-1\"><span class=\"ez-format-comma\">Buckelschale</span></span>"
                            },
                            "text": {
                                "it-IT": "Buckelschale",
                                "de-DE": "Buckelschale",
                                "en-US": "Humpback shell",
                                "fr-FR": "Buckelschale"
                            }
                        }
                    }
                },
                "oeu__isler_subst_shell_nr": 4,
                "_nested:oeu__oeu_isler_subst_shell__oeu_isler_subst_shell_materials": [
                    {
                        "oeu_isler_subst_shell_material": {
                            "_mask": "art_materials__all_fields",
                            "_tags": [
                                {
                                    "_id": 7
                                }
                            ],
                            "_path": [
                                {
                                    "_mask": "art_materials__all_fields",
                                    "_tags": [
                                        {
                                            "_id": 7
                                        }
                                    ],
                                    "_system_object_id": 654025,
                                    "_format": "standard",
                                    "generic_materials": {
                                        ":inner": [],
                                        "_id_parent": null,
                                        "_id": 2,
                                        ":inner:all": [],
                                        "_version": 2
                                    },
                                    "_uuid": "0b744377-5f1f-4a2a-8bdd-1b0bd91e45c0",
                                    "_objecttype": "generic_materials",
                                    "_has_children": true,
                                    "_global_object_id": "654025@8ef36ec7-a3a5-4d62-acd5-1ee839f35aa5",
                                    "_standard": {
                                        "1": {
                                            "html": {
                                                "it-IT": "<span class=\"ez-output-1\"><span class=\"ez-format-space\">Beton</span></span>",
                                                "de-DE": "<span class=\"ez-output-1\"><span class=\"ez-format-space\">Beton</span></span>",
                                                "en-US": "<span class=\"ez-output-1\"><span class=\"ez-format-space\">Beton</span></span>",
                                                "fr-FR": "<span class=\"ez-output-1\"><span class=\"ez-format-space\">Beton</span></span>"
                                            },
                                            "text": {
                                                "it-IT": "Beton",
                                                "de-DE": "Beton",
                                                "en-US": "Beton",
                                                "fr-FR": "Beton"
                                            }
                                        }
                                    }
                                },
                                {
                                    "_mask": "art_materials__all_fields",
                                    "_tags": [
                                        {
                                            "_id": 7
                                        }
                                    ],
                                    "_system_object_id": 654044,
                                    "_format": "standard",
                                    "generic_materials": {
                                        ":inner": [],
                                        "_id_parent": 2,
                                        "_id": 4,
                                        ":inner:all": [],
                                        "_version": 5
                                    },
                                    "_uuid": "8eec7269-f967-493c-aee8-f7a61fdefab6",
                                    "_objecttype": "generic_materials",
                                    "_has_children": true,
                                    "_global_object_id": "654044@8ef36ec7-a3a5-4d62-acd5-1ee839f35aa5",
                                    "_standard": {
                                        "1": {
                                            "html": {
                                                "it-IT": "<span class=\"ez-output-1\"><span class=\"ez-format-space\">Beton, bewehrt</span></span>",
                                                "de-DE": "<span class=\"ez-output-1\"><span class=\"ez-format-space\">Beton, bewehrt</span></span>",
                                                "en-US": "<span class=\"ez-output-1\"><span class=\"ez-format-space\">Concrete, reinforced</span></span>",
                                                "fr-FR": "<span class=\"ez-output-1\"><span class=\"ez-format-space\">Beton, bewehrt</span></span>"
                                            },
                                            "text": {
                                                "it-IT": "Beton, bewehrt",
                                                "de-DE": "Beton, bewehrt",
                                                "en-US": "Concrete, reinforced",
                                                "fr-FR": "Beton, bewehrt"
                                            }
                                        }
                                    }
                                },
                                {
                                    "_mask": "art_materials__all_fields",
                                    "_tags": [
                                        {
                                            "_id": 7
                                        }
                                    ],
                                    "_system_object_id": 654043,
                                    "_format": "standard",
                                    "generic_materials": {
                                        ":inner": [],
                                        "_id_parent": 4,
                                        "_id": 3,
                                        ":inner:all": [],
                                        "_version": 4
                                    },
                                    "_uuid": "45e54f3d-40fb-44af-b098-c6eb583ecf74",
                                    "_objecttype": "generic_materials",
                                    "_has_children": false,
                                    "_global_object_id": "654043@8ef36ec7-a3a5-4d62-acd5-1ee839f35aa5",
                                    "_standard": {
                                        "1": {
                                            "html": {
                                                "it-IT": "<span class=\"ez-output-1\"><span class=\"ez-format-space\">Beton, vorgespannt</span></span>",
                                                "de-DE": "<span class=\"ez-output-1\"><span class=\"ez-format-space\">Beton, vorgespannt</span></span>",
                                                "en-US": "<span class=\"ez-output-1\"><span class=\"ez-format-space\">Concrete, prestressed</span></span>",
                                                "fr-FR": "<span class=\"ez-output-1\"><span class=\"ez-format-space\">Beton, vorgespannt</span></span>"
                                            },
                                            "text": {
                                                "it-IT": "Beton, vorgespannt",
                                                "de-DE": "Beton, vorgespannt",
                                                "en-US": "Concrete, prestressed",
                                                "fr-FR": "Beton, vorgespannt"
                                            }
                                        }
                                    }
                                }
                            ],
                            "generic_materials": {
                                ":inner": [],
                                "_id_parent": 4,
                                "_id": 3,
                                ":inner:all": [],
                                "_version": 4
                            },
                            "_uuid": "45e54f3d-40fb-44af-b098-c6eb583ecf74",
                            "_sort": {
                                "it-IT": "Beton, vorgespannt                                              Beton {2} Beton, bewehrt {4} Beton, vorgespannt {3} ",
                                "de-DE": "Beton, vorgespannt                                              Beton {2} Beton, bewehrt {4} Beton, vorgespannt {3} ",
                                "en-US": "Concrete, prestressed                                           Beton {2} Concrete, reinforced {4} Concrete, prestressed {3} ",
                                "fr-FR": "Beton, vorgespannt                                              Beton {2} Beton, bewehrt {4} Beton, vorgespannt {3} "
                            },
                            "_global_object_id": "654043@8ef36ec7-a3a5-4d62-acd5-1ee839f35aa5",
                            "_standard": {
                                "1": {
                                    "html": {
                                        "it-IT": "<span class=\"ez-output-1\"><span class=\"ez-format-space\">Beton, vorgespannt</span></span>",
                                        "de-DE": "<span class=\"ez-output-1\"><span class=\"ez-format-space\">Beton, vorgespannt</span></span>",
                                        "en-US": "<span class=\"ez-output-1\"><span class=\"ez-format-space\">Concrete, prestressed</span></span>",
                                        "fr-FR": "<span class=\"ez-output-1\"><span class=\"ez-format-space\">Beton, vorgespannt</span></span>"
                                    },
                                    "text": {
                                        "it-IT": "Beton, vorgespannt",
                                        "de-DE": "Beton, vorgespannt",
                                        "en-US": "Concrete, prestressed",
                                        "fr-FR": "Beton, vorgespannt"
                                    }
                                }
                            },
                            "_level": 3,
                            "_has_children": false,
                            "_system_object_id": 654043,
                            "_format": "standard",
                            "_objecttype": "generic_materials"
                        },
                        "_standard": {}
                    }
                ],
                "oeu_isler_subst_shell_measurement_value": "16.48 x 16.48",
                "_standard": {}
            }
        ],
        "oeu_isler_subst_surface_unit": {
            "_level": 2,
            "_has_children": false,
            "_mask": "generic_dimensions__all_fields",
            "_system_object_id": 149851,
            "_uuid": "d8f89ff5-1d4f-450c-a0cb-32acd449cc1a",
            "_format": "standard",
            "generic_dimensions": {
                ":inner": [],
                "_id_parent": 1,
                "_id": 3,
                ":inner:all": [],
                "_version": 2
            },
            "_path": [
                {
                    "_mask": "generic_dimensions__all_fields",
                    "_objecttype": "generic_dimensions",
                    "_system_object_id": 149849,
                    "_uuid": "efd600c9-62a0-48a0-9123-8774369290c1",
                    "_format": "standard",
                    "generic_dimensions": {
                        ":inner": [],
                        "_id_parent": null,
                        "_id": 1,
                        ":inner:all": [],
                        "_version": 3
                    },
                    "_has_children": true,
                    "_standard": {
                        "1": {
                            "html": {
                                "it-IT": "<span class=\"ez-output-1\"><span class=\"ez-format-square-brackets\">[metrisch]</span></span>",
                                "de-DE": "<span class=\"ez-output-1\"><span class=\"ez-format-square-brackets\">[metrisch]</span></span>",
                                "en-US": "<span class=\"ez-output-1\"><span class=\"ez-format-square-brackets\">[metrisch]</span></span>",
                                "fr-FR": "<span class=\"ez-output-1\"><span class=\"ez-format-square-brackets\">[metrisch]</span></span>"
                            },
                            "text": {
                                "it-IT": "[[metrisch]]",
                                "de-DE": "[[metrisch]]",
                                "en-US": "[[metrisch]]",
                                "fr-FR": "[[metrisch]]"
                            }
                        }
                    },
                    "_global_object_id": "149849@8ef36ec7-a3a5-4d62-acd5-1ee839f35aa5"
                },
                {
                    "_mask": "generic_dimensions__all_fields",
                    "_objecttype": "generic_dimensions",
                    "_system_object_id": 149851,
                    "_uuid": "d8f89ff5-1d4f-450c-a0cb-32acd449cc1a",
                    "_format": "standard",
                    "generic_dimensions": {
                        ":inner": [],
                        "_id_parent": 1,
                        "_id": 3,
                        ":inner:all": [],
                        "_version": 2
                    },
                    "_has_children": false,
                    "_standard": {
                        "1": {
                            "html": {
                                "it-IT": "<span class=\"ez-output-1\"><span class=\"ez-format-square-brackets\">m2</span></span>",
                                "de-DE": "<span class=\"ez-output-1\"><span class=\"ez-format-square-brackets\">m2</span></span>",
                                "en-US": "<span class=\"ez-output-1\"><span class=\"ez-format-square-brackets\">m2</span></span>",
                                "fr-FR": "<span class=\"ez-output-1\"><span class=\"ez-format-square-brackets\">m2</span></span>"
                            },
                            "text": {
                                "it-IT": "[m2]",
                                "de-DE": "[m2]",
                                "en-US": "[m2]",
                                "fr-FR": "[m2]"
                            }
                        }
                    },
                    "_global_object_id": "149851@8ef36ec7-a3a5-4d62-acd5-1ee839f35aa5"
                }
            ],
            "_objecttype": "generic_dimensions",
            "_sort": {
                "it-IT": "[m2]                                                            [[metrisch]] {1} [m2] {3} ",
                "de-DE": "[m2]                                                            [[metrisch]] {1} [m2] {3} ",
                "en-US": "[m2]                                                            [[metrisch]] {1} [m2] {3} ",
                "fr-FR": "[m2]                                                            [[metrisch]] {1} [m2] {3} "
            },
            "_global_object_id": "149851@8ef36ec7-a3a5-4d62-acd5-1ee839f35aa5",
            "_standard": {
                "1": {
                    "html": {
                        "it-IT": "<span class=\"ez-output-1\"><span class=\"ez-format-square-brackets\">m2</span></span>",
                        "de-DE": "<span class=\"ez-output-1\"><span class=\"ez-format-square-brackets\">m2</span></span>",
                        "en-US": "<span class=\"ez-output-1\"><span class=\"ez-format-square-brackets\">m2</span></span>",
                        "fr-FR": "<span class=\"ez-output-1\"><span class=\"ez-format-square-brackets\">m2</span></span>"
                    },
                    "text": {
                        "it-IT": "[m2]",
                        "de-DE": "[m2]",
                        "en-US": "[m2]",
                        "fr-FR": "[m2]"
                    }
                }
            }
        }
    },
    "_published": [],
    "_path": [
        {
            "_system_object_id": 172528,
            "oeu": {
                ":inner": [],
                "_id_parent": null,
                "_id": 22542,
                ":inner:all": [],
                "_version": 9
            },
            "_mask": "oeu__all_fields",
            "_objecttype": "oeu",
            "_tags": [
                {
                    "_id": 19
                },
                {
                    "_id": 7
                }
            ],
            "_format": "standard",
            "_uuid": "ef905d6d-6da6-4bdb-88fb-62a9ee709b31",
            "_has_children": true,
            "_global_object_id": "172528@8ef36ec7-a3a5-4d62-acd5-1ee839f35aa5",
            "_standard": {
                "1": {
                    "html": {
                        "it-IT": "<span class=\"ez-output-1\"><span class=\"ez-format-space\">[B&#xF6;siger List, remaining Items ]</span></span>",
                        "de-DE": "<span class=\"ez-output-1\"><span class=\"ez-format-space\">[B&#xF6;siger List, remaining Items ]</span></span>",
                        "en-US": "<span class=\"ez-output-1\"><span class=\"ez-format-space\">[B&#xF6;siger List, remaining Items ]</span></span>",
                        "fr-FR": "<span class=\"ez-output-1\"><span class=\"ez-format-space\">[B&#xF6;siger List, remaining Items ]</span></span>"
                    },
                    "text": {
                        "it-IT": "[Bösiger List, remaining Items ]",
                        "de-DE": "[Bösiger List, remaining Items ]",
                        "en-US": "[Bösiger List, remaining Items ]",
                        "fr-FR": "[Bösiger List, remaining Items ]"
                    }
                }
            }
        },
        {
            "_system_object_id": 189516,
            "oeu": {
                ":inner": [],
                "_id_parent": 22542,
                "_id": 22550,
                ":inner:all": [],
                "_version": 15
            },
            "_mask": "oeu__all_fields",
            "_objecttype": "oeu",
            "_tags": [
                {
                    "_id": 20
                },
                {
                    "_id": 39
                },
                {
                    "_id": 19
                },
                {
                    "_id": 54
                },
                {
                    "_id": 163
                },
                {
                    "_id": 7
                }
            ],
            "_format": "standard",
            "_uuid": "412c8960-34af-42a5-9da1-945028e8ff34",
            "_has_children": false,
            "_global_object_id": "189516@8ef36ec7-a3a5-4d62-acd5-1ee839f35aa5",
            "_standard": {
                "1": {
                    "html": {
                        "it-IT": "<span class=\"ez-output-1\"><span class=\"ez-format-space\">Entrepot et bureaux</span><span class=\"ez-format-square-brackets\">Entrepot et Bureaux</span></span>",
                        "de-DE": "<span class=\"ez-output-1\"><span class=\"ez-format-space\">Entrepot et bureaux</span><span class=\"ez-format-square-brackets\">Entrepot et Bureaux</span></span>",
                        "en-US": "<span class=\"ez-output-1\"><span class=\"ez-format-square-brackets\">Entrepot et Bureaux</span></span>",
                        "fr-FR": "<span class=\"ez-output-1\"><span class=\"ez-format-space\">Entrepot et bureaux</span><span class=\"ez-format-square-brackets\">Entrepot et Bureaux</span></span>"
                    },
                    "text": {
                        "it-IT": "Entrepot et bureaux [Entrepot et Bureaux]",
                        "de-DE": "Entrepot et bureaux [Entrepot et Bureaux]",
                        "en-US": "[Entrepot et Bureaux]",
                        "fr-FR": "Entrepot et bureaux [Entrepot et Bureaux]"
                    }
                }
            }
        }
    ],
    "_created": "2020-03-24T16:31:01Z",
    "_published_count": 0,
    "_mask": "oeu__all_fields",
    "_uuid": "412c8960-34af-42a5-9da1-945028e8ff34",
    "_last_modified": "2021-07-22T14:21:43Z",
    "_objecttype": "oeu",
    "_has_children": false,
    "_global_object_id": "189516@8ef36ec7-a3a5-4d62-acd5-1ee839f35aa5",
    "_standard": {
        "1": {
            "html": {
                "de-DE": "<span class=\"ez-output-1\"><span class=\"ez-format-space\">Entrepot et bureaux</span><span class=\"ez-format-square-brackets\">Entrepot et Bureaux</span></span>",
                "en-US": "<span class=\"ez-output-1\"><span class=\"ez-format-square-brackets\">Entrepot et Bureaux</span></span>"
            },
            "text": {
                "de-DE": "Entrepot et bureaux [Entrepot et Bureaux]",
                "en-US": "[Entrepot et Bureaux]"
            }
        }
    },
    "_format": "long",
    "_level": 2,
    "_sort": [
        189516
    ]
}