{
    "_system_object_id": 189514,
    "_tags": [
        {
            "_id": 20,
            "_name": {
                "de-DE": "Correspondance Boesigerliste",
                "en-US": "Correspondance Boesigerliste"
            }
        },
        {
            "_id": 39,
            "_name": {
                "de-DE": "Presumable_Duplicate",
                "en-US": "Presumable_Duplicate"
            }
        },
        {
            "_id": 19,
            "_name": {
                "de-DE": "Select Isler Project",
                "en-US": "Select Isler Project"
            }
        },
        {
            "_id": 54,
            "_name": {
                "de-DE": "Verify Hierarchy",
                "en-US": "Verify Hierarchy"
            }
        },
        {
            "_id": 163,
            "_name": {
                "de-DE": "OK",
                "en-US": "OK"
            }
        },
        {
            "_id": 7,
            "_name": {
                "de-DE": "New",
                "en-US": "New"
            }
        }
    ],
    "_exported_at": "2022-09-09T13:51:36+02:00",
    "oeu": {
        "oeu_isler_subst_surface_value": 40100,
        "oeu_import_missing_term_place": false,
        ":inner": [],
        "_id": 22548,
        "oeu_isler_descr_notes": {
            "de-DE": "von Bösigerliste übernommen und neu angelegt"
        },
        "oeu_archive_exist_construct_place_obsolete": {
            "_mask": "pl_display_short",
            "_tags": [
                {
                    "_id": 23
                },
                {
                    "_id": 143
                },
                {
                    "_id": 148
                },
                {
                    "_id": 176
                }
            ],
            "_path": [
                {
                    "_mask": "pl_display_short",
                    "_objecttype": "pl",
                    "_tags": [
                        {
                            "_id": 136
                        },
                        {
                            "_id": 176
                        }
                    ],
                    "_system_object_id": 95963,
                    "_format": "standard",
                    "_uuid": "6fcb97c3-7e11-4d53-a0ad-9e208766a986",
                    "pl": {
                        "_id": 29843,
                        "_id_parent": null,
                        "_version": 17
                    },
                    "_global_object_id": "95963@8ef36ec7-a3a5-4d62-acd5-1ee839f35aa5",
                    "_standard": {
                        "1": {
                            "html": {
                                "it-IT": "<span class=\"ez-output-1\"><span class=\"ez-format-space\">World</span><span class=\"ez-format-round-parentheses\">Facetten (kontrolliertes Vokabular)</span></span>",
                                "de-DE": "<span class=\"ez-output-1\"><span class=\"ez-format-space\">World</span><span class=\"ez-format-round-parentheses\">Facetten (kontrolliertes Vokabular)</span></span>",
                                "en-US": "<span class=\"ez-output-1\"><span class=\"ez-format-space\">World</span><span class=\"ez-format-round-parentheses\">facets (controlled vocabulary)</span></span>",
                                "fr-FR": "<span class=\"ez-output-1\"><span class=\"ez-format-space\">World</span><span class=\"ez-format-round-parentheses\">Facetten (kontrolliertes Vokabular)</span></span>"
                            },
                            "text": {
                                "it-IT": "World (Facetten (kontrolliertes Vokabular))",
                                "de-DE": "World (Facetten (kontrolliertes Vokabular))",
                                "en-US": "World (facets (controlled vocabulary))",
                                "fr-FR": "World (Facetten (kontrolliertes Vokabular))"
                            }
                        }
                    },
                    "_has_children": true
                },
                {
                    "_mask": "pl_display_short",
                    "_objecttype": "pl",
                    "_tags": [
                        {
                            "_id": 23
                        },
                        {
                            "_id": 136
                        },
                        {
                            "_id": 143
                        },
                        {
                            "_id": 148
                        },
                        {
                            "_id": 176
                        }
                    ],
                    "_system_object_id": 97704,
                    "_format": "standard",
                    "_uuid": "f2419b9d-172f-4ffc-97ea-020272da7988",
                    "pl": {
                        "_id": 31584,
                        "_id_parent": 29843,
                        "_version": 26
                    },
                    "_global_object_id": "97704@8ef36ec7-a3a5-4d62-acd5-1ee839f35aa5",
                    "_standard": {
                        "1": {
                            "html": {
                                "it-IT": "<span class=\"ez-output-1\"><span class=\"ez-format-space\">Europe</span><span class=\"ez-format-round-parentheses\">Kontinent</span></span>",
                                "de-DE": "<span class=\"ez-output-1\"><span class=\"ez-format-space\">Europe</span><span class=\"ez-format-round-parentheses\">Kontinent</span></span>",
                                "en-US": "<span class=\"ez-output-1\"><span class=\"ez-format-space\">Europe</span><span class=\"ez-format-round-parentheses\">continents</span></span>",
                                "fr-FR": "<span class=\"ez-output-1\"><span class=\"ez-format-space\">Europe</span><span class=\"ez-format-round-parentheses\">Kontinent</span></span>"
                            },
                            "text": {
                                "it-IT": "Europe (Kontinent)",
                                "de-DE": "Europe (Kontinent)",
                                "en-US": "Europe (continents)",
                                "fr-FR": "Europe (Kontinent)"
                            }
                        }
                    },
                    "_has_children": true
                },
                {
                    "_mask": "pl_display_short",
                    "_objecttype": "pl",
                    "_tags": [
                        {
                            "_id": 23
                        },
                        {
                            "_id": 136
                        },
                        {
                            "_id": 143
                        },
                        {
                            "_id": 148
                        },
                        {
                            "_id": 176
                        }
                    ],
                    "_system_object_id": 98136,
                    "_format": "standard",
                    "_uuid": "f3e689bc-dcd9-4737-926e-9d80fc028837",
                    "pl": {
                        "_id": 32016,
                        "_id_parent": 31584,
                        "_version": 34
                    },
                    "_global_object_id": "98136@8ef36ec7-a3a5-4d62-acd5-1ee839f35aa5",
                    "_standard": {
                        "1": {
                            "html": {
                                "it-IT": "<span class=\"ez-output-1\"><span class=\"ez-format-space\">&#xD6;sterreich</span><span class=\"ez-format-round-parentheses\">souver&#xE4;ner Staat</span></span>",
                                "de-DE": "<span class=\"ez-output-1\"><span class=\"ez-format-space\">&#xD6;sterreich</span><span class=\"ez-format-round-parentheses\">souver&#xE4;ner Staat</span></span>",
                                "en-US": "<span class=\"ez-output-1\"><span class=\"ez-format-space\">&#xD6;sterreich</span><span class=\"ez-format-round-parentheses\">sovereign state</span></span>",
                                "fr-FR": "<span class=\"ez-output-1\"><span class=\"ez-format-space\">&#xD6;sterreich</span><span class=\"ez-format-round-parentheses\">souver&#xE4;ner Staat</span></span>"
                            },
                            "text": {
                                "it-IT": "Österreich (souveräner Staat)",
                                "de-DE": "Österreich (souveräner Staat)",
                                "en-US": "Österreich (sovereign state)",
                                "fr-FR": "Österreich (souveräner Staat)"
                            }
                        }
                    },
                    "_has_children": true
                },
                {
                    "_mask": "pl_display_short",
                    "_objecttype": "pl",
                    "_tags": [
                        {
                            "_id": 23
                        },
                        {
                            "_id": 143
                        },
                        {
                            "_id": 148
                        },
                        {
                            "_id": 176
                        }
                    ],
                    "_system_object_id": 98270,
                    "_format": "standard",
                    "_uuid": "c5d86e89-9131-45f9-a545-f1e7dd8064a5",
                    "pl": {
                        "_id": 32150,
                        "_id_parent": 32016,
                        "_version": 29
                    },
                    "_global_object_id": "98270@8ef36ec7-a3a5-4d62-acd5-1ee839f35aa5",
                    "_standard": {
                        "1": {
                            "html": {
                                "it-IT": "<span class=\"ez-output-1\"><span class=\"ez-format-space\">Land Salzburg</span><span class=\"ez-format-round-parentheses\">Bundesland in &#xD6;sterreich</span></span>",
                                "de-DE": "<span class=\"ez-output-1\"><span class=\"ez-format-space\">Land Salzburg</span><span class=\"ez-format-round-parentheses\">Bundesland in &#xD6;sterreich</span></span>",
                                "en-US": "<span class=\"ez-output-1\"><span class=\"ez-format-space\">Land Salzburg</span><span class=\"ez-format-round-parentheses\">state of Austria</span></span>",
                                "fr-FR": "<span class=\"ez-output-1\"><span class=\"ez-format-space\">Land Salzburg</span><span class=\"ez-format-round-parentheses\">Bundesland in &#xD6;sterreich</span></span>"
                            },
                            "text": {
                                "it-IT": "Land Salzburg (Bundesland in Österreich)",
                                "de-DE": "Land Salzburg (Bundesland in Österreich)",
                                "en-US": "Land Salzburg (state of Austria)",
                                "fr-FR": "Land Salzburg (Bundesland in Österreich)"
                            }
                        }
                    },
                    "_has_children": true
                },
                {
                    "_mask": "pl_display_short",
                    "_objecttype": "pl",
                    "_tags": [
                        {
                            "_id": 143
                        },
                        {
                            "_id": 148
                        },
                        {
                            "_id": 176
                        }
                    ],
                    "_system_object_id": 717690,
                    "_format": "standard",
                    "_uuid": "55cb57fa-0643-440b-9c84-a40b71393e5d",
                    "pl": {
                        "_id": 113651,
                        "_id_parent": 32150,
                        "_version": 10
                    },
                    "_global_object_id": "717690@8ef36ec7-a3a5-4d62-acd5-1ee839f35aa5",
                    "_standard": {
                        "1": {
                            "html": {
                                "it-IT": "<span class=\"ez-output-1\"><span class=\"ez-format-space\">Bezirk Hallein</span><span class=\"ez-format-round-parentheses\">Bezirk in &#xD6;sterreich</span><span class=\"ez-format-round-parentheses\">Bezirk in &#xD6;sterreich</span></span>",
                                "de-DE": "<span class=\"ez-output-1\"><span class=\"ez-format-space\">Bezirk Hallein</span><span class=\"ez-format-round-parentheses\">Bezirk in &#xD6;sterreich</span><span class=\"ez-format-round-parentheses\">Bezirk in &#xD6;sterreich</span></span>",
                                "en-US": "<span class=\"ez-output-1\"><span class=\"ez-format-space\">Bezirk Hallein</span><span class=\"ez-format-round-parentheses\">district of Austria</span><span class=\"ez-format-round-parentheses\">Bezirk in &#xD6;sterreich</span></span>",
                                "fr-FR": "<span class=\"ez-output-1\"><span class=\"ez-format-space\">Bezirk Hallein</span><span class=\"ez-format-round-parentheses\">Bezirk in &#xD6;sterreich</span><span class=\"ez-format-round-parentheses\">Bezirk in &#xD6;sterreich</span></span>"
                            },
                            "text": {
                                "it-IT": "Bezirk Hallein (Bezirk in Österreich) (Bezirk in Österreich)",
                                "de-DE": "Bezirk Hallein (Bezirk in Österreich) (Bezirk in Österreich)",
                                "en-US": "Bezirk Hallein (district of Austria) (Bezirk in Österreich)",
                                "fr-FR": "Bezirk Hallein (Bezirk in Österreich) (Bezirk in Österreich)"
                            }
                        }
                    },
                    "_has_children": true
                },
                {
                    "_mask": "pl_display_short",
                    "_objecttype": "pl",
                    "_tags": [
                        {
                            "_id": 23
                        },
                        {
                            "_id": 143
                        },
                        {
                            "_id": 148
                        },
                        {
                            "_id": 176
                        }
                    ],
                    "_system_object_id": 98277,
                    "_format": "standard",
                    "_uuid": "0aa7627c-ca28-4482-ba49-943e0fede6e5",
                    "pl": {
                        "_id": 32157,
                        "_id_parent": 113651,
                        "_version": 29
                    },
                    "_global_object_id": "98277@8ef36ec7-a3a5-4d62-acd5-1ee839f35aa5",
                    "_standard": {
                        "1": {
                            "html": {
                                "it-IT": "<span class=\"ez-output-1\"><span class=\"ez-format-space\">Hallein</span><span class=\"ez-format-round-parentheses\">Gemeinde in &#xD6;sterreich</span></span>",
                                "de-DE": "<span class=\"ez-output-1\"><span class=\"ez-format-space\">Hallein</span><span class=\"ez-format-round-parentheses\">Gemeinde in &#xD6;sterreich</span></span>",
                                "en-US": "<span class=\"ez-output-1\"><span class=\"ez-format-space\">Hallein</span><span class=\"ez-format-round-parentheses\">municipality of Austria</span></span>",
                                "fr-FR": "<span class=\"ez-output-1\"><span class=\"ez-format-space\">Hallein</span><span class=\"ez-format-round-parentheses\">Gemeinde in &#xD6;sterreich</span></span>"
                            },
                            "text": {
                                "it-IT": "Hallein (Gemeinde in Österreich)",
                                "de-DE": "Hallein (Gemeinde in Österreich)",
                                "en-US": "Hallein (municipality of Austria)",
                                "fr-FR": "Hallein (Gemeinde in Österreich)"
                            }
                        }
                    },
                    "_has_children": false
                }
            ],
            "_sort": {
                "it-IT": "Hallein (Gemeinde in Österreich)                               World (Facetten (kontrolliertes Vokabular)) {29843} Europe (Kontinent) {31584} Österreich (souveräner Staat) {32016} Land Salzburg (Bundesland in Österreich) {32150} Bezirk Hallein (Bezirk in Österreich) (Bezirk in Österreich) {113651} Hallein (Gemeinde in Österreich) {32157} ",
                "de-DE": "Hallein (Gemeinde in Österreich)                               World (Facetten (kontrolliertes Vokabular)) {29843} Europe (Kontinent) {31584} Österreich (souveräner Staat) {32016} Land Salzburg (Bundesland in Österreich) {32150} Bezirk Hallein (Bezirk in Österreich) (Bezirk in Österreich) {113651} Hallein (Gemeinde in Österreich) {32157} ",
                "en-US": "Hallein (municipality of Austria)                               World (facets (controlled vocabulary)) {29843} Europe (continents) {31584} Österreich (sovereign state) {32016} Land Salzburg (state of Austria) {32150} Bezirk Hallein (district of Austria) (Bezirk in Österreich) {113651} Hallein (municipality of Austria) {32157} ",
                "fr-FR": "Hallein (Gemeinde in Österreich)                               World (Facetten (kontrolliertes Vokabular)) {29843} Europe (Kontinent) {31584} Österreich (souveräner Staat) {32016} Land Salzburg (Bundesland in Österreich) {32150} Bezirk Hallein (Bezirk in Österreich) (Bezirk in Österreich) {113651} Hallein (Gemeinde in Österreich) {32157} "
            },
            "pl": {
                "_pool": {
                    "pool": {
                        "name": {
                            "de-DE": "601-Import by Nations",
                            "en-US": "601-Import by Nations"
                        },
                        "_id": 105,
                        "_id_parent": 67
                    },
                    "_level": 5,
                    "_path": [
                        {
                            "pool": {
                                "name": {
                                    "de-DE": "Alle Pools",
                                    "en-US": "All pools"
                                },
                                "_id": 1
                            },
                            "_basetype": "pool"
                        },
                        {
                            "pool": {
                                "name": {
                                    "de-DE": "Reference Data",
                                    "en-US": "Reference Data"
                                },
                                "_id": 3,
                                "_id_parent": 1
                            },
                            "_basetype": "pool"
                        },
                        {
                            "pool": {
                                "name": {
                                    "de-DE": "Places",
                                    "en-US": "Places"
                                },
                                "_id": 63,
                                "_id_parent": 3
                            },
                            "_basetype": "pool"
                        },
                        {
                            "pool": {
                                "name": {
                                    "de-DE": "WikiData",
                                    "en-US": "WikiData"
                                },
                                "_id": 67,
                                "_id_parent": 63
                            },
                            "_basetype": "pool"
                        },
                        {
                            "pool": {
                                "name": {
                                    "de-DE": "601-Import by Nations",
                                    "en-US": "601-Import by Nations"
                                },
                                "_id": 105,
                                "_id_parent": 67
                            },
                            "_basetype": "pool"
                        }
                    ],
                    "_basetype": "pool"
                },
                "_id": 32157,
                "_id_parent": 113651,
                "_version": 29
            },
            "_global_object_id": "98277@8ef36ec7-a3a5-4d62-acd5-1ee839f35aa5",
            "_standard": {
                "1": {
                    "html": {
                        "it-IT": "<span class=\"ez-output-1\"><span class=\"ez-format-space\">Hallein</span><span class=\"ez-format-round-parentheses\">Gemeinde in &#xD6;sterreich</span></span>",
                        "de-DE": "<span class=\"ez-output-1\"><span class=\"ez-format-space\">Hallein</span><span class=\"ez-format-round-parentheses\">Gemeinde in &#xD6;sterreich</span></span>",
                        "en-US": "<span class=\"ez-output-1\"><span class=\"ez-format-space\">Hallein</span><span class=\"ez-format-round-parentheses\">municipality of Austria</span></span>",
                        "fr-FR": "<span class=\"ez-output-1\"><span class=\"ez-format-space\">Hallein</span><span class=\"ez-format-round-parentheses\">Gemeinde in &#xD6;sterreich</span></span>"
                    },
                    "text": {
                        "it-IT": "Hallein (Gemeinde in Österreich)",
                        "de-DE": "Hallein (Gemeinde in Österreich)",
                        "en-US": "Hallein (municipality of Austria)",
                        "fr-FR": "Hallein (Gemeinde in Österreich)"
                    }
                }
            },
            "_uuid": "0aa7627c-ca28-4482-ba49-943e0fede6e5",
            "_level": 6,
            "_has_children": false,
            "_system_object_id": 98277,
            "_format": "standard",
            "_objecttype": "pl"
        },
        "_nested:oeu__oeu_archive_ar_creation": [
            {
                "oeu_archive_ar_creation_actor": {
                    "_mask": "act__shortest",
                    "act": {
                        "_pool": {
                            "pool": {
                                "name": {
                                    "de-DE": "Dataset B",
                                    "en-US": "Dataset B"
                                },
                                "_id": 32,
                                "_id_parent": 4
                            },
                            "_level": 4,
                            "_path": [
                                {
                                    "pool": {
                                        "name": {
                                            "de-DE": "Alle Pools",
                                            "en-US": "All pools"
                                        },
                                        "_id": 1
                                    },
                                    "_basetype": "pool"
                                },
                                {
                                    "pool": {
                                        "name": {
                                            "de-DE": "Reference Data",
                                            "en-US": "Reference Data"
                                        },
                                        "_id": 3,
                                        "_id_parent": 1
                                    },
                                    "_basetype": "pool"
                                },
                                {
                                    "pool": {
                                        "name": {
                                            "de-DE": "gta Digital",
                                            "en-US": "gta Digital"
                                        },
                                        "_id": 4,
                                        "_id_parent": 3
                                    },
                                    "_basetype": "pool"
                                },
                                {
                                    "pool": {
                                        "name": {
                                            "de-DE": "Dataset B",
                                            "en-US": "Dataset B"
                                        },
                                        "_id": 32,
                                        "_id_parent": 4
                                    },
                                    "_basetype": "pool"
                                }
                            ],
                            "_basetype": "pool"
                        },
                        "_id": 28184,
                        "_id_parent": null,
                        "_version": 28
                    },
                    "_tags": [
                        {
                            "_id": 31
                        },
                        {
                            "_id": 77
                        },
                        {
                            "_id": 88
                        },
                        {
                            "_id": 176
                        }
                    ],
                    "_path": [
                        {
                            "_system_object_id": 54908,
                            "act": {
                                "_id": 28184,
                                "_id_parent": null,
                                "_version": 28
                            },
                            "_tags": [
                                {
                                    "_id": 31
                                },
                                {
                                    "_id": 77
                                },
                                {
                                    "_id": 88
                                },
                                {
                                    "_id": 176
                                }
                            ],
                            "_mask": "act__shortest",
                            "_format": "standard",
                            "_objecttype": "act",
                            "_uuid": "40c02a93-9a52-482a-9175-9b1a1eb7cbfd",
                            "_has_children": false,
                            "_standard": {
                                "1": {
                                    "html": {
                                        "it-IT": "<span class=\"ez-output-1\"><span class=\"ez-format-space\">Isler, Heinz</span><span class=\"ez-format-square-brackets\">Isler, Heinz</span><span class=\"ez-format-round-parentheses\">Schweizer Ingenieur, geboren 1926</span><span class=\"ez-format-round-parentheses\">Swiss engineer, born 1926</span></span>",
                                        "de-DE": "<span class=\"ez-output-1\"><span class=\"ez-format-space\">Isler, Heinz</span><span class=\"ez-format-round-parentheses\">Schweizer Bauingenieur, 1926-2009</span><span class=\"ez-format-square-brackets\">Isler, Heinz</span><span class=\"ez-format-round-parentheses\">Schweizer Ingenieur, geboren 1926</span><span class=\"ez-format-round-parentheses\">Swiss engineer, born 1926</span></span>",
                                        "en-US": "<span class=\"ez-output-1\"><span class=\"ez-format-space\">Isler, Heinz</span><span class=\"ez-format-square-brackets\">Isler, Heinz</span><span class=\"ez-format-round-parentheses\">Schweizer Ingenieur, geboren 1926</span><span class=\"ez-format-round-parentheses\">Swiss engineer, born 1926</span></span>",
                                        "fr-FR": "<span class=\"ez-output-1\"><span class=\"ez-format-space\">Isler, Heinz</span><span class=\"ez-format-square-brackets\">Isler, Heinz</span><span class=\"ez-format-round-parentheses\">Schweizer Ingenieur, geboren 1926</span><span class=\"ez-format-round-parentheses\">Swiss engineer, born 1926</span></span>"
                                    },
                                    "text": {
                                        "it-IT": "Isler, Heinz [Isler, Heinz] (Schweizer Ingenieur, geboren 1926) (Swiss engineer, born 1926)",
                                        "de-DE": "Isler, Heinz (Schweizer Bauingenieur, 1926-2009) [Isler, Heinz] (Schweizer Ingenieur, geboren 1926) (Swiss engineer, born 1926)",
                                        "en-US": "Isler, Heinz [Isler, Heinz] (Schweizer Ingenieur, geboren 1926) (Swiss engineer, born 1926)",
                                        "fr-FR": "Isler, Heinz [Isler, Heinz] (Schweizer Ingenieur, geboren 1926) (Swiss engineer, born 1926)"
                                    }
                                }
                            },
                            "_global_object_id": "54908@8ef36ec7-a3a5-4d62-acd5-1ee839f35aa5"
                        }
                    ],
                    "_sort": {
                        "it-IT": "Isler, Heinz [Isler, Heinz] (Schweizer Ingenieur, geboren 1926) (Swiss engineer, born 1926)Isler, Heinz [Isler, Heinz] (Schweizer Ingenieur, geboren 1926) (Swiss engineer, born 1926) {28184} ",
                        "de-DE": "Isler, Heinz (Schweizer Bauingenieur, 1926-2009) [Isler, Heinz] (Schweizer Ingenieur, geboren 1926) (Swiss engineer, born 1926)Isler, Heinz (Schweizer Bauingenieur, 1926-2009) [Isler, Heinz] (Schweizer Ingenieur, geboren 1926) (Swiss engineer, born 1926) {28184} ",
                        "en-US": "Isler, Heinz [Isler, Heinz] (Schweizer Ingenieur, geboren 1926) (Swiss engineer, born 1926)Isler, Heinz [Isler, Heinz] (Schweizer Ingenieur, geboren 1926) (Swiss engineer, born 1926) {28184} ",
                        "fr-FR": "Isler, Heinz [Isler, Heinz] (Schweizer Ingenieur, geboren 1926) (Swiss engineer, born 1926)Isler, Heinz [Isler, Heinz] (Schweizer Ingenieur, geboren 1926) (Swiss engineer, born 1926) {28184} "
                    },
                    "_global_object_id": "54908@8ef36ec7-a3a5-4d62-acd5-1ee839f35aa5",
                    "_standard": {
                        "1": {
                            "html": {
                                "it-IT": "<span class=\"ez-output-1\"><span class=\"ez-format-space\">Isler, Heinz</span><span class=\"ez-format-square-brackets\">Isler, Heinz</span><span class=\"ez-format-round-parentheses\">Schweizer Ingenieur, geboren 1926</span><span class=\"ez-format-round-parentheses\">Swiss engineer, born 1926</span></span>",
                                "de-DE": "<span class=\"ez-output-1\"><span class=\"ez-format-space\">Isler, Heinz</span><span class=\"ez-format-round-parentheses\">Schweizer Bauingenieur, 1926-2009</span><span class=\"ez-format-square-brackets\">Isler, Heinz</span><span class=\"ez-format-round-parentheses\">Schweizer Ingenieur, geboren 1926</span><span class=\"ez-format-round-parentheses\">Swiss engineer, born 1926</span></span>",
                                "en-US": "<span class=\"ez-output-1\"><span class=\"ez-format-space\">Isler, Heinz</span><span class=\"ez-format-square-brackets\">Isler, Heinz</span><span class=\"ez-format-round-parentheses\">Schweizer Ingenieur, geboren 1926</span><span class=\"ez-format-round-parentheses\">Swiss engineer, born 1926</span></span>",
                                "fr-FR": "<span class=\"ez-output-1\"><span class=\"ez-format-space\">Isler, Heinz</span><span class=\"ez-format-square-brackets\">Isler, Heinz</span><span class=\"ez-format-round-parentheses\">Schweizer Ingenieur, geboren 1926</span><span class=\"ez-format-round-parentheses\">Swiss engineer, born 1926</span></span>"
                            },
                            "text": {
                                "it-IT": "Isler, Heinz [Isler, Heinz] (Schweizer Ingenieur, geboren 1926) (Swiss engineer, born 1926)",
                                "de-DE": "Isler, Heinz (Schweizer Bauingenieur, 1926-2009) [Isler, Heinz] (Schweizer Ingenieur, geboren 1926) (Swiss engineer, born 1926)",
                                "en-US": "Isler, Heinz [Isler, Heinz] (Schweizer Ingenieur, geboren 1926) (Swiss engineer, born 1926)",
                                "fr-FR": "Isler, Heinz [Isler, Heinz] (Schweizer Ingenieur, geboren 1926) (Swiss engineer, born 1926)"
                            }
                        }
                    },
                    "_uuid": "40c02a93-9a52-482a-9175-9b1a1eb7cbfd",
                    "_level": 1,
                    "_has_children": false,
                    "_system_object_id": 54908,
                    "_format": "standard",
                    "_objecttype": "act"
                },
                "oeu_archive_ar_creation_actor_role": {
                    "_mask": "act_role__all_fields",
                    "_tags": [],
                    "_path": [
                        {
                            "_mask": "act_role__all_fields",
                            "_objecttype": "act_role",
                            "_tags": [],
                            "_system_object_id": 639073,
                            "_format": "standard",
                            "_uuid": "d37e37c0-c91b-4ada-a2c0-3698ad72e684",
                            "_has_children": true,
                            "_global_object_id": "639073@8ef36ec7-a3a5-4d62-acd5-1ee839f35aa5",
                            "_standard": {
                                "1": {
                                    "html": {
                                        "it-IT": "<span class=\"ez-output-1\"><span class=\"ez-format-comma\">[Oeuvres/Projects]</span></span>",
                                        "de-DE": "<span class=\"ez-output-1\"><span class=\"ez-format-comma\">[Oeuvres/Projects]</span></span>",
                                        "en-US": "<span class=\"ez-output-1\"><span class=\"ez-format-comma\">[Oeuvres/Projects]</span></span>",
                                        "fr-FR": "<span class=\"ez-output-1\"><span class=\"ez-format-comma\">[Oeuvres/Projects]</span></span>"
                                    },
                                    "text": {
                                        "it-IT": "[Oeuvres/Projects]",
                                        "de-DE": "[Oeuvres/Projects]",
                                        "en-US": "[Oeuvres/Projects]",
                                        "fr-FR": "[Oeuvres/Projects]"
                                    }
                                }
                            },
                            "act_role": {
                                ":inner": [],
                                "_id_parent": null,
                                "_id": 188,
                                ":inner:all": [],
                                "_version": 2
                            }
                        },
                        {
                            "_mask": "act_role__all_fields",
                            "_objecttype": "act_role",
                            "_tags": [],
                            "_system_object_id": 49949,
                            "_format": "standard",
                            "_uuid": "a1e1d619-d742-4f8f-930e-5d08c297bae6",
                            "_has_children": false,
                            "_global_object_id": "49949@8ef36ec7-a3a5-4d62-acd5-1ee839f35aa5",
                            "_standard": {
                                "1": {
                                    "html": {
                                        "it-IT": "<span class=\"ez-output-1\"><span class=\"ez-format-comma\">Ingenieur</span></span>",
                                        "de-DE": "<span class=\"ez-output-1\"><span class=\"ez-format-comma\">Ingenieur</span></span>",
                                        "en-US": "<span class=\"ez-output-1\"><span class=\"ez-format-comma\">Ingenieur</span></span>",
                                        "fr-FR": "<span class=\"ez-output-1\"><span class=\"ez-format-comma\">Ingenieur</span></span>"
                                    },
                                    "text": {
                                        "it-IT": "Ingenieur",
                                        "de-DE": "Ingenieur",
                                        "en-US": "Ingenieur",
                                        "fr-FR": "Ingenieur"
                                    }
                                }
                            },
                            "act_role": {
                                ":inner": [],
                                "_id_parent": 188,
                                "_id": 84,
                                ":inner:all": [],
                                "_version": 2
                            }
                        }
                    ],
                    "_sort": {
                        "it-IT": "Ingenieur                                                       [Oeuvres/Projects] {188} Ingenieur {84} ",
                        "de-DE": "Ingenieur                                                       [Oeuvres/Projects] {188} Ingenieur {84} ",
                        "en-US": "Ingenieur                                                       [Oeuvres/Projects] {188} Ingenieur {84} ",
                        "fr-FR": "Ingenieur                                                       [Oeuvres/Projects] {188} Ingenieur {84} "
                    },
                    "_global_object_id": "49949@8ef36ec7-a3a5-4d62-acd5-1ee839f35aa5",
                    "_standard": {
                        "1": {
                            "html": {
                                "it-IT": "<span class=\"ez-output-1\"><span class=\"ez-format-comma\">Ingenieur</span></span>",
                                "de-DE": "<span class=\"ez-output-1\"><span class=\"ez-format-comma\">Ingenieur</span></span>",
                                "en-US": "<span class=\"ez-output-1\"><span class=\"ez-format-comma\">Ingenieur</span></span>",
                                "fr-FR": "<span class=\"ez-output-1\"><span class=\"ez-format-comma\">Ingenieur</span></span>"
                            },
                            "text": {
                                "it-IT": "Ingenieur",
                                "de-DE": "Ingenieur",
                                "en-US": "Ingenieur",
                                "fr-FR": "Ingenieur"
                            }
                        }
                    },
                    "_uuid": "a1e1d619-d742-4f8f-930e-5d08c297bae6",
                    "_level": 2,
                    "_has_children": false,
                    "_system_object_id": 49949,
                    "_format": "standard",
                    "_objecttype": "act_role",
                    "act_role": {
                        ":inner": [],
                        "_id_parent": 188,
                        "_id": 84,
                        ":inner:all": [],
                        "_version": 2
                    }
                },
                "_standard": {}
            }
        ],
        "_id_parent": 22542,
        "_pool": {
            "pool": {
                "name": {
                    "de-DE": "gta Isler",
                    "en-US": "gta Isler"
                },
                "_id": 95,
                "_id_parent": 91
            },
            "_level": 5,
            "_path": [
                {
                    "pool": {
                        "name": {
                            "de-DE": "Alle Pools",
                            "en-US": "All pools"
                        },
                        "_id": 1
                    },
                    "_basetype": "pool"
                },
                {
                    "pool": {
                        "name": {
                            "de-DE": "Reference Data",
                            "en-US": "Reference Data"
                        },
                        "_id": 3,
                        "_id_parent": 1
                    },
                    "_basetype": "pool"
                },
                {
                    "pool": {
                        "name": {
                            "de-DE": "Generic",
                            "en-US": "Generic"
                        },
                        "_id": 90,
                        "_id_parent": 3
                    },
                    "_basetype": "pool"
                },
                {
                    "pool": {
                        "name": {
                            "de-DE": "gta Institute",
                            "en-US": "gta Institute"
                        },
                        "_id": 91,
                        "_id_parent": 90
                    },
                    "_basetype": "pool"
                },
                {
                    "pool": {
                        "name": {
                            "de-DE": "gta Isler",
                            "en-US": "gta Isler"
                        },
                        "_id": 95,
                        "_id_parent": 91
                    },
                    "_basetype": "pool"
                }
            ],
            "_basetype": "pool"
        },
        "_nested:oeu__oeu_archive_doc_source": [
            {
                "oeu_archive_doc_source_item": {
                    "_mask": "generic_source__all_fields",
                    "generic_source_new": {
                        "_id_parent": null,
                        "_id": 4,
                        ":inner": [],
                        "_pool": {
                            "pool": {
                                "name": {
                                    "de-DE": "gta Isler",
                                    "en-US": "gta Isler"
                                },
                                "_id": 34,
                                "_id_parent": 3
                            },
                            "_level": 3,
                            "_path": [
                                {
                                    "pool": {
                                        "name": {
                                            "de-DE": "Alle Pools",
                                            "en-US": "All pools"
                                        },
                                        "_id": 1
                                    },
                                    "_basetype": "pool"
                                },
                                {
                                    "pool": {
                                        "name": {
                                            "de-DE": "Reference Data",
                                            "en-US": "Reference Data"
                                        },
                                        "_id": 3,
                                        "_id_parent": 1
                                    },
                                    "_basetype": "pool"
                                },
                                {
                                    "pool": {
                                        "name": {
                                            "de-DE": "gta Isler",
                                            "en-US": "gta Isler"
                                        },
                                        "_id": 34,
                                        "_id_parent": 3
                                    },
                                    "_basetype": "pool"
                                }
                            ],
                            "_basetype": "pool"
                        },
                        ":inner:all": [],
                        "_version": 6
                    },
                    "_system_object_id": 149856,
                    "_tags": [
                        {
                            "_id": 7
                        }
                    ],
                    "_path": [
                        {
                            "_mask": "generic_source__all_fields",
                            "_system_object_id": 149856,
                            "generic_source_new": {
                                ":inner": [],
                                "_id_parent": null,
                                "_id": 4,
                                ":inner:all": [],
                                "_version": 6
                            },
                            "_tags": [
                                {
                                    "_id": 7
                                }
                            ],
                            "_format": "standard",
                            "_objecttype": "generic_source_new",
                            "_uuid": "2ad3dd81-baa2-4366-abfa-66f84d62d8fa",
                            "_has_children": false,
                            "_global_object_id": "149856@8ef36ec7-a3a5-4d62-acd5-1ee839f35aa5",
                            "_standard": {
                                "1": {
                                    "html": {
                                        "it-IT": "<span class=\"ez-output-1\"><span class=\"ez-format-square-brackets\">B&#xF6;esigerliste A2</span></span>",
                                        "de-DE": "<span class=\"ez-output-1\"><span class=\"ez-format-space\">B&#xF6;esigerliste A2</span><span class=\"ez-format-square-brackets\">B&#xF6;esigerliste A2</span></span>",
                                        "en-US": "<span class=\"ez-output-1\"><span class=\"ez-format-space\">B&#xF6;esigerliste A2</span><span class=\"ez-format-square-brackets\">B&#xF6;esigerliste A2</span></span>",
                                        "fr-FR": "<span class=\"ez-output-1\"><span class=\"ez-format-square-brackets\">B&#xF6;esigerliste A2</span></span>"
                                    },
                                    "text": {
                                        "it-IT": "[Böesigerliste A2]",
                                        "de-DE": "Böesigerliste A2 [Böesigerliste A2]",
                                        "en-US": "Böesigerliste A2 [Böesigerliste A2]",
                                        "fr-FR": "[Böesigerliste A2]"
                                    }
                                },
                                "eas": {
                                    "1": [
                                        {
                                            "status": "done",
                                            "class_extension": "office.pdf",
                                            "technical_metadata": {
                                                "file_sha224_checksum": "bf2a16486d2f670b5673942156f262dd216edf038cbc5fe20020f0e2",
                                                "pages": 10
                                            },
                                            "date_inserted": "2020-04-08T21:47:51Z",
                                            "filesize": 3255486,
                                            "eas_parent_id": null,
                                            "date_uploaded": "2020-02-24T14:22:29Z",
                                            "class_version_status": [
                                                "office.small.done",
                                                "office.preview.done",
                                                "office.original.done"
                                            ],
                                            "original_filename_basename": "Boesiger-A2-Industrieschalen-Ausland",
                                            "extension": "pdf",
                                            "original_filepath": "Boesiger-A2-Industrieschalen-Ausland.pdf",
                                            "class": "office",
                                            "original_filename": "Boesiger-A2-Industrieschalen-Ausland.pdf",
                                            "class_version_extension": [
                                                "office.small.jpg",
                                                "office.preview.png",
                                                "office.original.pdf"
                                            ],
                                            "versions": {
                                                "small": {
                                                    "filesize": 7817,
                                                    "height": 355,
                                                    "has_more_jobs": false,
                                                    "class": "image",
                                                    "width": 250,
                                                    "url": "https://collections.gta.arch.ethz.ch/eas/partitions-inline/2/0/22000/22851/a5b7da947a38661bb581101972b7b8dbe78399df/image/jpeg",
                                                    "status": "done",
                                                    "extension": "jpg",
                                                    "aspect_ratio": 0.70399999618530273,
                                                    "dpi": 1,
                                                    "download_url": "https://collections.gta.arch.ethz.ch/eas/partitions/2/0/22000/22851/a5b7da947a38661bb581101972b7b8dbe78399df/image/jpeg/Boesiger-A2-Industrieschalen-Ausland-small.jpg",
                                                    "_download_allowed": false
                                                }
                                            },
                                            "_id": 22851,
                                            "preferred": true,
                                            "pages_allowed": false
                                        }
                                    ]
                                },
                                "3": {
                                    "html": {
                                        "de-DE": "<span class=\"ez-format-square-brackets\">#150226</span>"
                                    },
                                    "text": {
                                        "de-DE": "[#150226]"
                                    }
                                }
                            }
                        }
                    ],
                    "_uuid": "2ad3dd81-baa2-4366-abfa-66f84d62d8fa",
                    "_sort": {
                        "it-IT": "[Böesigerliste A2]                                             [Böesigerliste A2] {4} ",
                        "de-DE": "Böesigerliste A2 [Böesigerliste A2]                           Böesigerliste A2 [Böesigerliste A2] {4} ",
                        "en-US": "Böesigerliste A2 [Böesigerliste A2]                           Böesigerliste A2 [Böesigerliste A2] {4} ",
                        "fr-FR": "[Böesigerliste A2]                                             [Böesigerliste A2] {4} "
                    },
                    "_global_object_id": "149856@8ef36ec7-a3a5-4d62-acd5-1ee839f35aa5",
                    "_standard": {
                        "1": {
                            "html": {
                                "it-IT": "<span class=\"ez-output-1\"><span class=\"ez-format-square-brackets\">B&#xF6;esigerliste A2</span></span>",
                                "de-DE": "<span class=\"ez-output-1\"><span class=\"ez-format-space\">B&#xF6;esigerliste A2</span><span class=\"ez-format-square-brackets\">B&#xF6;esigerliste A2</span></span>",
                                "en-US": "<span class=\"ez-output-1\"><span class=\"ez-format-space\">B&#xF6;esigerliste A2</span><span class=\"ez-format-square-brackets\">B&#xF6;esigerliste A2</span></span>",
                                "fr-FR": "<span class=\"ez-output-1\"><span class=\"ez-format-square-brackets\">B&#xF6;esigerliste A2</span></span>"
                            },
                            "text": {
                                "it-IT": "[Böesigerliste A2]",
                                "de-DE": "Böesigerliste A2 [Böesigerliste A2]",
                                "en-US": "Böesigerliste A2 [Böesigerliste A2]",
                                "fr-FR": "[Böesigerliste A2]"
                            }
                        },
                        "eas": {
                            "1": [
                                {
                                    "status": "done",
                                    "class_extension": "office.pdf",
                                    "technical_metadata": {
                                        "file_sha224_checksum": "bf2a16486d2f670b5673942156f262dd216edf038cbc5fe20020f0e2",
                                        "pages": 10
                                    },
                                    "date_inserted": "2020-04-08T21:47:51Z",
                                    "filesize": 3255486,
                                    "eas_parent_id": null,
                                    "date_uploaded": "2020-02-24T14:22:29Z",
                                    "class_version_status": [
                                        "office.small.done",
                                        "office.preview.done",
                                        "office.original.done"
                                    ],
                                    "original_filename_basename": "Boesiger-A2-Industrieschalen-Ausland",
                                    "extension": "pdf",
                                    "original_filepath": "Boesiger-A2-Industrieschalen-Ausland.pdf",
                                    "class": "office",
                                    "original_filename": "Boesiger-A2-Industrieschalen-Ausland.pdf",
                                    "class_version_extension": [
                                        "office.small.jpg",
                                        "office.preview.png",
                                        "office.original.pdf"
                                    ],
                                    "versions": {
                                        "small": {
                                            "filesize": 7817,
                                            "height": 355,
                                            "has_more_jobs": false,
                                            "class": "image",
                                            "width": 250,
                                            "url": "https://collections.gta.arch.ethz.ch/eas/partitions-inline/2/0/22000/22851/a5b7da947a38661bb581101972b7b8dbe78399df/image/jpeg",
                                            "status": "done",
                                            "extension": "jpg",
                                            "aspect_ratio": 0.70399999618530273,
                                            "dpi": 1,
                                            "download_url": "https://collections.gta.arch.ethz.ch/eas/partitions/2/0/22000/22851/a5b7da947a38661bb581101972b7b8dbe78399df/image/jpeg/Boesiger-A2-Industrieschalen-Ausland-small.jpg",
                                            "_download_allowed": false
                                        }
                                    },
                                    "_id": 22851,
                                    "preferred": true,
                                    "pages_allowed": false
                                }
                            ]
                        },
                        "3": {
                            "html": {
                                "de-DE": "<span class=\"ez-format-square-brackets\">#150226</span>"
                            },
                            "text": {
                                "de-DE": "[#150226]"
                            }
                        }
                    },
                    "_level": 1,
                    "_has_children": false,
                    "_format": "standard",
                    "_objecttype": "generic_source_new"
                },
                "oeu_archive_doc_source_page": "3",
                "_standard": {}
            }
        ],
        "oeu_isler_name": {
            "de-DE": "Grundtner Grossschlosserei",
            "en-US": "Grundtner Wholesale Locksmith's Shop"
        },
        "oeu_archive_exist_destruct_timespan": {
            "_middle": "1969-07-02T11:59:59Z",
            "_from": "1969-01-01T00:00:00Z",
            "from": "1969",
            "to": "1969",
            "_to": "1969-12-31T23:59:59Z"
        },
        "oeu_import_missing_term_person": false,
        "oeu_nc_name": {
            "de-DE": "Grundtner Grossschlosserei"
        },
        "oeu_dc_note": "von Bösigerliste übernommen und neu angelegt",
        "oeu_descr_description": {
            "de-DE": "Werkstatthalle"
        },
        "_nested:oeu__oeu_isler_nc_name_alt": [
            {
                "oeu_isler_nc_name_alt_used_by": {
                    "_mask": "act__shortest",
                    "act": {
                        "_pool": {
                            "pool": {
                                "name": {
                                    "de-DE": "Dataset B",
                                    "en-US": "Dataset B"
                                },
                                "_id": 32,
                                "_id_parent": 4
                            },
                            "_level": 4,
                            "_path": [
                                {
                                    "pool": {
                                        "name": {
                                            "de-DE": "Alle Pools",
                                            "en-US": "All pools"
                                        },
                                        "_id": 1
                                    },
                                    "_basetype": "pool"
                                },
                                {
                                    "pool": {
                                        "name": {
                                            "de-DE": "Reference Data",
                                            "en-US": "Reference Data"
                                        },
                                        "_id": 3,
                                        "_id_parent": 1
                                    },
                                    "_basetype": "pool"
                                },
                                {
                                    "pool": {
                                        "name": {
                                            "de-DE": "gta Digital",
                                            "en-US": "gta Digital"
                                        },
                                        "_id": 4,
                                        "_id_parent": 3
                                    },
                                    "_basetype": "pool"
                                },
                                {
                                    "pool": {
                                        "name": {
                                            "de-DE": "Dataset B",
                                            "en-US": "Dataset B"
                                        },
                                        "_id": 32,
                                        "_id_parent": 4
                                    },
                                    "_basetype": "pool"
                                }
                            ],
                            "_basetype": "pool"
                        },
                        "_id": 31614,
                        "_id_parent": 41034,
                        "_version": 26
                    },
                    "_tags": [
                        {
                            "_id": 31
                        },
                        {
                            "_id": 77
                        },
                        {
                            "_id": 88
                        },
                        {
                            "_id": 176
                        }
                    ],
                    "_path": [
                        {
                            "_system_object_id": 656014,
                            "act": {
                                "_id": 41034,
                                "_id_parent": null,
                                "_version": 6
                            },
                            "_tags": [
                                {
                                    "_id": 7
                                },
                                {
                                    "_id": 90
                                }
                            ],
                            "_mask": "act__shortest",
                            "_format": "standard",
                            "_objecttype": "act",
                            "_uuid": "9fdb7128-2a9e-4c7f-a825-a163f3146d7c",
                            "_has_children": true,
                            "_standard": {
                                "1": {
                                    "html": {
                                        "it-IT": "<span class=\"ez-output-1\"><span class=\"ez-format-space\">Boesiger &amp; Indermaur</span></span>",
                                        "de-DE": "<span class=\"ez-output-1\"><span class=\"ez-format-space\">Boesiger &amp; Indermaur</span><span class=\"ez-format-round-parentheses\">Schweizer Galerie, 1941-1943</span></span>",
                                        "en-US": "<span class=\"ez-output-1\"><span class=\"ez-format-space\">Boesiger &amp; Indermaur</span></span>",
                                        "fr-FR": "<span class=\"ez-output-1\"><span class=\"ez-format-space\">Boesiger &amp; Indermaur</span></span>"
                                    },
                                    "text": {
                                        "it-IT": "Boesiger & Indermaur",
                                        "de-DE": "Boesiger & Indermaur (Schweizer Galerie, 1941-1943)",
                                        "en-US": "Boesiger & Indermaur",
                                        "fr-FR": "Boesiger & Indermaur"
                                    }
                                }
                            },
                            "_global_object_id": "656014@8ef36ec7-a3a5-4d62-acd5-1ee839f35aa5"
                        },
                        {
                            "_system_object_id": 58338,
                            "act": {
                                "_id": 31614,
                                "_id_parent": 41034,
                                "_version": 26
                            },
                            "_tags": [
                                {
                                    "_id": 31
                                },
                                {
                                    "_id": 77
                                },
                                {
                                    "_id": 88
                                },
                                {
                                    "_id": 176
                                }
                            ],
                            "_mask": "act__shortest",
                            "_format": "standard",
                            "_objecttype": "act",
                            "_uuid": "8c80578b-83de-4d85-ac9a-46bb433384ff",
                            "_has_children": false,
                            "_standard": {
                                "1": {
                                    "html": {
                                        "it-IT": "<span class=\"ez-output-1\"><span class=\"ez-format-space\">Boesiger, Willy [B&#xF6;siger</span><span class=\"ez-format-square-brackets\">Boesiger, Willy [B&#xF6;siger]</span><span class=\"ez-format-round-parentheses\">Schweizer Architekt, 1904-1990</span><span class=\"ez-format-round-parentheses\">Swiss architect, 1904-1990</span></span>",
                                        "de-DE": "<span class=\"ez-output-1\"><span class=\"ez-format-space\">Boesiger, Willy [B&#xF6;siger</span><span class=\"ez-format-round-parentheses\">Schweizer Architekt, 1904-1990</span><span class=\"ez-format-square-brackets\">Boesiger, Willy [B&#xF6;siger]</span><span class=\"ez-format-round-parentheses\">Schweizer Architekt, 1904-1990</span><span class=\"ez-format-round-parentheses\">Swiss architect, 1904-1990</span></span>",
                                        "en-US": "<span class=\"ez-output-1\"><span class=\"ez-format-space\">Boesiger, Willy [B&#xF6;siger</span><span class=\"ez-format-square-brackets\">Boesiger, Willy [B&#xF6;siger]</span><span class=\"ez-format-round-parentheses\">Schweizer Architekt, 1904-1990</span><span class=\"ez-format-round-parentheses\">Swiss architect, 1904-1990</span></span>",
                                        "fr-FR": "<span class=\"ez-output-1\"><span class=\"ez-format-space\">Boesiger, Willy [B&#xF6;siger</span><span class=\"ez-format-square-brackets\">Boesiger, Willy [B&#xF6;siger]</span><span class=\"ez-format-round-parentheses\">Schweizer Architekt, 1904-1990</span><span class=\"ez-format-round-parentheses\">Swiss architect, 1904-1990</span></span>"
                                    },
                                    "text": {
                                        "it-IT": "Boesiger, Willy [Bösiger [Boesiger, Willy [Bösiger]] (Schweizer Architekt, 1904-1990) (Swiss architect, 1904-1990)",
                                        "de-DE": "Boesiger, Willy [Bösiger (Schweizer Architekt, 1904-1990) [Boesiger, Willy [Bösiger]] (Schweizer Architekt, 1904-1990) (Swiss architect, 1904-1990)",
                                        "en-US": "Boesiger, Willy [Bösiger [Boesiger, Willy [Bösiger]] (Schweizer Architekt, 1904-1990) (Swiss architect, 1904-1990)",
                                        "fr-FR": "Boesiger, Willy [Bösiger [Boesiger, Willy [Bösiger]] (Schweizer Architekt, 1904-1990) (Swiss architect, 1904-1990)"
                                    }
                                }
                            },
                            "_global_object_id": "58338@8ef36ec7-a3a5-4d62-acd5-1ee839f35aa5"
                        }
                    ],
                    "_sort": {
                        "it-IT": "Boesiger, Willy [Bösiger [Boesiger, Willy [Bösiger]] (Schweizer Architekt, 1904-1990) (Swiss architect, 1904-1990)Boesiger & Indermaur {41034} Boesiger, Willy [Bösiger [Boesiger, Willy [Bösiger]] (Schweizer Architekt, 1904-1990) (Swiss architect, 1904-1990) {31614} ",
                        "de-DE": "Boesiger, Willy [Bösiger (Schweizer Architekt, 1904-1990) [Boesiger, Willy [Bösiger]] (Schweizer Architekt, 1904-1990) (Swiss architect, 1904-1990)Boesiger & Indermaur (Schweizer Galerie, 1941-1943) {41034} Boesiger, Willy [Bösiger (Schweizer Architekt, 1904-1990) [Boesiger, Willy [Bösiger]] (Schweizer Architekt, 1904-1990) (Swiss architect, 1904-1990) {31614} ",
                        "en-US": "Boesiger, Willy [Bösiger [Boesiger, Willy [Bösiger]] (Schweizer Architekt, 1904-1990) (Swiss architect, 1904-1990)Boesiger & Indermaur {41034} Boesiger, Willy [Bösiger [Boesiger, Willy [Bösiger]] (Schweizer Architekt, 1904-1990) (Swiss architect, 1904-1990) {31614} ",
                        "fr-FR": "Boesiger, Willy [Bösiger [Boesiger, Willy [Bösiger]] (Schweizer Architekt, 1904-1990) (Swiss architect, 1904-1990)Boesiger & Indermaur {41034} Boesiger, Willy [Bösiger [Boesiger, Willy [Bösiger]] (Schweizer Architekt, 1904-1990) (Swiss architect, 1904-1990) {31614} "
                    },
                    "_global_object_id": "58338@8ef36ec7-a3a5-4d62-acd5-1ee839f35aa5",
                    "_standard": {
                        "1": {
                            "html": {
                                "it-IT": "<span class=\"ez-output-1\"><span class=\"ez-format-space\">Boesiger, Willy [B&#xF6;siger</span><span class=\"ez-format-square-brackets\">Boesiger, Willy [B&#xF6;siger]</span><span class=\"ez-format-round-parentheses\">Schweizer Architekt, 1904-1990</span><span class=\"ez-format-round-parentheses\">Swiss architect, 1904-1990</span></span>",
                                "de-DE": "<span class=\"ez-output-1\"><span class=\"ez-format-space\">Boesiger, Willy [B&#xF6;siger</span><span class=\"ez-format-round-parentheses\">Schweizer Architekt, 1904-1990</span><span class=\"ez-format-square-brackets\">Boesiger, Willy [B&#xF6;siger]</span><span class=\"ez-format-round-parentheses\">Schweizer Architekt, 1904-1990</span><span class=\"ez-format-round-parentheses\">Swiss architect, 1904-1990</span></span>",
                                "en-US": "<span class=\"ez-output-1\"><span class=\"ez-format-space\">Boesiger, Willy [B&#xF6;siger</span><span class=\"ez-format-square-brackets\">Boesiger, Willy [B&#xF6;siger]</span><span class=\"ez-format-round-parentheses\">Schweizer Architekt, 1904-1990</span><span class=\"ez-format-round-parentheses\">Swiss architect, 1904-1990</span></span>",
                                "fr-FR": "<span class=\"ez-output-1\"><span class=\"ez-format-space\">Boesiger, Willy [B&#xF6;siger</span><span class=\"ez-format-square-brackets\">Boesiger, Willy [B&#xF6;siger]</span><span class=\"ez-format-round-parentheses\">Schweizer Architekt, 1904-1990</span><span class=\"ez-format-round-parentheses\">Swiss architect, 1904-1990</span></span>"
                            },
                            "text": {
                                "it-IT": "Boesiger, Willy [Bösiger [Boesiger, Willy [Bösiger]] (Schweizer Architekt, 1904-1990) (Swiss architect, 1904-1990)",
                                "de-DE": "Boesiger, Willy [Bösiger (Schweizer Architekt, 1904-1990) [Boesiger, Willy [Bösiger]] (Schweizer Architekt, 1904-1990) (Swiss architect, 1904-1990)",
                                "en-US": "Boesiger, Willy [Bösiger [Boesiger, Willy [Bösiger]] (Schweizer Architekt, 1904-1990) (Swiss architect, 1904-1990)",
                                "fr-FR": "Boesiger, Willy [Bösiger [Boesiger, Willy [Bösiger]] (Schweizer Architekt, 1904-1990) (Swiss architect, 1904-1990)"
                            }
                        }
                    },
                    "_uuid": "8c80578b-83de-4d85-ac9a-46bb433384ff",
                    "_level": 2,
                    "_has_children": false,
                    "_system_object_id": 58338,
                    "_format": "standard",
                    "_objecttype": "act"
                },
                "oeu_isler_nc_name_alt_literal": "Grundtner Grossschlosserei, Hallein / Salzburg",
                "oeu_isler_nc_name_alt_lang": {
                    "_system_object_id": 111398,
                    "generic_lang": {
                        ":inner": [],
                        "_id_parent": null,
                        "_id": 1,
                        ":inner:all": [],
                        "_version": 2
                    },
                    "_path": [
                        {
                            "generic_lang": {
                                ":inner": [],
                                "_id_parent": null,
                                "_id": 1,
                                ":inner:all": [],
                                "_version": 2
                            },
                            "_mask": "generic_lang__all_fields",
                            "_objecttype": "generic_lang",
                            "_system_object_id": 111398,
                            "_format": "standard",
                            "_uuid": "f7ce12e8-cd7c-47f1-a9f5-be8534826427",
                            "_has_children": true,
                            "_standard": {
                                "1": {
                                    "html": {
                                        "it-IT": "<span class=\"ez-output-1\"><span class=\"ez-format-comma\">de</span></span>",
                                        "de-DE": "<span class=\"ez-output-1\"><span class=\"ez-format-comma\">de</span></span>",
                                        "en-US": "<span class=\"ez-output-1\"><span class=\"ez-format-comma\">de</span></span>",
                                        "fr-FR": "<span class=\"ez-output-1\"><span class=\"ez-format-comma\">de</span></span>"
                                    },
                                    "text": {
                                        "it-IT": "de",
                                        "de-DE": "de",
                                        "en-US": "de",
                                        "fr-FR": "de"
                                    }
                                }
                            },
                            "_global_object_id": "111398@8ef36ec7-a3a5-4d62-acd5-1ee839f35aa5"
                        }
                    ],
                    "_level": 1,
                    "_has_children": true,
                    "_mask": "generic_lang__all_fields",
                    "_format": "standard",
                    "_uuid": "f7ce12e8-cd7c-47f1-a9f5-be8534826427",
                    "_objecttype": "generic_lang",
                    "_sort": {
                        "it-IT": "de                                                              de {1} ",
                        "de-DE": "de                                                              de {1} ",
                        "en-US": "de                                                              de {1} ",
                        "fr-FR": "de                                                              de {1} "
                    },
                    "_global_object_id": "111398@8ef36ec7-a3a5-4d62-acd5-1ee839f35aa5",
                    "_standard": {
                        "1": {
                            "html": {
                                "it-IT": "<span class=\"ez-output-1\"><span class=\"ez-format-comma\">de</span></span>",
                                "de-DE": "<span class=\"ez-output-1\"><span class=\"ez-format-comma\">de</span></span>",
                                "en-US": "<span class=\"ez-output-1\"><span class=\"ez-format-comma\">de</span></span>",
                                "fr-FR": "<span class=\"ez-output-1\"><span class=\"ez-format-comma\">de</span></span>"
                            },
                            "text": {
                                "it-IT": "de",
                                "de-DE": "de",
                                "en-US": "de",
                                "fr-FR": "de"
                            }
                        }
                    }
                },
                "_standard": {}
            }
        ],
        "_version": 14,
        ":inner:all": [],
        "_nested:oeu__oeu_isler_subst_shell": [
            {
                "oeu__isler_subst_shell_nr": 1,
                "oeu_isler_subst_shell_measurement_unit": {
                    "_level": 2,
                    "_has_children": false,
                    "_mask": "generic_dimensions__all_fields",
                    "_system_object_id": 149850,
                    "_uuid": "f2f51d24-b71a-453c-8c6d-1995174334e5",
                    "_format": "standard",
                    "generic_dimensions": {
                        ":inner": [],
                        "_id_parent": 1,
                        "_id": 2,
                        ":inner:all": [],
                        "_version": 1
                    },
                    "_path": [
                        {
                            "_mask": "generic_dimensions__all_fields",
                            "_objecttype": "generic_dimensions",
                            "_system_object_id": 149849,
                            "_uuid": "efd600c9-62a0-48a0-9123-8774369290c1",
                            "_format": "standard",
                            "generic_dimensions": {
                                ":inner": [],
                                "_id_parent": null,
                                "_id": 1,
                                ":inner:all": [],
                                "_version": 3
                            },
                            "_has_children": true,
                            "_standard": {
                                "1": {
                                    "html": {
                                        "it-IT": "<span class=\"ez-output-1\"><span class=\"ez-format-square-brackets\">[metrisch]</span></span>",
                                        "de-DE": "<span class=\"ez-output-1\"><span class=\"ez-format-square-brackets\">[metrisch]</span></span>",
                                        "en-US": "<span class=\"ez-output-1\"><span class=\"ez-format-square-brackets\">[metrisch]</span></span>",
                                        "fr-FR": "<span class=\"ez-output-1\"><span class=\"ez-format-square-brackets\">[metrisch]</span></span>"
                                    },
                                    "text": {
                                        "it-IT": "[[metrisch]]",
                                        "de-DE": "[[metrisch]]",
                                        "en-US": "[[metrisch]]",
                                        "fr-FR": "[[metrisch]]"
                                    }
                                }
                            },
                            "_global_object_id": "149849@8ef36ec7-a3a5-4d62-acd5-1ee839f35aa5"
                        },
                        {
                            "_mask": "generic_dimensions__all_fields",
                            "_objecttype": "generic_dimensions",
                            "_system_object_id": 149850,
                            "_uuid": "f2f51d24-b71a-453c-8c6d-1995174334e5",
                            "_format": "standard",
                            "generic_dimensions": {
                                ":inner": [],
                                "_id_parent": 1,
                                "_id": 2,
                                ":inner:all": [],
                                "_version": 1
                            },
                            "_has_children": false,
                            "_standard": {
                                "1": {
                                    "html": {
                                        "it-IT": "<span class=\"ez-output-1\"><span class=\"ez-format-square-brackets\">m</span></span>",
                                        "de-DE": "<span class=\"ez-output-1\"><span class=\"ez-format-square-brackets\">m</span></span>",
                                        "en-US": "<span class=\"ez-output-1\"><span class=\"ez-format-square-brackets\">m</span></span>",
                                        "fr-FR": "<span class=\"ez-output-1\"><span class=\"ez-format-square-brackets\">m</span></span>"
                                    },
                                    "text": {
                                        "it-IT": "[m]",
                                        "de-DE": "[m]",
                                        "en-US": "[m]",
                                        "fr-FR": "[m]"
                                    }
                                }
                            },
                            "_global_object_id": "149850@8ef36ec7-a3a5-4d62-acd5-1ee839f35aa5"
                        }
                    ],
                    "_objecttype": "generic_dimensions",
                    "_sort": {
                        "it-IT": "[m]                                                             [[metrisch]] {1} [m] {2} ",
                        "de-DE": "[m]                                                             [[metrisch]] {1} [m] {2} ",
                        "en-US": "[m]                                                             [[metrisch]] {1} [m] {2} ",
                        "fr-FR": "[m]                                                             [[metrisch]] {1} [m] {2} "
                    },
                    "_global_object_id": "149850@8ef36ec7-a3a5-4d62-acd5-1ee839f35aa5",
                    "_standard": {
                        "1": {
                            "html": {
                                "it-IT": "<span class=\"ez-output-1\"><span class=\"ez-format-square-brackets\">m</span></span>",
                                "de-DE": "<span class=\"ez-output-1\"><span class=\"ez-format-square-brackets\">m</span></span>",
                                "en-US": "<span class=\"ez-output-1\"><span class=\"ez-format-square-brackets\">m</span></span>",
                                "fr-FR": "<span class=\"ez-output-1\"><span class=\"ez-format-square-brackets\">m</span></span>"
                            },
                            "text": {
                                "it-IT": "[m]",
                                "de-DE": "[m]",
                                "en-US": "[m]",
                                "fr-FR": "[m]"
                            }
                        }
                    }
                },
                "oeu_isler_subst_shell_measurement_value": "20.00 x 20.05",
                "_standard": {}
            }
        ],
        "oeu_isler_subst_surface_unit": {
            "_level": 2,
            "_has_children": false,
            "_mask": "generic_dimensions__all_fields",
            "_system_object_id": 149851,
            "_uuid": "d8f89ff5-1d4f-450c-a0cb-32acd449cc1a",
            "_format": "standard",
            "generic_dimensions": {
                ":inner": [],
                "_id_parent": 1,
                "_id": 3,
                ":inner:all": [],
                "_version": 2
            },
            "_path": [
                {
                    "_mask": "generic_dimensions__all_fields",
                    "_objecttype": "generic_dimensions",
                    "_system_object_id": 149849,
                    "_uuid": "efd600c9-62a0-48a0-9123-8774369290c1",
                    "_format": "standard",
                    "generic_dimensions": {
                        ":inner": [],
                        "_id_parent": null,
                        "_id": 1,
                        ":inner:all": [],
                        "_version": 3
                    },
                    "_has_children": true,
                    "_standard": {
                        "1": {
                            "html": {
                                "it-IT": "<span class=\"ez-output-1\"><span class=\"ez-format-square-brackets\">[metrisch]</span></span>",
                                "de-DE": "<span class=\"ez-output-1\"><span class=\"ez-format-square-brackets\">[metrisch]</span></span>",
                                "en-US": "<span class=\"ez-output-1\"><span class=\"ez-format-square-brackets\">[metrisch]</span></span>",
                                "fr-FR": "<span class=\"ez-output-1\"><span class=\"ez-format-square-brackets\">[metrisch]</span></span>"
                            },
                            "text": {
                                "it-IT": "[[metrisch]]",
                                "de-DE": "[[metrisch]]",
                                "en-US": "[[metrisch]]",
                                "fr-FR": "[[metrisch]]"
                            }
                        }
                    },
                    "_global_object_id": "149849@8ef36ec7-a3a5-4d62-acd5-1ee839f35aa5"
                },
                {
                    "_mask": "generic_dimensions__all_fields",
                    "_objecttype": "generic_dimensions",
                    "_system_object_id": 149851,
                    "_uuid": "d8f89ff5-1d4f-450c-a0cb-32acd449cc1a",
                    "_format": "standard",
                    "generic_dimensions": {
                        ":inner": [],
                        "_id_parent": 1,
                        "_id": 3,
                        ":inner:all": [],
                        "_version": 2
                    },
                    "_has_children": false,
                    "_standard": {
                        "1": {
                            "html": {
                                "it-IT": "<span class=\"ez-output-1\"><span class=\"ez-format-square-brackets\">m2</span></span>",
                                "de-DE": "<span class=\"ez-output-1\"><span class=\"ez-format-square-brackets\">m2</span></span>",
                                "en-US": "<span class=\"ez-output-1\"><span class=\"ez-format-square-brackets\">m2</span></span>",
                                "fr-FR": "<span class=\"ez-output-1\"><span class=\"ez-format-square-brackets\">m2</span></span>"
                            },
                            "text": {
                                "it-IT": "[m2]",
                                "de-DE": "[m2]",
                                "en-US": "[m2]",
                                "fr-FR": "[m2]"
                            }
                        }
                    },
                    "_global_object_id": "149851@8ef36ec7-a3a5-4d62-acd5-1ee839f35aa5"
                }
            ],
            "_objecttype": "generic_dimensions",
            "_sort": {
                "it-IT": "[m2]                                                            [[metrisch]] {1} [m2] {3} ",
                "de-DE": "[m2]                                                            [[metrisch]] {1} [m2] {3} ",
                "en-US": "[m2]                                                            [[metrisch]] {1} [m2] {3} ",
                "fr-FR": "[m2]                                                            [[metrisch]] {1} [m2] {3} "
            },
            "_global_object_id": "149851@8ef36ec7-a3a5-4d62-acd5-1ee839f35aa5",
            "_standard": {
                "1": {
                    "html": {
                        "it-IT": "<span class=\"ez-output-1\"><span class=\"ez-format-square-brackets\">m2</span></span>",
                        "de-DE": "<span class=\"ez-output-1\"><span class=\"ez-format-square-brackets\">m2</span></span>",
                        "en-US": "<span class=\"ez-output-1\"><span class=\"ez-format-square-brackets\">m2</span></span>",
                        "fr-FR": "<span class=\"ez-output-1\"><span class=\"ez-format-square-brackets\">m2</span></span>"
                    },
                    "text": {
                        "it-IT": "[m2]",
                        "de-DE": "[m2]",
                        "en-US": "[m2]",
                        "fr-FR": "[m2]"
                    }
                }
            }
        }
    },
    "_published": [],
    "_path": [
        {
            "_system_object_id": 172528,
            "oeu": {
                ":inner": [],
                "_id_parent": null,
                "_id": 22542,
                ":inner:all": [],
                "_version": 9
            },
            "_mask": "oeu__all_fields",
            "_objecttype": "oeu",
            "_tags": [
                {
                    "_id": 19
                },
                {
                    "_id": 7
                }
            ],
            "_format": "standard",
            "_uuid": "ef905d6d-6da6-4bdb-88fb-62a9ee709b31",
            "_has_children": true,
            "_global_object_id": "172528@8ef36ec7-a3a5-4d62-acd5-1ee839f35aa5",
            "_standard": {
                "1": {
                    "html": {
                        "it-IT": "<span class=\"ez-output-1\"><span class=\"ez-format-space\">[B&#xF6;siger List, remaining Items ]</span></span>",
                        "de-DE": "<span class=\"ez-output-1\"><span class=\"ez-format-space\">[B&#xF6;siger List, remaining Items ]</span></span>",
                        "en-US": "<span class=\"ez-output-1\"><span class=\"ez-format-space\">[B&#xF6;siger List, remaining Items ]</span></span>",
                        "fr-FR": "<span class=\"ez-output-1\"><span class=\"ez-format-space\">[B&#xF6;siger List, remaining Items ]</span></span>"
                    },
                    "text": {
                        "it-IT": "[Bösiger List, remaining Items ]",
                        "de-DE": "[Bösiger List, remaining Items ]",
                        "en-US": "[Bösiger List, remaining Items ]",
                        "fr-FR": "[Bösiger List, remaining Items ]"
                    }
                }
            }
        },
        {
            "_system_object_id": 189514,
            "oeu": {
                ":inner": [],
                "_id_parent": 22542,
                "_id": 22548,
                ":inner:all": [],
                "_version": 14
            },
            "_mask": "oeu__all_fields",
            "_objecttype": "oeu",
            "_tags": [
                {
                    "_id": 20
                },
                {
                    "_id": 39
                },
                {
                    "_id": 19
                },
                {
                    "_id": 54
                },
                {
                    "_id": 163
                },
                {
                    "_id": 7
                }
            ],
            "_format": "standard",
            "_uuid": "769f1c49-61a8-4891-ad0b-c9666787a14b",
            "_has_children": false,
            "_global_object_id": "189514@8ef36ec7-a3a5-4d62-acd5-1ee839f35aa5",
            "_standard": {
                "1": {
                    "html": {
                        "it-IT": "<span class=\"ez-output-1\"><span class=\"ez-format-space\">Grundtner Grossschlosserei</span><span class=\"ez-format-square-brackets\">Grundtner Grossschlosserei</span></span>",
                        "de-DE": "<span class=\"ez-output-1\"><span class=\"ez-format-space\">Grundtner Grossschlosserei</span><span class=\"ez-format-square-brackets\">Grundtner Grossschlosserei</span></span>",
                        "en-US": "<span class=\"ez-output-1\"><span class=\"ez-format-square-brackets\">Grundtner Wholesale Locksmith's Shop</span></span>",
                        "fr-FR": "<span class=\"ez-output-1\"><span class=\"ez-format-space\">Grundtner Grossschlosserei</span><span class=\"ez-format-square-brackets\">Grundtner Grossschlosserei</span></span>"
                    },
                    "text": {
                        "it-IT": "Grundtner Grossschlosserei [Grundtner Grossschlosserei]",
                        "de-DE": "Grundtner Grossschlosserei [Grundtner Grossschlosserei]",
                        "en-US": "[Grundtner Wholesale Locksmith's Shop]",
                        "fr-FR": "Grundtner Grossschlosserei [Grundtner Grossschlosserei]"
                    }
                },
                "2": {
                    "html": {
                        "it-IT": "<span class=\"ez-format-space\">Isler, Heinz [Isler, Heinz] (Schweizer Ingenieur, geboren 1926) (Swiss engineer, born 1926)</span><span class=\"ez-format-brackets\">Ingenieur</span>",
                        "de-DE": "<span class=\"ez-format-space\">Isler, Heinz (Schweizer Bauingenieur, 1926-2009) [Isler, Heinz] (Schweizer Ingenieur, geboren 1926) (Swiss engineer, born 1926)</span><span class=\"ez-format-brackets\">Ingenieur</span>",
                        "en-US": "<span class=\"ez-format-space\">Isler, Heinz [Isler, Heinz] (Schweizer Ingenieur, geboren 1926) (Swiss engineer, born 1926)</span><span class=\"ez-format-brackets\">Ingenieur</span>",
                        "fr-FR": "<span class=\"ez-format-space\">Isler, Heinz [Isler, Heinz] (Schweizer Ingenieur, geboren 1926) (Swiss engineer, born 1926)</span><span class=\"ez-format-brackets\">Ingenieur</span>"
                    },
                    "text": {
                        "it-IT": "Isler, Heinz [Isler, Heinz] (Schweizer Ingenieur, geboren 1926) (Swiss engineer, born 1926) <Ingenieur>",
                        "de-DE": "Isler, Heinz (Schweizer Bauingenieur, 1926-2009) [Isler, Heinz] (Schweizer Ingenieur, geboren 1926) (Swiss engineer, born 1926) <Ingenieur>",
                        "en-US": "Isler, Heinz [Isler, Heinz] (Schweizer Ingenieur, geboren 1926) (Swiss engineer, born 1926) <Ingenieur>",
                        "fr-FR": "Isler, Heinz [Isler, Heinz] (Schweizer Ingenieur, geboren 1926) (Swiss engineer, born 1926) <Ingenieur>"
                    }
                }
            }
        }
    ],
    "_created": "2020-03-24T16:08:39Z",
    "_published_count": 0,
    "_mask": "oeu__all_fields",
    "_uuid": "769f1c49-61a8-4891-ad0b-c9666787a14b",
    "_last_modified": "2021-07-22T09:21:28Z",
    "_objecttype": "oeu",
    "_has_children": false,
    "_global_object_id": "189514@8ef36ec7-a3a5-4d62-acd5-1ee839f35aa5",
    "_standard": {
        "1": {
            "html": {
                "de-DE": "<span class=\"ez-output-1\"><span class=\"ez-format-space\">Grundtner Grossschlosserei</span><span class=\"ez-format-square-brackets\">Grundtner Grossschlosserei</span></span>",
                "en-US": "<span class=\"ez-output-1\"><span class=\"ez-format-square-brackets\">Grundtner Wholesale Locksmith's Shop</span></span>"
            },
            "text": {
                "de-DE": "Grundtner Grossschlosserei [Grundtner Grossschlosserei]",
                "en-US": "[Grundtner Wholesale Locksmith's Shop]"
            }
        },
        "2": {
            "html": {
                "de-DE": "<span class=\"ez-format-space\">Isler, Heinz (Schweizer Bauingenieur, 1926-2009) [Isler, Heinz] (Schweizer Ingenieur, geboren 1926) (Swiss engineer, born 1926)</span><span class=\"ez-format-brackets\">Ingenieur</span>",
                "en-US": "<span class=\"ez-format-space\">Isler, Heinz [Isler, Heinz] (Schweizer Ingenieur, geboren 1926) (Swiss engineer, born 1926)</span><span class=\"ez-format-brackets\">Ingenieur</span>"
            },
            "text": {
                "de-DE": "Isler, Heinz (Schweizer Bauingenieur, 1926-2009) [Isler, Heinz] (Schweizer Ingenieur, geboren 1926) (Swiss engineer, born 1926) <Ingenieur>",
                "en-US": "Isler, Heinz [Isler, Heinz] (Schweizer Ingenieur, geboren 1926) (Swiss engineer, born 1926) <Ingenieur>"
            }
        }
    },
    "_format": "long",
    "_level": 2,
    "_sort": [
        189514
    ]
}