{
    "_system_object_id": 437683,
    "_tags": [
        {
            "_id": 91,
            "_name": {
                "de-DE": "Œuvres",
                "en-US": "Œuvres"
            }
        },
        {
            "_id": 53,
            "_name": {
                "de-DE": "Hierarchy ok!",
                "en-US": "Hierarchy ok!"
            }
        },
        {
            "_id": 19,
            "_name": {
                "de-DE": "Select Isler Project",
                "en-US": "Select Isler Project"
            }
        },
        {
            "_id": 7,
            "_name": {
                "de-DE": "New",
                "en-US": "New"
            }
        }
    ],
    "_exported_at": "2022-09-09T13:51:36+02:00",
    "oeu": {
        "oeu_import_missing_term_place": false,
        ":inner": [],
        "_id": 22593,
        "oeu_descr_legacy_chronology": "Projektierung ab 1962, in Etappen ausgeführt 1965, 1976 und 1983",
        "oeu_nc_name": {
            "de-DE": "Bauunternehmung W. Bösiger AG : Werkgelände Gaswerkstrasse 25"
        },
        "_nested:oeu__oeu_archive_ar_creation": [
            {
                "oeu_archive_ar_creation_actor": {
                    "_mask": "act__shortest",
                    "act": {
                        "_pool": {
                            "pool": {
                                "name": {
                                    "de-DE": "Dataset A",
                                    "en-US": "Dataset A"
                                },
                                "_id": 33,
                                "_id_parent": 4
                            },
                            "_level": 4,
                            "_path": [
                                {
                                    "pool": {
                                        "name": {
                                            "de-DE": "Alle Pools",
                                            "en-US": "All pools"
                                        },
                                        "_id": 1
                                    },
                                    "_basetype": "pool"
                                },
                                {
                                    "pool": {
                                        "name": {
                                            "de-DE": "Reference Data",
                                            "en-US": "Reference Data"
                                        },
                                        "_id": 3,
                                        "_id_parent": 1
                                    },
                                    "_basetype": "pool"
                                },
                                {
                                    "pool": {
                                        "name": {
                                            "de-DE": "gta Digital",
                                            "en-US": "gta Digital"
                                        },
                                        "_id": 4,
                                        "_id_parent": 3
                                    },
                                    "_basetype": "pool"
                                },
                                {
                                    "pool": {
                                        "name": {
                                            "de-DE": "Dataset A",
                                            "en-US": "Dataset A"
                                        },
                                        "_id": 33,
                                        "_id_parent": 4
                                    },
                                    "_basetype": "pool"
                                }
                            ],
                            "_basetype": "pool"
                        },
                        "_id": 22250,
                        "_id_parent": null,
                        "_version": 12
                    },
                    "_tags": [
                        {
                            "_id": 90
                        },
                        {
                            "_id": 176
                        }
                    ],
                    "_path": [
                        {
                            "_system_object_id": 44086,
                            "act": {
                                "_id": 22250,
                                "_id_parent": null,
                                "_version": 12
                            },
                            "_tags": [
                                {
                                    "_id": 90
                                },
                                {
                                    "_id": 176
                                }
                            ],
                            "_mask": "act__shortest",
                            "_format": "standard",
                            "_objecttype": "act",
                            "_uuid": "9d15ebcf-5a9b-4093-9dab-ff95f710b5fd",
                            "_has_children": false,
                            "_standard": {
                                "1": {
                                    "html": {
                                        "it-IT": "<span class=\"ez-output-1\"><span class=\"ez-format-space\">B&#xFC;ro Isler</span><span class=\"ez-format-square-brackets\">B&#xFC;ro Isler</span></span>",
                                        "de-DE": "<span class=\"ez-output-1\"><span class=\"ez-format-space\">B&#xFC;ro Isler</span><span class=\"ez-format-square-brackets\">B&#xFC;ro Isler</span></span>",
                                        "en-US": "<span class=\"ez-output-1\"><span class=\"ez-format-space\">B&#xFC;ro Isler</span><span class=\"ez-format-square-brackets\">B&#xFC;ro Isler</span></span>",
                                        "fr-FR": "<span class=\"ez-output-1\"><span class=\"ez-format-space\">B&#xFC;ro Isler</span><span class=\"ez-format-square-brackets\">B&#xFC;ro Isler</span></span>"
                                    },
                                    "text": {
                                        "it-IT": "Büro Isler [Büro Isler]",
                                        "de-DE": "Büro Isler [Büro Isler]",
                                        "en-US": "Büro Isler [Büro Isler]",
                                        "fr-FR": "Büro Isler [Büro Isler]"
                                    }
                                }
                            },
                            "_global_object_id": "44086@8ef36ec7-a3a5-4d62-acd5-1ee839f35aa5"
                        }
                    ],
                    "_sort": {
                        "it-IT": "Büro Isler [Büro Isler]                                       Büro Isler [Büro Isler] {22250} ",
                        "de-DE": "Büro Isler [Büro Isler]                                       Büro Isler [Büro Isler] {22250} ",
                        "en-US": "Büro Isler [Büro Isler]                                       Büro Isler [Büro Isler] {22250} ",
                        "fr-FR": "Büro Isler [Büro Isler]                                       Büro Isler [Büro Isler] {22250} "
                    },
                    "_global_object_id": "44086@8ef36ec7-a3a5-4d62-acd5-1ee839f35aa5",
                    "_standard": {
                        "1": {
                            "html": {
                                "it-IT": "<span class=\"ez-output-1\"><span class=\"ez-format-space\">B&#xFC;ro Isler</span><span class=\"ez-format-square-brackets\">B&#xFC;ro Isler</span></span>",
                                "de-DE": "<span class=\"ez-output-1\"><span class=\"ez-format-space\">B&#xFC;ro Isler</span><span class=\"ez-format-square-brackets\">B&#xFC;ro Isler</span></span>",
                                "en-US": "<span class=\"ez-output-1\"><span class=\"ez-format-space\">B&#xFC;ro Isler</span><span class=\"ez-format-square-brackets\">B&#xFC;ro Isler</span></span>",
                                "fr-FR": "<span class=\"ez-output-1\"><span class=\"ez-format-space\">B&#xFC;ro Isler</span><span class=\"ez-format-square-brackets\">B&#xFC;ro Isler</span></span>"
                            },
                            "text": {
                                "it-IT": "Büro Isler [Büro Isler]",
                                "de-DE": "Büro Isler [Büro Isler]",
                                "en-US": "Büro Isler [Büro Isler]",
                                "fr-FR": "Büro Isler [Büro Isler]"
                            }
                        }
                    },
                    "_uuid": "9d15ebcf-5a9b-4093-9dab-ff95f710b5fd",
                    "_level": 1,
                    "_has_children": false,
                    "_system_object_id": 44086,
                    "_format": "standard",
                    "_objecttype": "act"
                },
                "oeu_archive_ar_creation_actor_role": {
                    "_mask": "act_role__all_fields",
                    "_tags": [],
                    "_path": [
                        {
                            "_mask": "act_role__all_fields",
                            "_objecttype": "act_role",
                            "_tags": [],
                            "_system_object_id": 639073,
                            "_format": "standard",
                            "_uuid": "d37e37c0-c91b-4ada-a2c0-3698ad72e684",
                            "_has_children": true,
                            "_global_object_id": "639073@8ef36ec7-a3a5-4d62-acd5-1ee839f35aa5",
                            "_standard": {
                                "1": {
                                    "html": {
                                        "it-IT": "<span class=\"ez-output-1\"><span class=\"ez-format-comma\">[Oeuvres/Projects]</span></span>",
                                        "de-DE": "<span class=\"ez-output-1\"><span class=\"ez-format-comma\">[Oeuvres/Projects]</span></span>",
                                        "en-US": "<span class=\"ez-output-1\"><span class=\"ez-format-comma\">[Oeuvres/Projects]</span></span>",
                                        "fr-FR": "<span class=\"ez-output-1\"><span class=\"ez-format-comma\">[Oeuvres/Projects]</span></span>"
                                    },
                                    "text": {
                                        "it-IT": "[Oeuvres/Projects]",
                                        "de-DE": "[Oeuvres/Projects]",
                                        "en-US": "[Oeuvres/Projects]",
                                        "fr-FR": "[Oeuvres/Projects]"
                                    }
                                }
                            },
                            "act_role": {
                                ":inner": [],
                                "_id_parent": null,
                                "_id": 188,
                                ":inner:all": [],
                                "_version": 2
                            }
                        },
                        {
                            "_mask": "act_role__all_fields",
                            "_objecttype": "act_role",
                            "_tags": [],
                            "_system_object_id": 49949,
                            "_format": "standard",
                            "_uuid": "a1e1d619-d742-4f8f-930e-5d08c297bae6",
                            "_has_children": false,
                            "_global_object_id": "49949@8ef36ec7-a3a5-4d62-acd5-1ee839f35aa5",
                            "_standard": {
                                "1": {
                                    "html": {
                                        "it-IT": "<span class=\"ez-output-1\"><span class=\"ez-format-comma\">Ingenieur</span></span>",
                                        "de-DE": "<span class=\"ez-output-1\"><span class=\"ez-format-comma\">Ingenieur</span></span>",
                                        "en-US": "<span class=\"ez-output-1\"><span class=\"ez-format-comma\">Ingenieur</span></span>",
                                        "fr-FR": "<span class=\"ez-output-1\"><span class=\"ez-format-comma\">Ingenieur</span></span>"
                                    },
                                    "text": {
                                        "it-IT": "Ingenieur",
                                        "de-DE": "Ingenieur",
                                        "en-US": "Ingenieur",
                                        "fr-FR": "Ingenieur"
                                    }
                                }
                            },
                            "act_role": {
                                ":inner": [],
                                "_id_parent": 188,
                                "_id": 84,
                                ":inner:all": [],
                                "_version": 2
                            }
                        }
                    ],
                    "_sort": {
                        "it-IT": "Ingenieur                                                       [Oeuvres/Projects] {188} Ingenieur {84} ",
                        "de-DE": "Ingenieur                                                       [Oeuvres/Projects] {188} Ingenieur {84} ",
                        "en-US": "Ingenieur                                                       [Oeuvres/Projects] {188} Ingenieur {84} ",
                        "fr-FR": "Ingenieur                                                       [Oeuvres/Projects] {188} Ingenieur {84} "
                    },
                    "_global_object_id": "49949@8ef36ec7-a3a5-4d62-acd5-1ee839f35aa5",
                    "_standard": {
                        "1": {
                            "html": {
                                "it-IT": "<span class=\"ez-output-1\"><span class=\"ez-format-comma\">Ingenieur</span></span>",
                                "de-DE": "<span class=\"ez-output-1\"><span class=\"ez-format-comma\">Ingenieur</span></span>",
                                "en-US": "<span class=\"ez-output-1\"><span class=\"ez-format-comma\">Ingenieur</span></span>",
                                "fr-FR": "<span class=\"ez-output-1\"><span class=\"ez-format-comma\">Ingenieur</span></span>"
                            },
                            "text": {
                                "it-IT": "Ingenieur",
                                "de-DE": "Ingenieur",
                                "en-US": "Ingenieur",
                                "fr-FR": "Ingenieur"
                            }
                        }
                    },
                    "_uuid": "a1e1d619-d742-4f8f-930e-5d08c297bae6",
                    "_level": 2,
                    "_has_children": false,
                    "_system_object_id": 49949,
                    "_format": "standard",
                    "_objecttype": "act_role",
                    "act_role": {
                        ":inner": [],
                        "_id_parent": 188,
                        "_id": 84,
                        ":inner:all": [],
                        "_version": 2
                    }
                },
                "_standard": {}
            }
        ],
        "oeu_archive_exist_construct_place_obsolete": {
            "_mask": "pl_display_short",
            "_tags": [
                {
                    "_id": 7
                }
            ],
            "_path": [
                {
                    "_mask": "pl_display_short",
                    "_objecttype": "pl",
                    "_tags": [
                        {
                            "_id": 136
                        },
                        {
                            "_id": 176
                        }
                    ],
                    "_system_object_id": 95963,
                    "_format": "standard",
                    "_uuid": "6fcb97c3-7e11-4d53-a0ad-9e208766a986",
                    "pl": {
                        "_id": 29843,
                        "_id_parent": null,
                        "_version": 17
                    },
                    "_global_object_id": "95963@8ef36ec7-a3a5-4d62-acd5-1ee839f35aa5",
                    "_standard": {
                        "1": {
                            "html": {
                                "it-IT": "<span class=\"ez-output-1\"><span class=\"ez-format-space\">World</span><span class=\"ez-format-round-parentheses\">Facetten (kontrolliertes Vokabular)</span></span>",
                                "de-DE": "<span class=\"ez-output-1\"><span class=\"ez-format-space\">World</span><span class=\"ez-format-round-parentheses\">Facetten (kontrolliertes Vokabular)</span></span>",
                                "en-US": "<span class=\"ez-output-1\"><span class=\"ez-format-space\">World</span><span class=\"ez-format-round-parentheses\">facets (controlled vocabulary)</span></span>",
                                "fr-FR": "<span class=\"ez-output-1\"><span class=\"ez-format-space\">World</span><span class=\"ez-format-round-parentheses\">Facetten (kontrolliertes Vokabular)</span></span>"
                            },
                            "text": {
                                "it-IT": "World (Facetten (kontrolliertes Vokabular))",
                                "de-DE": "World (Facetten (kontrolliertes Vokabular))",
                                "en-US": "World (facets (controlled vocabulary))",
                                "fr-FR": "World (Facetten (kontrolliertes Vokabular))"
                            }
                        }
                    },
                    "_has_children": true
                },
                {
                    "_mask": "pl_display_short",
                    "_objecttype": "pl",
                    "_tags": [
                        {
                            "_id": 23
                        },
                        {
                            "_id": 136
                        },
                        {
                            "_id": 143
                        },
                        {
                            "_id": 148
                        },
                        {
                            "_id": 176
                        }
                    ],
                    "_system_object_id": 97704,
                    "_format": "standard",
                    "_uuid": "f2419b9d-172f-4ffc-97ea-020272da7988",
                    "pl": {
                        "_id": 31584,
                        "_id_parent": 29843,
                        "_version": 26
                    },
                    "_global_object_id": "97704@8ef36ec7-a3a5-4d62-acd5-1ee839f35aa5",
                    "_standard": {
                        "1": {
                            "html": {
                                "it-IT": "<span class=\"ez-output-1\"><span class=\"ez-format-space\">Europe</span><span class=\"ez-format-round-parentheses\">Kontinent</span></span>",
                                "de-DE": "<span class=\"ez-output-1\"><span class=\"ez-format-space\">Europe</span><span class=\"ez-format-round-parentheses\">Kontinent</span></span>",
                                "en-US": "<span class=\"ez-output-1\"><span class=\"ez-format-space\">Europe</span><span class=\"ez-format-round-parentheses\">continents</span></span>",
                                "fr-FR": "<span class=\"ez-output-1\"><span class=\"ez-format-space\">Europe</span><span class=\"ez-format-round-parentheses\">Kontinent</span></span>"
                            },
                            "text": {
                                "it-IT": "Europe (Kontinent)",
                                "de-DE": "Europe (Kontinent)",
                                "en-US": "Europe (continents)",
                                "fr-FR": "Europe (Kontinent)"
                            }
                        }
                    },
                    "_has_children": true
                },
                {
                    "_mask": "pl_display_short",
                    "_objecttype": "pl",
                    "_tags": [
                        {
                            "_id": 24
                        },
                        {
                            "_id": 176
                        }
                    ],
                    "_system_object_id": 297859,
                    "_format": "standard",
                    "_uuid": "5d2dcfe8-033d-4e47-b014-cf8db88eacde",
                    "pl": {
                        "_id": 44788,
                        "_id_parent": 31584,
                        "_version": 13
                    },
                    "_global_object_id": "297859@8ef36ec7-a3a5-4d62-acd5-1ee839f35aa5",
                    "_standard": {
                        "1": {
                            "html": {
                                "it-IT": "<span class=\"ez-output-1\"><span class=\"ez-format-space\">Schweiz</span><span class=\"ez-format-round-parentheses\">Land</span></span>",
                                "de-DE": "<span class=\"ez-output-1\"><span class=\"ez-format-space\">Schweiz</span><span class=\"ez-format-round-parentheses\">Land</span></span>",
                                "en-US": "<span class=\"ez-output-1\"><span class=\"ez-format-space\">Schweiz</span><span class=\"ez-format-round-parentheses\">Country</span></span>",
                                "fr-FR": "<span class=\"ez-output-1\"><span class=\"ez-format-space\">Schweiz</span><span class=\"ez-format-round-parentheses\">Land</span></span>"
                            },
                            "text": {
                                "it-IT": "Schweiz (Land)",
                                "de-DE": "Schweiz (Land)",
                                "en-US": "Schweiz (Country)",
                                "fr-FR": "Schweiz (Land)"
                            }
                        }
                    },
                    "_has_children": true
                },
                {
                    "_mask": "pl_display_short",
                    "_objecttype": "pl",
                    "_tags": [
                        {
                            "_id": 24
                        },
                        {
                            "_id": 176
                        }
                    ],
                    "_system_object_id": 299759,
                    "_format": "standard",
                    "_uuid": "902e66aa-8ae1-4ac2-9537-f80b11970cac",
                    "pl": {
                        "_id": 46688,
                        "_id_parent": 44788,
                        "_version": 22
                    },
                    "_global_object_id": "299759@8ef36ec7-a3a5-4d62-acd5-1ee839f35aa5",
                    "_standard": {
                        "1": {
                            "html": {
                                "it-IT": "<span class=\"ez-output-1\"><span class=\"ez-format-space\">Bern</span><span class=\"ez-format-round-parentheses\">Kanton</span></span>",
                                "de-DE": "<span class=\"ez-output-1\"><span class=\"ez-format-space\">Bern</span><span class=\"ez-format-round-parentheses\">Kanton</span></span>",
                                "en-US": "<span class=\"ez-output-1\"><span class=\"ez-format-space\">Bern</span><span class=\"ez-format-round-parentheses\">Canton</span></span>",
                                "fr-FR": "<span class=\"ez-output-1\"><span class=\"ez-format-space\">Bern</span><span class=\"ez-format-round-parentheses\">Kanton</span></span>"
                            },
                            "text": {
                                "it-IT": "Bern (Kanton)",
                                "de-DE": "Bern (Kanton)",
                                "en-US": "Bern (Canton)",
                                "fr-FR": "Bern (Kanton)"
                            }
                        }
                    },
                    "_has_children": true
                },
                {
                    "_mask": "pl_display_short",
                    "_objecttype": "pl",
                    "_tags": [
                        {
                            "_id": 24
                        },
                        {
                            "_id": 176
                        }
                    ],
                    "_system_object_id": 299959,
                    "_format": "standard",
                    "_uuid": "026dfdea-fa3e-44c5-8dbd-8c3d2b4d98db",
                    "pl": {
                        "_id": 46888,
                        "_id_parent": 46688,
                        "_version": 11
                    },
                    "_global_object_id": "299959@8ef36ec7-a3a5-4d62-acd5-1ee839f35aa5",
                    "_standard": {
                        "1": {
                            "html": {
                                "it-IT": "<span class=\"ez-output-1\"><span class=\"ez-format-space\">Oberaargau</span><span class=\"ez-format-round-parentheses\">Bezirk</span></span>",
                                "de-DE": "<span class=\"ez-output-1\"><span class=\"ez-format-space\">Oberaargau</span><span class=\"ez-format-round-parentheses\">Bezirk</span></span>",
                                "en-US": "<span class=\"ez-output-1\"><span class=\"ez-format-space\">Oberaargau</span><span class=\"ez-format-round-parentheses\">District</span></span>",
                                "fr-FR": "<span class=\"ez-output-1\"><span class=\"ez-format-space\">Oberaargau</span><span class=\"ez-format-round-parentheses\">Bezirk</span></span>"
                            },
                            "text": {
                                "it-IT": "Oberaargau (Bezirk)",
                                "de-DE": "Oberaargau (Bezirk)",
                                "en-US": "Oberaargau (District)",
                                "fr-FR": "Oberaargau (Bezirk)"
                            }
                        }
                    },
                    "_has_children": true
                },
                {
                    "_mask": "pl_display_short",
                    "_objecttype": "pl",
                    "_tags": [
                        {
                            "_id": 24
                        },
                        {
                            "_id": 176
                        }
                    ],
                    "_system_object_id": 299974,
                    "_format": "standard",
                    "_uuid": "ea08dbba-6d1e-486d-8c15-7c6a5d23ae84",
                    "pl": {
                        "_id": 46903,
                        "_id_parent": 46888,
                        "_version": 15
                    },
                    "_global_object_id": "299974@8ef36ec7-a3a5-4d62-acd5-1ee839f35aa5",
                    "_standard": {
                        "1": {
                            "html": {
                                "it-IT": "<span class=\"ez-output-1\"><span class=\"ez-format-space\">Langenthal</span><span class=\"ez-format-round-parentheses\">Politische Gemeinde</span></span>",
                                "de-DE": "<span class=\"ez-output-1\"><span class=\"ez-format-space\">Langenthal</span><span class=\"ez-format-round-parentheses\">Politische Gemeinde</span></span>",
                                "en-US": "<span class=\"ez-output-1\"><span class=\"ez-format-space\">Langenthal</span><span class=\"ez-format-round-parentheses\">Municipality</span></span>",
                                "fr-FR": "<span class=\"ez-output-1\"><span class=\"ez-format-space\">Langenthal</span><span class=\"ez-format-round-parentheses\">Politische Gemeinde</span></span>"
                            },
                            "text": {
                                "it-IT": "Langenthal (Politische Gemeinde)",
                                "de-DE": "Langenthal (Politische Gemeinde)",
                                "en-US": "Langenthal (Municipality)",
                                "fr-FR": "Langenthal (Politische Gemeinde)"
                            }
                        }
                    },
                    "_has_children": true
                },
                {
                    "_mask": "pl_display_short",
                    "_objecttype": "pl",
                    "_tags": [
                        {
                            "_id": 7
                        },
                        {
                            "_id": 176
                        }
                    ],
                    "_system_object_id": 651623,
                    "_format": "standard",
                    "_uuid": "99510459-61ec-45ae-92e6-43fbb909254c",
                    "pl": {
                        "_id": 109929,
                        "_id_parent": 46903,
                        "_version": 4
                    },
                    "_global_object_id": "651623@8ef36ec7-a3a5-4d62-acd5-1ee839f35aa5",
                    "_standard": {
                        "1": {
                            "html": {
                                "it-IT": "<span class=\"ez-output-1\"><span class=\"ez-format-space\">Langenthal, Gaswerkstrasse</span><span class=\"ez-format-round-parentheses\">Stra&#xDF;e</span></span>",
                                "de-DE": "<span class=\"ez-output-1\"><span class=\"ez-format-space\">Langenthal, Gaswerkstrasse</span><span class=\"ez-format-round-parentheses\">Stra&#xDF;e</span></span>",
                                "en-US": "<span class=\"ez-output-1\"><span class=\"ez-format-space\">Langenthal, Gaswerkstrasse</span><span class=\"ez-format-round-parentheses\">roads</span></span>",
                                "fr-FR": "<span class=\"ez-output-1\"><span class=\"ez-format-space\">Langenthal, Gaswerkstrasse</span><span class=\"ez-format-round-parentheses\">Stra&#xDF;e</span></span>"
                            },
                            "text": {
                                "it-IT": "Langenthal, Gaswerkstrasse (Straße)",
                                "de-DE": "Langenthal, Gaswerkstrasse (Straße)",
                                "en-US": "Langenthal, Gaswerkstrasse (roads)",
                                "fr-FR": "Langenthal, Gaswerkstrasse (Straße)"
                            }
                        }
                    },
                    "_has_children": true
                },
                {
                    "_mask": "pl_display_short",
                    "_objecttype": "pl",
                    "_tags": [
                        {
                            "_id": 7
                        }
                    ],
                    "_system_object_id": 437681,
                    "_format": "standard",
                    "_uuid": "5beb108f-24b6-46dd-8bef-ddd983d8cbf6",
                    "pl": {
                        "_id": 109491,
                        "_id_parent": 109929,
                        "_version": 7
                    },
                    "_global_object_id": "437681@8ef36ec7-a3a5-4d62-acd5-1ee839f35aa5",
                    "_standard": {
                        "1": {
                            "html": {
                                "it-IT": "<span class=\"ez-output-1\"><span class=\"ez-format-space\">Langenthal, Gaswerkstrasse 25</span><span class=\"ez-format-square-brackets\">Langenthal, Gaswerkstrasse 25</span></span>",
                                "de-DE": "<span class=\"ez-output-1\"><span class=\"ez-format-space\">Langenthal, Gaswerkstrasse 25</span><span class=\"ez-format-square-brackets\">Langenthal, Gaswerkstrasse 25</span></span>",
                                "en-US": "<span class=\"ez-output-1\"><span class=\"ez-format-space\">Langenthal, Gaswerkstrasse 25</span><span class=\"ez-format-square-brackets\">Langenthal, Gaswerkstrasse 25</span></span>",
                                "fr-FR": "<span class=\"ez-output-1\"><span class=\"ez-format-space\">Langenthal, Gaswerkstrasse 25</span><span class=\"ez-format-square-brackets\">Langenthal, Gaswerkstrasse 25</span></span>"
                            },
                            "text": {
                                "it-IT": "Langenthal, Gaswerkstrasse 25 [Langenthal, Gaswerkstrasse 25]",
                                "de-DE": "Langenthal, Gaswerkstrasse 25 [Langenthal, Gaswerkstrasse 25]",
                                "en-US": "Langenthal, Gaswerkstrasse 25 [Langenthal, Gaswerkstrasse 25]",
                                "fr-FR": "Langenthal, Gaswerkstrasse 25 [Langenthal, Gaswerkstrasse 25]"
                            }
                        }
                    },
                    "_has_children": false
                }
            ],
            "_sort": {
                "it-IT": "Langenthal, Gaswerkstrasse 25 [Langenthal, Gaswerkstrasse 25]   World (Facetten (kontrolliertes Vokabular)) {29843} Europe (Kontinent) {31584} Schweiz (Land) {44788} Bern (Kanton) {46688} Oberaargau (Bezirk) {46888} Langenthal (Politische Gemeinde) {46903} Langenthal, Gaswerkstrasse (Straße) {109929} Langenthal, Gaswerkstrasse 25 [Langenthal, Gaswerkstrasse 25] {109491} ",
                "de-DE": "Langenthal, Gaswerkstrasse 25 [Langenthal, Gaswerkstrasse 25]   World (Facetten (kontrolliertes Vokabular)) {29843} Europe (Kontinent) {31584} Schweiz (Land) {44788} Bern (Kanton) {46688} Oberaargau (Bezirk) {46888} Langenthal (Politische Gemeinde) {46903} Langenthal, Gaswerkstrasse (Straße) {109929} Langenthal, Gaswerkstrasse 25 [Langenthal, Gaswerkstrasse 25] {109491} ",
                "en-US": "Langenthal, Gaswerkstrasse 25 [Langenthal, Gaswerkstrasse 25]   World (facets (controlled vocabulary)) {29843} Europe (continents) {31584} Schweiz (Country) {44788} Bern (Canton) {46688} Oberaargau (District) {46888} Langenthal (Municipality) {46903} Langenthal, Gaswerkstrasse (roads) {109929} Langenthal, Gaswerkstrasse 25 [Langenthal, Gaswerkstrasse 25] {109491} ",
                "fr-FR": "Langenthal, Gaswerkstrasse 25 [Langenthal, Gaswerkstrasse 25]   World (Facetten (kontrolliertes Vokabular)) {29843} Europe (Kontinent) {31584} Schweiz (Land) {44788} Bern (Kanton) {46688} Oberaargau (Bezirk) {46888} Langenthal (Politische Gemeinde) {46903} Langenthal, Gaswerkstrasse (Straße) {109929} Langenthal, Gaswerkstrasse 25 [Langenthal, Gaswerkstrasse 25] {109491} "
            },
            "pl": {
                "_pool": {
                    "pool": {
                        "name": {
                            "de-DE": "gta Archive",
                            "en-US": "gta Archive"
                        },
                        "_id": 79,
                        "_id_parent": 78
                    },
                    "_level": 5,
                    "_path": [
                        {
                            "pool": {
                                "name": {
                                    "de-DE": "Alle Pools",
                                    "en-US": "All pools"
                                },
                                "_id": 1
                            },
                            "_basetype": "pool"
                        },
                        {
                            "pool": {
                                "name": {
                                    "de-DE": "Reference Data",
                                    "en-US": "Reference Data"
                                },
                                "_id": 3,
                                "_id_parent": 1
                            },
                            "_basetype": "pool"
                        },
                        {
                            "pool": {
                                "name": {
                                    "de-DE": "Places",
                                    "en-US": "Places"
                                },
                                "_id": 63,
                                "_id_parent": 3
                            },
                            "_basetype": "pool"
                        },
                        {
                            "pool": {
                                "name": {
                                    "de-DE": "gta Institute",
                                    "en-US": "gta Institute"
                                },
                                "_id": 78,
                                "_id_parent": 63
                            },
                            "_basetype": "pool"
                        },
                        {
                            "pool": {
                                "name": {
                                    "de-DE": "gta Archive",
                                    "en-US": "gta Archive"
                                },
                                "_id": 79,
                                "_id_parent": 78
                            },
                            "_basetype": "pool"
                        }
                    ],
                    "_basetype": "pool"
                },
                "_id": 109491,
                "_id_parent": 109929,
                "_version": 7
            },
            "_global_object_id": "437681@8ef36ec7-a3a5-4d62-acd5-1ee839f35aa5",
            "_standard": {
                "1": {
                    "html": {
                        "it-IT": "<span class=\"ez-output-1\"><span class=\"ez-format-space\">Langenthal, Gaswerkstrasse 25</span><span class=\"ez-format-square-brackets\">Langenthal, Gaswerkstrasse 25</span></span>",
                        "de-DE": "<span class=\"ez-output-1\"><span class=\"ez-format-space\">Langenthal, Gaswerkstrasse 25</span><span class=\"ez-format-square-brackets\">Langenthal, Gaswerkstrasse 25</span></span>",
                        "en-US": "<span class=\"ez-output-1\"><span class=\"ez-format-space\">Langenthal, Gaswerkstrasse 25</span><span class=\"ez-format-square-brackets\">Langenthal, Gaswerkstrasse 25</span></span>",
                        "fr-FR": "<span class=\"ez-output-1\"><span class=\"ez-format-space\">Langenthal, Gaswerkstrasse 25</span><span class=\"ez-format-square-brackets\">Langenthal, Gaswerkstrasse 25</span></span>"
                    },
                    "text": {
                        "it-IT": "Langenthal, Gaswerkstrasse 25 [Langenthal, Gaswerkstrasse 25]",
                        "de-DE": "Langenthal, Gaswerkstrasse 25 [Langenthal, Gaswerkstrasse 25]",
                        "en-US": "Langenthal, Gaswerkstrasse 25 [Langenthal, Gaswerkstrasse 25]",
                        "fr-FR": "Langenthal, Gaswerkstrasse 25 [Langenthal, Gaswerkstrasse 25]"
                    }
                }
            },
            "_uuid": "5beb108f-24b6-46dd-8bef-ddd983d8cbf6",
            "_level": 8,
            "_has_children": false,
            "_system_object_id": 437681,
            "_format": "standard",
            "_objecttype": "pl"
        },
        "_id_parent": null,
        "_pool": {
            "pool": {
                "name": {
                    "de-DE": "gta Aarchives",
                    "en-US": "gta Archives"
                },
                "_id": 92,
                "_id_parent": 91
            },
            "_level": 5,
            "_path": [
                {
                    "pool": {
                        "name": {
                            "de-DE": "Alle Pools",
                            "en-US": "All pools"
                        },
                        "_id": 1
                    },
                    "_basetype": "pool"
                },
                {
                    "pool": {
                        "name": {
                            "de-DE": "Reference Data",
                            "en-US": "Reference Data"
                        },
                        "_id": 3,
                        "_id_parent": 1
                    },
                    "_basetype": "pool"
                },
                {
                    "pool": {
                        "name": {
                            "de-DE": "Generic",
                            "en-US": "Generic"
                        },
                        "_id": 90,
                        "_id_parent": 3
                    },
                    "_basetype": "pool"
                },
                {
                    "pool": {
                        "name": {
                            "de-DE": "gta Institute",
                            "en-US": "gta Institute"
                        },
                        "_id": 91,
                        "_id_parent": 90
                    },
                    "_basetype": "pool"
                },
                {
                    "pool": {
                        "name": {
                            "de-DE": "gta Aarchives",
                            "en-US": "gta Archives"
                        },
                        "_id": 92,
                        "_id_parent": 91
                    },
                    "_basetype": "pool"
                }
            ],
            "_basetype": "pool"
        },
        "oeu_archive_exist_construct_timespan": {
            "_middle": "1972-12-31T11:59:59Z",
            "_from": "1962-01-01T00:00:00Z",
            "from": "1962",
            "to": "1983",
            "_to": "1983-12-31T23:59:59Z"
        },
        "oeu_nc_type": {
            "_has_children": false,
            "_level": 1,
            "_system_object_id": 63559,
            "_mask": "oeu_type__all_fields",
            "oeu_nc_type": {
                ":inner": [],
                "_id_parent": null,
                "_id": 1,
                ":inner:all": [],
                "_version": 4
            },
            "_uuid": "a321550f-d644-4ebc-9e41-93bac85aded7",
            "_format": "standard",
            "_path": [
                {
                    "oeu_nc_type": {
                        ":inner": [],
                        "_id_parent": null,
                        "_id": 1,
                        ":inner:all": [],
                        "_version": 4
                    },
                    "_mask": "oeu_type__all_fields",
                    "_objecttype": "oeu_nc_type",
                    "_system_object_id": 63559,
                    "_uuid": "a321550f-d644-4ebc-9e41-93bac85aded7",
                    "_format": "standard",
                    "_has_children": false,
                    "_standard": {
                        "1": {
                            "html": {
                                "it-IT": "<span class=\"ez-output-1\"><span class=\"ez-format-comma\">Oeuvre</span></span>",
                                "de-DE": "<span class=\"ez-output-1\"><span class=\"ez-format-comma\">Oeuvre</span></span>",
                                "en-US": "<span class=\"ez-output-1\"><span class=\"ez-format-comma\">Oeuvre</span></span>",
                                "fr-FR": "<span class=\"ez-output-1\"><span class=\"ez-format-comma\">Oeuvre</span></span>"
                            },
                            "text": {
                                "it-IT": "Oeuvre",
                                "de-DE": "Oeuvre",
                                "en-US": "Oeuvre",
                                "fr-FR": "Oeuvre"
                            }
                        }
                    },
                    "_global_object_id": "63559@8ef36ec7-a3a5-4d62-acd5-1ee839f35aa5"
                }
            ],
            "_objecttype": "oeu_nc_type",
            "_sort": {
                "it-IT": "Oeuvre                                                          Oeuvre {1} ",
                "de-DE": "Oeuvre                                                          Oeuvre {1} ",
                "en-US": "Oeuvre                                                          Oeuvre {1} ",
                "fr-FR": "Oeuvre                                                          Oeuvre {1} "
            },
            "_global_object_id": "63559@8ef36ec7-a3a5-4d62-acd5-1ee839f35aa5",
            "_standard": {
                "1": {
                    "html": {
                        "it-IT": "<span class=\"ez-output-1\"><span class=\"ez-format-comma\">Oeuvre</span></span>",
                        "de-DE": "<span class=\"ez-output-1\"><span class=\"ez-format-comma\">Oeuvre</span></span>",
                        "en-US": "<span class=\"ez-output-1\"><span class=\"ez-format-comma\">Oeuvre</span></span>",
                        "fr-FR": "<span class=\"ez-output-1\"><span class=\"ez-format-comma\">Oeuvre</span></span>"
                    },
                    "text": {
                        "it-IT": "Oeuvre",
                        "de-DE": "Oeuvre",
                        "en-US": "Oeuvre",
                        "fr-FR": "Oeuvre"
                    }
                }
            }
        },
        "oeu_import_missing_term_person": false,
        ":inner:all": [],
        "_version": 9
    },
    "_published": [],
    "_path": [
        {
            "_system_object_id": 437683,
            "oeu": {
                ":inner": [],
                "_id_parent": null,
                "_id": 22593,
                ":inner:all": [],
                "_version": 9
            },
            "_mask": "oeu__all_fields",
            "_objecttype": "oeu",
            "_tags": [
                {
                    "_id": 91
                },
                {
                    "_id": 53
                },
                {
                    "_id": 19
                },
                {
                    "_id": 7
                }
            ],
            "_format": "standard",
            "_uuid": "bb91ef5e-32ab-47fa-a481-a908ad64af0b",
            "_has_children": true,
            "_global_object_id": "437683@8ef36ec7-a3a5-4d62-acd5-1ee839f35aa5",
            "_standard": {
                "1": {
                    "html": {
                        "it-IT": "<span class=\"ez-output-1\"><span class=\"ez-format-space\">Bauunternehmung W. B&#xF6;siger AG : Werkgel&#xE4;nde Gaswerkstrasse 25</span></span>",
                        "de-DE": "<span class=\"ez-output-1\"><span class=\"ez-format-space\">Bauunternehmung W. B&#xF6;siger AG : Werkgel&#xE4;nde Gaswerkstrasse 25</span></span>",
                        "en-US": "<span class=\"ez-output-1\"><span class=\"ez-format-space\">Bauunternehmung W. B&#xF6;siger AG : Werkgel&#xE4;nde Gaswerkstrasse 25</span></span>",
                        "fr-FR": "<span class=\"ez-output-1\"><span class=\"ez-format-space\">Bauunternehmung W. B&#xF6;siger AG : Werkgel&#xE4;nde Gaswerkstrasse 25</span></span>"
                    },
                    "text": {
                        "it-IT": "Bauunternehmung W. Bösiger AG : Werkgelände Gaswerkstrasse 25",
                        "de-DE": "Bauunternehmung W. Bösiger AG : Werkgelände Gaswerkstrasse 25",
                        "en-US": "Bauunternehmung W. Bösiger AG : Werkgelände Gaswerkstrasse 25",
                        "fr-FR": "Bauunternehmung W. Bösiger AG : Werkgelände Gaswerkstrasse 25"
                    }
                },
                "2": {
                    "html": {
                        "it-IT": "<span class=\"ez-format-space\">B&#xFC;ro Isler [B&#xFC;ro Isler]</span><span class=\"ez-format-brackets\">Ingenieur</span>",
                        "de-DE": "<span class=\"ez-format-space\">B&#xFC;ro Isler [B&#xFC;ro Isler]</span><span class=\"ez-format-brackets\">Ingenieur</span>",
                        "en-US": "<span class=\"ez-format-space\">B&#xFC;ro Isler [B&#xFC;ro Isler]</span><span class=\"ez-format-brackets\">Ingenieur</span>",
                        "fr-FR": "<span class=\"ez-format-space\">B&#xFC;ro Isler [B&#xFC;ro Isler]</span><span class=\"ez-format-brackets\">Ingenieur</span>"
                    },
                    "text": {
                        "it-IT": "Büro Isler [Büro Isler] <Ingenieur>",
                        "de-DE": "Büro Isler [Büro Isler] <Ingenieur>",
                        "en-US": "Büro Isler [Büro Isler] <Ingenieur>",
                        "fr-FR": "Büro Isler [Büro Isler] <Ingenieur>"
                    }
                },
                "3": {
                    "html": {
                        "it-IT": "<span class=\"ez-format-space\">1962 - 1983</span>",
                        "de-DE": "<span class=\"ez-format-space\">1962 - 1983</span>",
                        "en-US": "<span class=\"ez-format-space\">1962 - 1983</span>",
                        "fr-FR": "<span class=\"ez-format-space\">1962 - 1983</span>"
                    },
                    "text": {
                        "it-IT": "1962 - 1983",
                        "de-DE": "1962 - 1983",
                        "en-US": "1962 - 1983",
                        "fr-FR": "1962 - 1983"
                    }
                }
            }
        }
    ],
    "_created": "2020-07-09T07:37:35Z",
    "_published_count": 0,
    "_mask": "oeu__all_fields",
    "_uuid": "bb91ef5e-32ab-47fa-a481-a908ad64af0b",
    "_last_modified": "2022-06-26T19:37:44Z",
    "_objecttype": "oeu",
    "_has_children": true,
    "_global_object_id": "437683@8ef36ec7-a3a5-4d62-acd5-1ee839f35aa5",
    "_standard": {
        "1": {
            "html": {
                "de-DE": "<span class=\"ez-output-1\"><span class=\"ez-format-space\">Bauunternehmung W. B&#xF6;siger AG : Werkgel&#xE4;nde Gaswerkstrasse 25</span></span>",
                "en-US": "<span class=\"ez-output-1\"><span class=\"ez-format-space\">Bauunternehmung W. B&#xF6;siger AG : Werkgel&#xE4;nde Gaswerkstrasse 25</span></span>"
            },
            "text": {
                "de-DE": "Bauunternehmung W. Bösiger AG : Werkgelände Gaswerkstrasse 25",
                "en-US": "Bauunternehmung W. Bösiger AG : Werkgelände Gaswerkstrasse 25"
            }
        },
        "2": {
            "html": {
                "de-DE": "<span class=\"ez-format-space\">B&#xFC;ro Isler [B&#xFC;ro Isler]</span><span class=\"ez-format-brackets\">Ingenieur</span>",
                "en-US": "<span class=\"ez-format-space\">B&#xFC;ro Isler [B&#xFC;ro Isler]</span><span class=\"ez-format-brackets\">Ingenieur</span>"
            },
            "text": {
                "de-DE": "Büro Isler [Büro Isler] <Ingenieur>",
                "en-US": "Büro Isler [Büro Isler] <Ingenieur>"
            }
        },
        "3": {
            "html": {
                "de-DE": "<span class=\"ez-format-space\">1962 - 1983</span>",
                "en-US": "<span class=\"ez-format-space\">1962 - 1983</span>"
            },
            "text": {
                "de-DE": "1962 - 1983",
                "en-US": "1962 - 1983"
            }
        }
    },
    "_format": "long",
    "_level": 1,
    "_sort": [
        437683
    ]
}